/*
 Navicat Premium Data Transfer

 Source Server         : localhost
 Source Server Type    : MySQL
 Source Server Version : 50731
 Source Host           : localhost:3306
 Source Schema         : springboot-mini

 Target Server Type    : MySQL
 Target Server Version : 50731
 File Encoding         : 65001

 Date: 27/10/2020 09:55:20
*/

SET NAMES utf8mb4;
SET FOREIGN_KEY_CHECKS = 0;

-- ----------------------------
-- Table structure for banner_info
-- ----------------------------
DROP TABLE IF EXISTS `banner_info`;
CREATE TABLE `banner_info`  (
  `id` int(11) UNSIGNED NOT NULL AUTO_INCREMENT COMMENT 'id',
  `url` varchar(255) CHARACTER SET utf8mb4 COLLATE utf8mb4_general_ci NULL DEFAULT NULL COMMENT '图片地址',
  `type` tinyint(4) NULL DEFAULT 0 COMMENT '类型(0--默认1--指定内容2--指定链接)',
  `content` text CHARACTER SET utf8mb4 COLLATE utf8mb4_general_ci NULL COMMENT '指定内容',
  `link` varchar(255) CHARACTER SET utf8mb4 COLLATE utf8mb4_general_ci NULL DEFAULT NULL COMMENT '指定链接',
  `del_flag` tinyint(4) NULL DEFAULT 0 COMMENT '删除状态（0--未删除1--已删除）',
  `create_user` int(11) NULL DEFAULT 0 COMMENT '创建者',
  `create_time` datetime(0) NULL DEFAULT CURRENT_TIMESTAMP(0) COMMENT '创建时间',
  `update_user` int(11) NULL DEFAULT 0 COMMENT '更新人',
  `update_time` datetime(0) NULL DEFAULT CURRENT_TIMESTAMP(0) ON UPDATE CURRENT_TIMESTAMP(0) COMMENT '更新时间',
  PRIMARY KEY (`id`) USING BTREE
) ENGINE = InnoDB AUTO_INCREMENT = 5 CHARACTER SET = utf8mb4 COLLATE = utf8mb4_general_ci ROW_FORMAT = Compact;

-- ----------------------------
-- Records of banner_info
-- ----------------------------
INSERT INTO `banner_info` VALUES (1, 'http://47.107.233.154:9000/sbm/banner_info/20200928/283f148e-3462-4070-9376-662b06f744e8.jpg', 0, '', '', 0, 1, '2020-09-28 14:40:05', 1, '2020-09-28 17:05:50');
INSERT INTO `banner_info` VALUES (2, 'http://47.107.233.154:9000/sbm/banner_info/20200928/b72844d0-dc91-46b5-96f3-b7d3d134a70e.jpg', 1, '<p><span>最近在做一个项目，遇到了项目打成 war 包的一个问题，项目创建时选择的时 jar 包方式，后因项目部署要求，需要打成 war 包部署，遇到很多坑，在此做一下记录</span></p><h3><a name=\"t0\"></a><a name=\"t0\"></a><a id=\"_2\"></a>一、修改打包方式</h3><p>原：</p><pre class=\"prettyprint\"><code class=\"prism language-java has-numbering\"><span class=\"token generics function\"><span class=\"token punctuation\">&lt;</span>version<span class=\"token punctuation\">&gt;</span></span><span class=\"token number\">0.0</span><span class=\"token number\">.1</span><span class=\"token operator\">-</span>SNAPSHOT<span class=\"token operator\">&lt;</span><span class=\"token operator\">/</span>version<span class=\"token operator\">&gt;</span>\n<span class=\"token generics function\"><span class=\"token punctuation\">&lt;</span>packaging<span class=\"token punctuation\">&gt;</span></span>jar<span class=\"token operator\">&lt;</span><span class=\"token operator\">/</span>packaging<span class=\"token operator\">&gt;</span>\n</code><ul class=\"pre-numbering\" style=\"text-align: right;\"><li>1</li><li>2</li></ul></pre><p>改后：</p><pre class=\"prettyprint\"><code class=\"prism language-java has-numbering\"><span class=\"token generics function\"><span class=\"token punctuation\">&lt;</span>version<span class=\"token punctuation\">&gt;</span></span><span class=\"token number\">0.0</span><span class=\"token number\">.1</span><span class=\"token operator\">-</span>SNAPSHOT<span class=\"token operator\">&lt;</span><span class=\"token operator\">/</span>version<span class=\"token operator\">&gt;</span>\n<span class=\"token generics function\"><span class=\"token punctuation\">&lt;</span>packaging<span class=\"token punctuation\">&gt;</span></span>war<span class=\"token operator\">&lt;</span><span class=\"token operator\">/</span>packaging<span class=\"token operator\">&gt;</span>\n</code><ul class=\"pre-numbering\" style=\"text-align: right;\"><li>1</li><li>2</li></ul></pre><p>二、排除内置 Tomcat</p><p><br></p><p><br></p><p><br></p><p><br></p><p><br></p><p><br></p><p><br></p><p><br></p><p><br></p><p><br></p><h3><a name=\"t1\"></a></h3>', '', 0, 1, '2020-09-28 14:42:21', 1, '2020-09-30 15:03:08');
INSERT INTO `banner_info` VALUES (3, 'http://47.107.233.154:9000/sbm/banner_info/20200928/19aab5e5-7c86-46e1-bca8-d5c0e750ea99.jpg', 2, '', 'http://www.baidu.com', 0, 1, '2020-09-28 14:46:26', 1, '2020-09-28 17:06:28');
INSERT INTO `banner_info` VALUES (4, 'http://47.107.233.154:9000/sbm/banner_info/20200928/df489fbc-241f-4ac1-961b-63810149bb97.jpg', 0, '', '', 0, 1, '2020-09-28 17:05:29', 1, '2020-09-28 17:07:27');

-- ----------------------------
-- Table structure for dim_city
-- ----------------------------
DROP TABLE IF EXISTS `dim_city`;
CREATE TABLE `dim_city`  (
  `city_code` int(11) NOT NULL COMMENT '城市编码',
  `city_name` varchar(50) CHARACTER SET utf8 COLLATE utf8_general_ci NULL DEFAULT NULL COMMENT '城市名称',
  `province_code` int(11) NULL DEFAULT NULL COMMENT '省份编码',
  PRIMARY KEY (`city_code`) USING BTREE
) ENGINE = InnoDB CHARACTER SET = utf8mb4 COLLATE = utf8mb4_general_ci COMMENT = '城市' ROW_FORMAT = Compact;

-- ----------------------------
-- Records of dim_city
-- ----------------------------
INSERT INTO `dim_city` VALUES (110100, '市辖区', 110000);
INSERT INTO `dim_city` VALUES (120100, '市辖区', 120000);
INSERT INTO `dim_city` VALUES (130100, '石家庄市', 130000);
INSERT INTO `dim_city` VALUES (130200, '唐山市', 130000);
INSERT INTO `dim_city` VALUES (130300, '秦皇岛市', 130000);
INSERT INTO `dim_city` VALUES (130400, '邯郸市', 130000);
INSERT INTO `dim_city` VALUES (130500, '邢台市', 130000);
INSERT INTO `dim_city` VALUES (130600, '保定市', 130000);
INSERT INTO `dim_city` VALUES (130700, '张家口市', 130000);
INSERT INTO `dim_city` VALUES (130800, '承德市', 130000);
INSERT INTO `dim_city` VALUES (130900, '沧州市', 130000);
INSERT INTO `dim_city` VALUES (131000, '廊坊市', 130000);
INSERT INTO `dim_city` VALUES (131100, '衡水市', 130000);
INSERT INTO `dim_city` VALUES (139000, '省直辖县级行政区划', 130000);
INSERT INTO `dim_city` VALUES (140100, '太原市', 140000);
INSERT INTO `dim_city` VALUES (140200, '大同市', 140000);
INSERT INTO `dim_city` VALUES (140300, '阳泉市', 140000);
INSERT INTO `dim_city` VALUES (140400, '长治市', 140000);
INSERT INTO `dim_city` VALUES (140500, '晋城市', 140000);
INSERT INTO `dim_city` VALUES (140600, '朔州市', 140000);
INSERT INTO `dim_city` VALUES (140700, '晋中市', 140000);
INSERT INTO `dim_city` VALUES (140800, '运城市', 140000);
INSERT INTO `dim_city` VALUES (140900, '忻州市', 140000);
INSERT INTO `dim_city` VALUES (141000, '临汾市', 140000);
INSERT INTO `dim_city` VALUES (141100, '吕梁市', 140000);
INSERT INTO `dim_city` VALUES (150100, '呼和浩特市', 150000);
INSERT INTO `dim_city` VALUES (150200, '包头市', 150000);
INSERT INTO `dim_city` VALUES (150300, '乌海市', 150000);
INSERT INTO `dim_city` VALUES (150400, '赤峰市', 150000);
INSERT INTO `dim_city` VALUES (150500, '通辽市', 150000);
INSERT INTO `dim_city` VALUES (150600, '鄂尔多斯市', 150000);
INSERT INTO `dim_city` VALUES (150700, '呼伦贝尔市', 150000);
INSERT INTO `dim_city` VALUES (150800, '巴彦淖尔市', 150000);
INSERT INTO `dim_city` VALUES (150900, '乌兰察布市', 150000);
INSERT INTO `dim_city` VALUES (152200, '兴安盟', 150000);
INSERT INTO `dim_city` VALUES (152500, '锡林郭勒盟', 150000);
INSERT INTO `dim_city` VALUES (152900, '阿拉善盟', 150000);
INSERT INTO `dim_city` VALUES (210100, '沈阳市', 210000);
INSERT INTO `dim_city` VALUES (210200, '大连市', 210000);
INSERT INTO `dim_city` VALUES (210300, '鞍山市', 210000);
INSERT INTO `dim_city` VALUES (210400, '抚顺市', 210000);
INSERT INTO `dim_city` VALUES (210500, '本溪市', 210000);
INSERT INTO `dim_city` VALUES (210600, '丹东市', 210000);
INSERT INTO `dim_city` VALUES (210700, '锦州市', 210000);
INSERT INTO `dim_city` VALUES (210800, '营口市', 210000);
INSERT INTO `dim_city` VALUES (210900, '阜新市', 210000);
INSERT INTO `dim_city` VALUES (211000, '辽阳市', 210000);
INSERT INTO `dim_city` VALUES (211100, '盘锦市', 210000);
INSERT INTO `dim_city` VALUES (211200, '铁岭市', 210000);
INSERT INTO `dim_city` VALUES (211300, '朝阳市', 210000);
INSERT INTO `dim_city` VALUES (211400, '葫芦岛市', 210000);
INSERT INTO `dim_city` VALUES (220100, '长春市', 220000);
INSERT INTO `dim_city` VALUES (220200, '吉林市', 220000);
INSERT INTO `dim_city` VALUES (220300, '四平市', 220000);
INSERT INTO `dim_city` VALUES (220400, '辽源市', 220000);
INSERT INTO `dim_city` VALUES (220500, '通化市', 220000);
INSERT INTO `dim_city` VALUES (220600, '白山市', 220000);
INSERT INTO `dim_city` VALUES (220700, '松原市', 220000);
INSERT INTO `dim_city` VALUES (220800, '白城市', 220000);
INSERT INTO `dim_city` VALUES (222400, '延边朝鲜族自治州', 220000);
INSERT INTO `dim_city` VALUES (230100, '哈尔滨市', 230000);
INSERT INTO `dim_city` VALUES (230200, '齐齐哈尔市', 230000);
INSERT INTO `dim_city` VALUES (230300, '鸡西市', 230000);
INSERT INTO `dim_city` VALUES (230400, '鹤岗市', 230000);
INSERT INTO `dim_city` VALUES (230500, '双鸭山市', 230000);
INSERT INTO `dim_city` VALUES (230600, '大庆市', 230000);
INSERT INTO `dim_city` VALUES (230700, '伊春市', 230000);
INSERT INTO `dim_city` VALUES (230800, '佳木斯市', 230000);
INSERT INTO `dim_city` VALUES (230900, '七台河市', 230000);
INSERT INTO `dim_city` VALUES (231000, '牡丹江市', 230000);
INSERT INTO `dim_city` VALUES (231100, '黑河市', 230000);
INSERT INTO `dim_city` VALUES (231200, '绥化市', 230000);
INSERT INTO `dim_city` VALUES (232700, '大兴安岭地区', 230000);
INSERT INTO `dim_city` VALUES (310100, '市辖区', 310000);
INSERT INTO `dim_city` VALUES (320100, '南京市', 320000);
INSERT INTO `dim_city` VALUES (320200, '无锡市', 320000);
INSERT INTO `dim_city` VALUES (320300, '徐州市', 320000);
INSERT INTO `dim_city` VALUES (320400, '常州市', 320000);
INSERT INTO `dim_city` VALUES (320500, '苏州市', 320000);
INSERT INTO `dim_city` VALUES (320600, '南通市', 320000);
INSERT INTO `dim_city` VALUES (320700, '连云港市', 320000);
INSERT INTO `dim_city` VALUES (320800, '淮安市', 320000);
INSERT INTO `dim_city` VALUES (320900, '盐城市', 320000);
INSERT INTO `dim_city` VALUES (321000, '扬州市', 320000);
INSERT INTO `dim_city` VALUES (321100, '镇江市', 320000);
INSERT INTO `dim_city` VALUES (321200, '泰州市', 320000);
INSERT INTO `dim_city` VALUES (321300, '宿迁市', 320000);
INSERT INTO `dim_city` VALUES (330100, '杭州市', 330000);
INSERT INTO `dim_city` VALUES (330200, '宁波市', 330000);
INSERT INTO `dim_city` VALUES (330300, '温州市', 330000);
INSERT INTO `dim_city` VALUES (330400, '嘉兴市', 330000);
INSERT INTO `dim_city` VALUES (330500, '湖州市', 330000);
INSERT INTO `dim_city` VALUES (330600, '绍兴市', 330000);
INSERT INTO `dim_city` VALUES (330700, '金华市', 330000);
INSERT INTO `dim_city` VALUES (330800, '衢州市', 330000);
INSERT INTO `dim_city` VALUES (330900, '舟山市', 330000);
INSERT INTO `dim_city` VALUES (331000, '台州市', 330000);
INSERT INTO `dim_city` VALUES (331100, '丽水市', 330000);
INSERT INTO `dim_city` VALUES (340100, '合肥市', 340000);
INSERT INTO `dim_city` VALUES (340200, '芜湖市', 340000);
INSERT INTO `dim_city` VALUES (340300, '蚌埠市', 340000);
INSERT INTO `dim_city` VALUES (340400, '淮南市', 340000);
INSERT INTO `dim_city` VALUES (340500, '马鞍山市', 340000);
INSERT INTO `dim_city` VALUES (340600, '淮北市', 340000);
INSERT INTO `dim_city` VALUES (340700, '铜陵市', 340000);
INSERT INTO `dim_city` VALUES (340800, '安庆市', 340000);
INSERT INTO `dim_city` VALUES (341000, '黄山市', 340000);
INSERT INTO `dim_city` VALUES (341100, '滁州市', 340000);
INSERT INTO `dim_city` VALUES (341200, '阜阳市', 340000);
INSERT INTO `dim_city` VALUES (341300, '宿州市', 340000);
INSERT INTO `dim_city` VALUES (341500, '六安市', 340000);
INSERT INTO `dim_city` VALUES (341600, '亳州市', 340000);
INSERT INTO `dim_city` VALUES (341700, '池州市', 340000);
INSERT INTO `dim_city` VALUES (341800, '宣城市', 340000);
INSERT INTO `dim_city` VALUES (350100, '福州市', 350000);
INSERT INTO `dim_city` VALUES (350200, '厦门市', 350000);
INSERT INTO `dim_city` VALUES (350300, '莆田市', 350000);
INSERT INTO `dim_city` VALUES (350400, '三明市', 350000);
INSERT INTO `dim_city` VALUES (350500, '泉州市', 350000);
INSERT INTO `dim_city` VALUES (350600, '漳州市', 350000);
INSERT INTO `dim_city` VALUES (350700, '南平市', 350000);
INSERT INTO `dim_city` VALUES (350800, '龙岩市', 350000);
INSERT INTO `dim_city` VALUES (350900, '宁德市', 350000);
INSERT INTO `dim_city` VALUES (360100, '南昌市', 360000);
INSERT INTO `dim_city` VALUES (360200, '景德镇市', 360000);
INSERT INTO `dim_city` VALUES (360300, '萍乡市', 360000);
INSERT INTO `dim_city` VALUES (360400, '九江市', 360000);
INSERT INTO `dim_city` VALUES (360500, '新余市', 360000);
INSERT INTO `dim_city` VALUES (360600, '鹰潭市', 360000);
INSERT INTO `dim_city` VALUES (360700, '赣州市', 360000);
INSERT INTO `dim_city` VALUES (360800, '吉安市', 360000);
INSERT INTO `dim_city` VALUES (360900, '宜春市', 360000);
INSERT INTO `dim_city` VALUES (361000, '抚州市', 360000);
INSERT INTO `dim_city` VALUES (361100, '上饶市', 360000);
INSERT INTO `dim_city` VALUES (370100, '济南市', 370000);
INSERT INTO `dim_city` VALUES (370200, '青岛市', 370000);
INSERT INTO `dim_city` VALUES (370300, '淄博市', 370000);
INSERT INTO `dim_city` VALUES (370400, '枣庄市', 370000);
INSERT INTO `dim_city` VALUES (370500, '东营市', 370000);
INSERT INTO `dim_city` VALUES (370600, '烟台市', 370000);
INSERT INTO `dim_city` VALUES (370700, '潍坊市', 370000);
INSERT INTO `dim_city` VALUES (370800, '济宁市', 370000);
INSERT INTO `dim_city` VALUES (370900, '泰安市', 370000);
INSERT INTO `dim_city` VALUES (371000, '威海市', 370000);
INSERT INTO `dim_city` VALUES (371100, '日照市', 370000);
INSERT INTO `dim_city` VALUES (371200, '莱芜市', 370000);
INSERT INTO `dim_city` VALUES (371300, '临沂市', 370000);
INSERT INTO `dim_city` VALUES (371400, '德州市', 370000);
INSERT INTO `dim_city` VALUES (371500, '聊城市', 370000);
INSERT INTO `dim_city` VALUES (371600, '滨州市', 370000);
INSERT INTO `dim_city` VALUES (371700, '菏泽市', 370000);
INSERT INTO `dim_city` VALUES (410100, '郑州市', 410000);
INSERT INTO `dim_city` VALUES (410200, '开封市', 410000);
INSERT INTO `dim_city` VALUES (410300, '洛阳市', 410000);
INSERT INTO `dim_city` VALUES (410400, '平顶山市', 410000);
INSERT INTO `dim_city` VALUES (410500, '安阳市', 410000);
INSERT INTO `dim_city` VALUES (410600, '鹤壁市', 410000);
INSERT INTO `dim_city` VALUES (410700, '新乡市', 410000);
INSERT INTO `dim_city` VALUES (410800, '焦作市', 410000);
INSERT INTO `dim_city` VALUES (410900, '濮阳市', 410000);
INSERT INTO `dim_city` VALUES (411000, '许昌市', 410000);
INSERT INTO `dim_city` VALUES (411100, '漯河市', 410000);
INSERT INTO `dim_city` VALUES (411200, '三门峡市', 410000);
INSERT INTO `dim_city` VALUES (411300, '南阳市', 410000);
INSERT INTO `dim_city` VALUES (411400, '商丘市', 410000);
INSERT INTO `dim_city` VALUES (411500, '信阳市', 410000);
INSERT INTO `dim_city` VALUES (411600, '周口市', 410000);
INSERT INTO `dim_city` VALUES (411700, '驻马店市', 410000);
INSERT INTO `dim_city` VALUES (419000, '省直辖县级行政区划', 410000);
INSERT INTO `dim_city` VALUES (420100, '武汉市', 420000);
INSERT INTO `dim_city` VALUES (420200, '黄石市', 420000);
INSERT INTO `dim_city` VALUES (420300, '十堰市', 420000);
INSERT INTO `dim_city` VALUES (420500, '宜昌市', 420000);
INSERT INTO `dim_city` VALUES (420600, '襄阳市', 420000);
INSERT INTO `dim_city` VALUES (420700, '鄂州市', 420000);
INSERT INTO `dim_city` VALUES (420800, '荆门市', 420000);
INSERT INTO `dim_city` VALUES (420900, '孝感市', 420000);
INSERT INTO `dim_city` VALUES (421000, '荆州市', 420000);
INSERT INTO `dim_city` VALUES (421100, '黄冈市', 420000);
INSERT INTO `dim_city` VALUES (421200, '咸宁市', 420000);
INSERT INTO `dim_city` VALUES (421300, '随州市', 420000);
INSERT INTO `dim_city` VALUES (422800, '恩施土家族苗族自治州', 420000);
INSERT INTO `dim_city` VALUES (429000, '省直辖县级行政区划', 420000);
INSERT INTO `dim_city` VALUES (430100, '长沙市', 430000);
INSERT INTO `dim_city` VALUES (430200, '株洲市', 430000);
INSERT INTO `dim_city` VALUES (430300, '湘潭市', 430000);
INSERT INTO `dim_city` VALUES (430400, '衡阳市', 430000);
INSERT INTO `dim_city` VALUES (430500, '邵阳市', 430000);
INSERT INTO `dim_city` VALUES (430600, '岳阳市', 430000);
INSERT INTO `dim_city` VALUES (430700, '常德市', 430000);
INSERT INTO `dim_city` VALUES (430800, '张家界市', 430000);
INSERT INTO `dim_city` VALUES (430900, '益阳市', 430000);
INSERT INTO `dim_city` VALUES (431000, '郴州市', 430000);
INSERT INTO `dim_city` VALUES (431100, '永州市', 430000);
INSERT INTO `dim_city` VALUES (431200, '怀化市', 430000);
INSERT INTO `dim_city` VALUES (431300, '娄底市', 430000);
INSERT INTO `dim_city` VALUES (433100, '湘西土家族苗族自治州', 430000);
INSERT INTO `dim_city` VALUES (440100, '广州市', 440000);
INSERT INTO `dim_city` VALUES (440200, '韶关市', 440000);
INSERT INTO `dim_city` VALUES (440300, '深圳市', 440000);
INSERT INTO `dim_city` VALUES (440400, '珠海市', 440000);
INSERT INTO `dim_city` VALUES (440500, '汕头市', 440000);
INSERT INTO `dim_city` VALUES (440600, '佛山市', 440000);
INSERT INTO `dim_city` VALUES (440700, '江门市', 440000);
INSERT INTO `dim_city` VALUES (440800, '湛江市', 440000);
INSERT INTO `dim_city` VALUES (440900, '茂名市', 440000);
INSERT INTO `dim_city` VALUES (441200, '肇庆市', 440000);
INSERT INTO `dim_city` VALUES (441300, '惠州市', 440000);
INSERT INTO `dim_city` VALUES (441400, '梅州市', 440000);
INSERT INTO `dim_city` VALUES (441500, '汕尾市', 440000);
INSERT INTO `dim_city` VALUES (441600, '河源市', 440000);
INSERT INTO `dim_city` VALUES (441700, '阳江市', 440000);
INSERT INTO `dim_city` VALUES (441800, '清远市', 440000);
INSERT INTO `dim_city` VALUES (441900, '东莞市', 440000);
INSERT INTO `dim_city` VALUES (442000, '中山市', 440000);
INSERT INTO `dim_city` VALUES (445100, '潮州市', 440000);
INSERT INTO `dim_city` VALUES (445200, '揭阳市', 440000);
INSERT INTO `dim_city` VALUES (445300, '云浮市', 440000);
INSERT INTO `dim_city` VALUES (450100, '南宁市', 450000);
INSERT INTO `dim_city` VALUES (450200, '柳州市', 450000);
INSERT INTO `dim_city` VALUES (450300, '桂林市', 450000);
INSERT INTO `dim_city` VALUES (450400, '梧州市', 450000);
INSERT INTO `dim_city` VALUES (450500, '北海市', 450000);
INSERT INTO `dim_city` VALUES (450600, '防城港市', 450000);
INSERT INTO `dim_city` VALUES (450700, '钦州市', 450000);
INSERT INTO `dim_city` VALUES (450800, '贵港市', 450000);
INSERT INTO `dim_city` VALUES (450900, '玉林市', 450000);
INSERT INTO `dim_city` VALUES (451000, '百色市', 450000);
INSERT INTO `dim_city` VALUES (451100, '贺州市', 450000);
INSERT INTO `dim_city` VALUES (451200, '河池市', 450000);
INSERT INTO `dim_city` VALUES (451300, '来宾市', 450000);
INSERT INTO `dim_city` VALUES (451400, '崇左市', 450000);
INSERT INTO `dim_city` VALUES (460100, '海口市', 460000);
INSERT INTO `dim_city` VALUES (460200, '三亚市', 460000);
INSERT INTO `dim_city` VALUES (460300, '三沙市', 460000);
INSERT INTO `dim_city` VALUES (460400, '儋州市', 460000);
INSERT INTO `dim_city` VALUES (469000, '省直辖县级行政区划', 460000);
INSERT INTO `dim_city` VALUES (500100, '市辖区', 500000);
INSERT INTO `dim_city` VALUES (500200, '县', 500000);
INSERT INTO `dim_city` VALUES (510100, '成都市', 510000);
INSERT INTO `dim_city` VALUES (510300, '自贡市', 510000);
INSERT INTO `dim_city` VALUES (510400, '攀枝花市', 510000);
INSERT INTO `dim_city` VALUES (510500, '泸州市', 510000);
INSERT INTO `dim_city` VALUES (510600, '德阳市', 510000);
INSERT INTO `dim_city` VALUES (510700, '绵阳市', 510000);
INSERT INTO `dim_city` VALUES (510800, '广元市', 510000);
INSERT INTO `dim_city` VALUES (510900, '遂宁市', 510000);
INSERT INTO `dim_city` VALUES (511000, '内江市', 510000);
INSERT INTO `dim_city` VALUES (511100, '乐山市', 510000);
INSERT INTO `dim_city` VALUES (511300, '南充市', 510000);
INSERT INTO `dim_city` VALUES (511400, '眉山市', 510000);
INSERT INTO `dim_city` VALUES (511500, '宜宾市', 510000);
INSERT INTO `dim_city` VALUES (511600, '广安市', 510000);
INSERT INTO `dim_city` VALUES (511700, '达州市', 510000);
INSERT INTO `dim_city` VALUES (511800, '雅安市', 510000);
INSERT INTO `dim_city` VALUES (511900, '巴中市', 510000);
INSERT INTO `dim_city` VALUES (512000, '资阳市', 510000);
INSERT INTO `dim_city` VALUES (513200, '阿坝藏族羌族自治州', 510000);
INSERT INTO `dim_city` VALUES (513300, '甘孜藏族自治州', 510000);
INSERT INTO `dim_city` VALUES (513400, '凉山彝族自治州', 510000);
INSERT INTO `dim_city` VALUES (520100, '贵阳市', 520000);
INSERT INTO `dim_city` VALUES (520200, '六盘水市', 520000);
INSERT INTO `dim_city` VALUES (520300, '遵义市', 520000);
INSERT INTO `dim_city` VALUES (520400, '安顺市', 520000);
INSERT INTO `dim_city` VALUES (520500, '毕节市', 520000);
INSERT INTO `dim_city` VALUES (520600, '铜仁市', 520000);
INSERT INTO `dim_city` VALUES (522300, '黔西南布依族苗族自治州', 520000);
INSERT INTO `dim_city` VALUES (522600, '黔东南苗族侗族自治州', 520000);
INSERT INTO `dim_city` VALUES (522700, '黔南布依族苗族自治州', 520000);
INSERT INTO `dim_city` VALUES (530100, '昆明市', 530000);
INSERT INTO `dim_city` VALUES (530300, '曲靖市', 530000);
INSERT INTO `dim_city` VALUES (530400, '玉溪市', 530000);
INSERT INTO `dim_city` VALUES (530500, '保山市', 530000);
INSERT INTO `dim_city` VALUES (530600, '昭通市', 530000);
INSERT INTO `dim_city` VALUES (530700, '丽江市', 530000);
INSERT INTO `dim_city` VALUES (530800, '普洱市', 530000);
INSERT INTO `dim_city` VALUES (530900, '临沧市', 530000);
INSERT INTO `dim_city` VALUES (532300, '楚雄彝族自治州', 530000);
INSERT INTO `dim_city` VALUES (532500, '红河哈尼族彝族自治州', 530000);
INSERT INTO `dim_city` VALUES (532600, '文山壮族苗族自治州', 530000);
INSERT INTO `dim_city` VALUES (532800, '西双版纳傣族自治州', 530000);
INSERT INTO `dim_city` VALUES (532900, '大理白族自治州', 530000);
INSERT INTO `dim_city` VALUES (533100, '德宏傣族景颇族自治州', 530000);
INSERT INTO `dim_city` VALUES (533300, '怒江傈僳族自治州', 530000);
INSERT INTO `dim_city` VALUES (533400, '迪庆藏族自治州', 530000);
INSERT INTO `dim_city` VALUES (540100, '拉萨市', 540000);
INSERT INTO `dim_city` VALUES (540200, '日喀则市', 540000);
INSERT INTO `dim_city` VALUES (540300, '昌都市', 540000);
INSERT INTO `dim_city` VALUES (540400, '林芝市', 540000);
INSERT INTO `dim_city` VALUES (540500, '山南市', 540000);
INSERT INTO `dim_city` VALUES (542400, '那曲地区', 540000);
INSERT INTO `dim_city` VALUES (542500, '阿里地区', 540000);
INSERT INTO `dim_city` VALUES (610100, '西安市', 610000);
INSERT INTO `dim_city` VALUES (610200, '铜川市', 610000);
INSERT INTO `dim_city` VALUES (610300, '宝鸡市', 610000);
INSERT INTO `dim_city` VALUES (610400, '咸阳市', 610000);
INSERT INTO `dim_city` VALUES (610500, '渭南市', 610000);
INSERT INTO `dim_city` VALUES (610600, '延安市', 610000);
INSERT INTO `dim_city` VALUES (610700, '汉中市', 610000);
INSERT INTO `dim_city` VALUES (610800, '榆林市', 610000);
INSERT INTO `dim_city` VALUES (610900, '安康市', 610000);
INSERT INTO `dim_city` VALUES (611000, '商洛市', 610000);
INSERT INTO `dim_city` VALUES (620100, '兰州市', 620000);
INSERT INTO `dim_city` VALUES (620200, '嘉峪关市', 620000);
INSERT INTO `dim_city` VALUES (620300, '金昌市', 620000);
INSERT INTO `dim_city` VALUES (620400, '白银市', 620000);
INSERT INTO `dim_city` VALUES (620500, '天水市', 620000);
INSERT INTO `dim_city` VALUES (620600, '武威市', 620000);
INSERT INTO `dim_city` VALUES (620700, '张掖市', 620000);
INSERT INTO `dim_city` VALUES (620800, '平凉市', 620000);
INSERT INTO `dim_city` VALUES (620900, '酒泉市', 620000);
INSERT INTO `dim_city` VALUES (621000, '庆阳市', 620000);
INSERT INTO `dim_city` VALUES (621100, '定西市', 620000);
INSERT INTO `dim_city` VALUES (621200, '陇南市', 620000);
INSERT INTO `dim_city` VALUES (622900, '临夏回族自治州', 620000);
INSERT INTO `dim_city` VALUES (623000, '甘南藏族自治州', 620000);
INSERT INTO `dim_city` VALUES (630100, '西宁市', 630000);
INSERT INTO `dim_city` VALUES (630200, '海东市', 630000);
INSERT INTO `dim_city` VALUES (632200, '海北藏族自治州', 630000);
INSERT INTO `dim_city` VALUES (632300, '黄南藏族自治州', 630000);
INSERT INTO `dim_city` VALUES (632500, '海南藏族自治州', 630000);
INSERT INTO `dim_city` VALUES (632600, '果洛藏族自治州', 630000);
INSERT INTO `dim_city` VALUES (632700, '玉树藏族自治州', 630000);
INSERT INTO `dim_city` VALUES (632800, '海西蒙古族藏族自治州', 630000);
INSERT INTO `dim_city` VALUES (640100, '银川市', 640000);
INSERT INTO `dim_city` VALUES (640200, '石嘴山市', 640000);
INSERT INTO `dim_city` VALUES (640300, '吴忠市', 640000);
INSERT INTO `dim_city` VALUES (640400, '固原市', 640000);
INSERT INTO `dim_city` VALUES (640500, '中卫市', 640000);
INSERT INTO `dim_city` VALUES (650100, '乌鲁木齐市', 650000);
INSERT INTO `dim_city` VALUES (650200, '克拉玛依市', 650000);
INSERT INTO `dim_city` VALUES (650400, '吐鲁番市', 650000);
INSERT INTO `dim_city` VALUES (650500, '哈密市', 650000);
INSERT INTO `dim_city` VALUES (652300, '昌吉回族自治州', 650000);
INSERT INTO `dim_city` VALUES (652700, '博尔塔拉蒙古自治州', 650000);
INSERT INTO `dim_city` VALUES (652800, '巴音郭楞蒙古自治州', 650000);
INSERT INTO `dim_city` VALUES (652900, '阿克苏地区', 650000);
INSERT INTO `dim_city` VALUES (653000, '克孜勒苏柯尔克孜自治州', 650000);
INSERT INTO `dim_city` VALUES (653100, '喀什地区', 650000);
INSERT INTO `dim_city` VALUES (653200, '和田地区', 650000);
INSERT INTO `dim_city` VALUES (654000, '伊犁哈萨克自治州', 650000);
INSERT INTO `dim_city` VALUES (654200, '塔城地区', 650000);
INSERT INTO `dim_city` VALUES (654300, '阿勒泰地区', 650000);
INSERT INTO `dim_city` VALUES (659000, '自治区直辖县级行政区划', 650000);

-- ----------------------------
-- Table structure for dim_county
-- ----------------------------
DROP TABLE IF EXISTS `dim_county`;
CREATE TABLE `dim_county`  (
  `county_code` int(11) NOT NULL COMMENT '区县编码',
  `county_name` varchar(50) CHARACTER SET utf8 COLLATE utf8_general_ci NULL DEFAULT NULL COMMENT '区县名称',
  `city_code` int(11) NULL DEFAULT NULL COMMENT '城市编码',
  `province_code` int(11) NULL DEFAULT NULL COMMENT '省份编码',
  PRIMARY KEY (`county_code`) USING BTREE
) ENGINE = InnoDB CHARACTER SET = utf8mb4 COLLATE = utf8mb4_general_ci COMMENT = '区县' ROW_FORMAT = Compact;

-- ----------------------------
-- Records of dim_county
-- ----------------------------
INSERT INTO `dim_county` VALUES (110101, '东城区', 110100, 110000);
INSERT INTO `dim_county` VALUES (110102, '西城区', 110100, 110000);
INSERT INTO `dim_county` VALUES (110105, '朝阳区', 110100, 110000);
INSERT INTO `dim_county` VALUES (110106, '丰台区', 110100, 110000);
INSERT INTO `dim_county` VALUES (110107, '石景山区', 110100, 110000);
INSERT INTO `dim_county` VALUES (110108, '海淀区', 110100, 110000);
INSERT INTO `dim_county` VALUES (110109, '门头沟区', 110100, 110000);
INSERT INTO `dim_county` VALUES (110111, '房山区', 110100, 110000);
INSERT INTO `dim_county` VALUES (110112, '通州区', 110100, 110000);
INSERT INTO `dim_county` VALUES (110113, '顺义区', 110100, 110000);
INSERT INTO `dim_county` VALUES (110114, '昌平区', 110100, 110000);
INSERT INTO `dim_county` VALUES (110115, '大兴区', 110100, 110000);
INSERT INTO `dim_county` VALUES (110116, '怀柔区', 110100, 110000);
INSERT INTO `dim_county` VALUES (110117, '平谷区', 110100, 110000);
INSERT INTO `dim_county` VALUES (110118, '密云区', 110100, 110000);
INSERT INTO `dim_county` VALUES (110119, '延庆区', 110100, 110000);
INSERT INTO `dim_county` VALUES (120101, '和平区', 120100, 120000);
INSERT INTO `dim_county` VALUES (120102, '河东区', 120100, 120000);
INSERT INTO `dim_county` VALUES (120103, '河西区', 120100, 120000);
INSERT INTO `dim_county` VALUES (120104, '南开区', 120100, 120000);
INSERT INTO `dim_county` VALUES (120105, '河北区', 120100, 120000);
INSERT INTO `dim_county` VALUES (120106, '红桥区', 120100, 120000);
INSERT INTO `dim_county` VALUES (120110, '东丽区', 120100, 120000);
INSERT INTO `dim_county` VALUES (120111, '西青区', 120100, 120000);
INSERT INTO `dim_county` VALUES (120112, '津南区', 120100, 120000);
INSERT INTO `dim_county` VALUES (120113, '北辰区', 120100, 120000);
INSERT INTO `dim_county` VALUES (120114, '武清区', 120100, 120000);
INSERT INTO `dim_county` VALUES (120115, '宝坻区', 120100, 120000);
INSERT INTO `dim_county` VALUES (120116, '滨海新区', 120100, 120000);
INSERT INTO `dim_county` VALUES (120117, '宁河区', 120100, 120000);
INSERT INTO `dim_county` VALUES (120118, '静海区', 120100, 120000);
INSERT INTO `dim_county` VALUES (120119, '蓟州区', 120100, 120000);
INSERT INTO `dim_county` VALUES (130101, '市辖区', 130100, 130000);
INSERT INTO `dim_county` VALUES (130102, '长安区', 130100, 130000);
INSERT INTO `dim_county` VALUES (130104, '桥西区', 130100, 130000);
INSERT INTO `dim_county` VALUES (130105, '新华区', 130100, 130000);
INSERT INTO `dim_county` VALUES (130107, '井陉矿区', 130100, 130000);
INSERT INTO `dim_county` VALUES (130108, '裕华区', 130100, 130000);
INSERT INTO `dim_county` VALUES (130109, '藁城区', 130100, 130000);
INSERT INTO `dim_county` VALUES (130110, '鹿泉区', 130100, 130000);
INSERT INTO `dim_county` VALUES (130111, '栾城区', 130100, 130000);
INSERT INTO `dim_county` VALUES (130121, '井陉县', 130100, 130000);
INSERT INTO `dim_county` VALUES (130123, '正定县', 130100, 130000);
INSERT INTO `dim_county` VALUES (130125, '行唐县', 130100, 130000);
INSERT INTO `dim_county` VALUES (130126, '灵寿县', 130100, 130000);
INSERT INTO `dim_county` VALUES (130127, '高邑县', 130100, 130000);
INSERT INTO `dim_county` VALUES (130128, '深泽县', 130100, 130000);
INSERT INTO `dim_county` VALUES (130129, '赞皇县', 130100, 130000);
INSERT INTO `dim_county` VALUES (130130, '无极县', 130100, 130000);
INSERT INTO `dim_county` VALUES (130131, '平山县', 130100, 130000);
INSERT INTO `dim_county` VALUES (130132, '元氏县', 130100, 130000);
INSERT INTO `dim_county` VALUES (130133, '赵县', 130100, 130000);
INSERT INTO `dim_county` VALUES (130183, '晋州市', 130100, 130000);
INSERT INTO `dim_county` VALUES (130184, '新乐市', 130100, 130000);
INSERT INTO `dim_county` VALUES (130201, '市辖区', 130200, 130000);
INSERT INTO `dim_county` VALUES (130202, '路南区', 130200, 130000);
INSERT INTO `dim_county` VALUES (130203, '路北区', 130200, 130000);
INSERT INTO `dim_county` VALUES (130204, '古冶区', 130200, 130000);
INSERT INTO `dim_county` VALUES (130205, '开平区', 130200, 130000);
INSERT INTO `dim_county` VALUES (130207, '丰南区', 130200, 130000);
INSERT INTO `dim_county` VALUES (130208, '丰润区', 130200, 130000);
INSERT INTO `dim_county` VALUES (130209, '曹妃甸区', 130200, 130000);
INSERT INTO `dim_county` VALUES (130223, '滦县', 130200, 130000);
INSERT INTO `dim_county` VALUES (130224, '滦南县', 130200, 130000);
INSERT INTO `dim_county` VALUES (130225, '乐亭县', 130200, 130000);
INSERT INTO `dim_county` VALUES (130227, '迁西县', 130200, 130000);
INSERT INTO `dim_county` VALUES (130229, '玉田县', 130200, 130000);
INSERT INTO `dim_county` VALUES (130281, '遵化市', 130200, 130000);
INSERT INTO `dim_county` VALUES (130283, '迁安市', 130200, 130000);
INSERT INTO `dim_county` VALUES (130301, '市辖区', 130300, 130000);
INSERT INTO `dim_county` VALUES (130302, '海港区', 130300, 130000);
INSERT INTO `dim_county` VALUES (130303, '山海关区', 130300, 130000);
INSERT INTO `dim_county` VALUES (130304, '北戴河区', 130300, 130000);
INSERT INTO `dim_county` VALUES (130306, '抚宁区', 130300, 130000);
INSERT INTO `dim_county` VALUES (130321, '青龙满族自治县', 130300, 130000);
INSERT INTO `dim_county` VALUES (130322, '昌黎县', 130300, 130000);
INSERT INTO `dim_county` VALUES (130324, '卢龙县', 130300, 130000);
INSERT INTO `dim_county` VALUES (130401, '市辖区', 130400, 130000);
INSERT INTO `dim_county` VALUES (130402, '邯山区', 130400, 130000);
INSERT INTO `dim_county` VALUES (130403, '丛台区', 130400, 130000);
INSERT INTO `dim_county` VALUES (130404, '复兴区', 130400, 130000);
INSERT INTO `dim_county` VALUES (130406, '峰峰矿区', 130400, 130000);
INSERT INTO `dim_county` VALUES (130421, '邯郸县', 130400, 130000);
INSERT INTO `dim_county` VALUES (130423, '临漳县', 130400, 130000);
INSERT INTO `dim_county` VALUES (130424, '成安县', 130400, 130000);
INSERT INTO `dim_county` VALUES (130425, '大名县', 130400, 130000);
INSERT INTO `dim_county` VALUES (130426, '涉县', 130400, 130000);
INSERT INTO `dim_county` VALUES (130427, '磁县', 130400, 130000);
INSERT INTO `dim_county` VALUES (130428, '肥乡县', 130400, 130000);
INSERT INTO `dim_county` VALUES (130429, '永年县', 130400, 130000);
INSERT INTO `dim_county` VALUES (130430, '邱县', 130400, 130000);
INSERT INTO `dim_county` VALUES (130431, '鸡泽县', 130400, 130000);
INSERT INTO `dim_county` VALUES (130432, '广平县', 130400, 130000);
INSERT INTO `dim_county` VALUES (130433, '馆陶县', 130400, 130000);
INSERT INTO `dim_county` VALUES (130434, '魏县', 130400, 130000);
INSERT INTO `dim_county` VALUES (130435, '曲周县', 130400, 130000);
INSERT INTO `dim_county` VALUES (130481, '武安市', 130400, 130000);
INSERT INTO `dim_county` VALUES (130501, '市辖区', 130500, 130000);
INSERT INTO `dim_county` VALUES (130502, '桥东区', 130500, 130000);
INSERT INTO `dim_county` VALUES (130503, '桥西区', 130500, 130000);
INSERT INTO `dim_county` VALUES (130521, '邢台县', 130500, 130000);
INSERT INTO `dim_county` VALUES (130522, '临城县', 130500, 130000);
INSERT INTO `dim_county` VALUES (130523, '内丘县', 130500, 130000);
INSERT INTO `dim_county` VALUES (130524, '柏乡县', 130500, 130000);
INSERT INTO `dim_county` VALUES (130525, '隆尧县', 130500, 130000);
INSERT INTO `dim_county` VALUES (130526, '任县', 130500, 130000);
INSERT INTO `dim_county` VALUES (130527, '南和县', 130500, 130000);
INSERT INTO `dim_county` VALUES (130528, '宁晋县', 130500, 130000);
INSERT INTO `dim_county` VALUES (130529, '巨鹿县', 130500, 130000);
INSERT INTO `dim_county` VALUES (130530, '新河县', 130500, 130000);
INSERT INTO `dim_county` VALUES (130531, '广宗县', 130500, 130000);
INSERT INTO `dim_county` VALUES (130532, '平乡县', 130500, 130000);
INSERT INTO `dim_county` VALUES (130533, '威县', 130500, 130000);
INSERT INTO `dim_county` VALUES (130534, '清河县', 130500, 130000);
INSERT INTO `dim_county` VALUES (130535, '临西县', 130500, 130000);
INSERT INTO `dim_county` VALUES (130581, '南宫市', 130500, 130000);
INSERT INTO `dim_county` VALUES (130582, '沙河市', 130500, 130000);
INSERT INTO `dim_county` VALUES (130601, '市辖区', 130600, 130000);
INSERT INTO `dim_county` VALUES (130602, '竞秀区', 130600, 130000);
INSERT INTO `dim_county` VALUES (130606, '莲池区', 130600, 130000);
INSERT INTO `dim_county` VALUES (130607, '满城区', 130600, 130000);
INSERT INTO `dim_county` VALUES (130608, '清苑区', 130600, 130000);
INSERT INTO `dim_county` VALUES (130609, '徐水区', 130600, 130000);
INSERT INTO `dim_county` VALUES (130623, '涞水县', 130600, 130000);
INSERT INTO `dim_county` VALUES (130624, '阜平县', 130600, 130000);
INSERT INTO `dim_county` VALUES (130626, '定兴县', 130600, 130000);
INSERT INTO `dim_county` VALUES (130627, '唐县', 130600, 130000);
INSERT INTO `dim_county` VALUES (130628, '高阳县', 130600, 130000);
INSERT INTO `dim_county` VALUES (130629, '容城县', 130600, 130000);
INSERT INTO `dim_county` VALUES (130630, '涞源县', 130600, 130000);
INSERT INTO `dim_county` VALUES (130631, '望都县', 130600, 130000);
INSERT INTO `dim_county` VALUES (130632, '安新县', 130600, 130000);
INSERT INTO `dim_county` VALUES (130633, '易县', 130600, 130000);
INSERT INTO `dim_county` VALUES (130634, '曲阳县', 130600, 130000);
INSERT INTO `dim_county` VALUES (130635, '蠡县', 130600, 130000);
INSERT INTO `dim_county` VALUES (130636, '顺平县', 130600, 130000);
INSERT INTO `dim_county` VALUES (130637, '博野县', 130600, 130000);
INSERT INTO `dim_county` VALUES (130638, '雄县', 130600, 130000);
INSERT INTO `dim_county` VALUES (130681, '涿州市', 130600, 130000);
INSERT INTO `dim_county` VALUES (130683, '安国市', 130600, 130000);
INSERT INTO `dim_county` VALUES (130684, '高碑店市', 130600, 130000);
INSERT INTO `dim_county` VALUES (130701, '市辖区', 130700, 130000);
INSERT INTO `dim_county` VALUES (130702, '桥东区', 130700, 130000);
INSERT INTO `dim_county` VALUES (130703, '桥西区', 130700, 130000);
INSERT INTO `dim_county` VALUES (130705, '宣化区', 130700, 130000);
INSERT INTO `dim_county` VALUES (130706, '下花园区', 130700, 130000);
INSERT INTO `dim_county` VALUES (130708, '万全区', 130700, 130000);
INSERT INTO `dim_county` VALUES (130709, '崇礼区', 130700, 130000);
INSERT INTO `dim_county` VALUES (130722, '张北县', 130700, 130000);
INSERT INTO `dim_county` VALUES (130723, '康保县', 130700, 130000);
INSERT INTO `dim_county` VALUES (130724, '沽源县', 130700, 130000);
INSERT INTO `dim_county` VALUES (130725, '尚义县', 130700, 130000);
INSERT INTO `dim_county` VALUES (130726, '蔚县', 130700, 130000);
INSERT INTO `dim_county` VALUES (130727, '阳原县', 130700, 130000);
INSERT INTO `dim_county` VALUES (130728, '怀安县', 130700, 130000);
INSERT INTO `dim_county` VALUES (130730, '怀来县', 130700, 130000);
INSERT INTO `dim_county` VALUES (130731, '涿鹿县', 130700, 130000);
INSERT INTO `dim_county` VALUES (130732, '赤城县', 130700, 130000);
INSERT INTO `dim_county` VALUES (130801, '市辖区', 130800, 130000);
INSERT INTO `dim_county` VALUES (130802, '双桥区', 130800, 130000);
INSERT INTO `dim_county` VALUES (130803, '双滦区', 130800, 130000);
INSERT INTO `dim_county` VALUES (130804, '鹰手营子矿区', 130800, 130000);
INSERT INTO `dim_county` VALUES (130821, '承德县', 130800, 130000);
INSERT INTO `dim_county` VALUES (130822, '兴隆县', 130800, 130000);
INSERT INTO `dim_county` VALUES (130823, '平泉县', 130800, 130000);
INSERT INTO `dim_county` VALUES (130824, '滦平县', 130800, 130000);
INSERT INTO `dim_county` VALUES (130825, '隆化县', 130800, 130000);
INSERT INTO `dim_county` VALUES (130826, '丰宁满族自治县', 130800, 130000);
INSERT INTO `dim_county` VALUES (130827, '宽城满族自治县', 130800, 130000);
INSERT INTO `dim_county` VALUES (130828, '围场满族蒙古族自治县', 130800, 130000);
INSERT INTO `dim_county` VALUES (130901, '市辖区', 130900, 130000);
INSERT INTO `dim_county` VALUES (130902, '新华区', 130900, 130000);
INSERT INTO `dim_county` VALUES (130903, '运河区', 130900, 130000);
INSERT INTO `dim_county` VALUES (130921, '沧县', 130900, 130000);
INSERT INTO `dim_county` VALUES (130922, '青县', 130900, 130000);
INSERT INTO `dim_county` VALUES (130923, '东光县', 130900, 130000);
INSERT INTO `dim_county` VALUES (130924, '海兴县', 130900, 130000);
INSERT INTO `dim_county` VALUES (130925, '盐山县', 130900, 130000);
INSERT INTO `dim_county` VALUES (130926, '肃宁县', 130900, 130000);
INSERT INTO `dim_county` VALUES (130927, '南皮县', 130900, 130000);
INSERT INTO `dim_county` VALUES (130928, '吴桥县', 130900, 130000);
INSERT INTO `dim_county` VALUES (130929, '献县', 130900, 130000);
INSERT INTO `dim_county` VALUES (130930, '孟村回族自治县', 130900, 130000);
INSERT INTO `dim_county` VALUES (130981, '泊头市', 130900, 130000);
INSERT INTO `dim_county` VALUES (130982, '任丘市', 130900, 130000);
INSERT INTO `dim_county` VALUES (130983, '黄骅市', 130900, 130000);
INSERT INTO `dim_county` VALUES (130984, '河间市', 130900, 130000);
INSERT INTO `dim_county` VALUES (131001, '市辖区', 131000, 130000);
INSERT INTO `dim_county` VALUES (131002, '安次区', 131000, 130000);
INSERT INTO `dim_county` VALUES (131003, '广阳区', 131000, 130000);
INSERT INTO `dim_county` VALUES (131022, '固安县', 131000, 130000);
INSERT INTO `dim_county` VALUES (131023, '永清县', 131000, 130000);
INSERT INTO `dim_county` VALUES (131024, '香河县', 131000, 130000);
INSERT INTO `dim_county` VALUES (131025, '大城县', 131000, 130000);
INSERT INTO `dim_county` VALUES (131026, '文安县', 131000, 130000);
INSERT INTO `dim_county` VALUES (131028, '大厂回族自治县', 131000, 130000);
INSERT INTO `dim_county` VALUES (131081, '霸州市', 131000, 130000);
INSERT INTO `dim_county` VALUES (131082, '三河市', 131000, 130000);
INSERT INTO `dim_county` VALUES (131101, '市辖区', 131100, 130000);
INSERT INTO `dim_county` VALUES (131102, '桃城区', 131100, 130000);
INSERT INTO `dim_county` VALUES (131103, '冀州区', 131100, 130000);
INSERT INTO `dim_county` VALUES (131121, '枣强县', 131100, 130000);
INSERT INTO `dim_county` VALUES (131122, '武邑县', 131100, 130000);
INSERT INTO `dim_county` VALUES (131123, '武强县', 131100, 130000);
INSERT INTO `dim_county` VALUES (131124, '饶阳县', 131100, 130000);
INSERT INTO `dim_county` VALUES (131125, '安平县', 131100, 130000);
INSERT INTO `dim_county` VALUES (131126, '故城县', 131100, 130000);
INSERT INTO `dim_county` VALUES (131127, '景县', 131100, 130000);
INSERT INTO `dim_county` VALUES (131128, '阜城县', 131100, 130000);
INSERT INTO `dim_county` VALUES (131182, '深州市', 131100, 130000);
INSERT INTO `dim_county` VALUES (139001, '定州市', 139000, 130000);
INSERT INTO `dim_county` VALUES (139002, '辛集市', 139000, 130000);
INSERT INTO `dim_county` VALUES (140101, '市辖区', 140100, 140000);
INSERT INTO `dim_county` VALUES (140105, '小店区', 140100, 140000);
INSERT INTO `dim_county` VALUES (140106, '迎泽区', 140100, 140000);
INSERT INTO `dim_county` VALUES (140107, '杏花岭区', 140100, 140000);
INSERT INTO `dim_county` VALUES (140108, '尖草坪区', 140100, 140000);
INSERT INTO `dim_county` VALUES (140109, '万柏林区', 140100, 140000);
INSERT INTO `dim_county` VALUES (140110, '晋源区', 140100, 140000);
INSERT INTO `dim_county` VALUES (140121, '清徐县', 140100, 140000);
INSERT INTO `dim_county` VALUES (140122, '阳曲县', 140100, 140000);
INSERT INTO `dim_county` VALUES (140123, '娄烦县', 140100, 140000);
INSERT INTO `dim_county` VALUES (140181, '古交市', 140100, 140000);
INSERT INTO `dim_county` VALUES (140201, '市辖区', 140200, 140000);
INSERT INTO `dim_county` VALUES (140202, '城区', 140200, 140000);
INSERT INTO `dim_county` VALUES (140203, '矿区', 140200, 140000);
INSERT INTO `dim_county` VALUES (140211, '南郊区', 140200, 140000);
INSERT INTO `dim_county` VALUES (140212, '新荣区', 140200, 140000);
INSERT INTO `dim_county` VALUES (140221, '阳高县', 140200, 140000);
INSERT INTO `dim_county` VALUES (140222, '天镇县', 140200, 140000);
INSERT INTO `dim_county` VALUES (140223, '广灵县', 140200, 140000);
INSERT INTO `dim_county` VALUES (140224, '灵丘县', 140200, 140000);
INSERT INTO `dim_county` VALUES (140225, '浑源县', 140200, 140000);
INSERT INTO `dim_county` VALUES (140226, '左云县', 140200, 140000);
INSERT INTO `dim_county` VALUES (140227, '大同县', 140200, 140000);
INSERT INTO `dim_county` VALUES (140301, '市辖区', 140300, 140000);
INSERT INTO `dim_county` VALUES (140302, '城区', 140300, 140000);
INSERT INTO `dim_county` VALUES (140303, '矿区', 140300, 140000);
INSERT INTO `dim_county` VALUES (140311, '郊区', 140300, 140000);
INSERT INTO `dim_county` VALUES (140321, '平定县', 140300, 140000);
INSERT INTO `dim_county` VALUES (140322, '盂县', 140300, 140000);
INSERT INTO `dim_county` VALUES (140401, '市辖区', 140400, 140000);
INSERT INTO `dim_county` VALUES (140402, '城区', 140400, 140000);
INSERT INTO `dim_county` VALUES (140411, '郊区', 140400, 140000);
INSERT INTO `dim_county` VALUES (140421, '长治县', 140400, 140000);
INSERT INTO `dim_county` VALUES (140423, '襄垣县', 140400, 140000);
INSERT INTO `dim_county` VALUES (140424, '屯留县', 140400, 140000);
INSERT INTO `dim_county` VALUES (140425, '平顺县', 140400, 140000);
INSERT INTO `dim_county` VALUES (140426, '黎城县', 140400, 140000);
INSERT INTO `dim_county` VALUES (140427, '壶关县', 140400, 140000);
INSERT INTO `dim_county` VALUES (140428, '长子县', 140400, 140000);
INSERT INTO `dim_county` VALUES (140429, '武乡县', 140400, 140000);
INSERT INTO `dim_county` VALUES (140430, '沁县', 140400, 140000);
INSERT INTO `dim_county` VALUES (140431, '沁源县', 140400, 140000);
INSERT INTO `dim_county` VALUES (140481, '潞城市', 140400, 140000);
INSERT INTO `dim_county` VALUES (140501, '市辖区', 140500, 140000);
INSERT INTO `dim_county` VALUES (140502, '城区', 140500, 140000);
INSERT INTO `dim_county` VALUES (140521, '沁水县', 140500, 140000);
INSERT INTO `dim_county` VALUES (140522, '阳城县', 140500, 140000);
INSERT INTO `dim_county` VALUES (140524, '陵川县', 140500, 140000);
INSERT INTO `dim_county` VALUES (140525, '泽州县', 140500, 140000);
INSERT INTO `dim_county` VALUES (140581, '高平市', 140500, 140000);
INSERT INTO `dim_county` VALUES (140601, '市辖区', 140600, 140000);
INSERT INTO `dim_county` VALUES (140602, '朔城区', 140600, 140000);
INSERT INTO `dim_county` VALUES (140603, '平鲁区', 140600, 140000);
INSERT INTO `dim_county` VALUES (140621, '山阴县', 140600, 140000);
INSERT INTO `dim_county` VALUES (140622, '应县', 140600, 140000);
INSERT INTO `dim_county` VALUES (140623, '右玉县', 140600, 140000);
INSERT INTO `dim_county` VALUES (140624, '怀仁县', 140600, 140000);
INSERT INTO `dim_county` VALUES (140701, '市辖区', 140700, 140000);
INSERT INTO `dim_county` VALUES (140702, '榆次区', 140700, 140000);
INSERT INTO `dim_county` VALUES (140721, '榆社县', 140700, 140000);
INSERT INTO `dim_county` VALUES (140722, '左权县', 140700, 140000);
INSERT INTO `dim_county` VALUES (140723, '和顺县', 140700, 140000);
INSERT INTO `dim_county` VALUES (140724, '昔阳县', 140700, 140000);
INSERT INTO `dim_county` VALUES (140725, '寿阳县', 140700, 140000);
INSERT INTO `dim_county` VALUES (140726, '太谷县', 140700, 140000);
INSERT INTO `dim_county` VALUES (140727, '祁县', 140700, 140000);
INSERT INTO `dim_county` VALUES (140728, '平遥县', 140700, 140000);
INSERT INTO `dim_county` VALUES (140729, '灵石县', 140700, 140000);
INSERT INTO `dim_county` VALUES (140781, '介休市', 140700, 140000);
INSERT INTO `dim_county` VALUES (140801, '市辖区', 140800, 140000);
INSERT INTO `dim_county` VALUES (140802, '盐湖区', 140800, 140000);
INSERT INTO `dim_county` VALUES (140821, '临猗县', 140800, 140000);
INSERT INTO `dim_county` VALUES (140822, '万荣县', 140800, 140000);
INSERT INTO `dim_county` VALUES (140823, '闻喜县', 140800, 140000);
INSERT INTO `dim_county` VALUES (140824, '稷山县', 140800, 140000);
INSERT INTO `dim_county` VALUES (140825, '新绛县', 140800, 140000);
INSERT INTO `dim_county` VALUES (140826, '绛县', 140800, 140000);
INSERT INTO `dim_county` VALUES (140827, '垣曲县', 140800, 140000);
INSERT INTO `dim_county` VALUES (140828, '夏县', 140800, 140000);
INSERT INTO `dim_county` VALUES (140829, '平陆县', 140800, 140000);
INSERT INTO `dim_county` VALUES (140830, '芮城县', 140800, 140000);
INSERT INTO `dim_county` VALUES (140881, '永济市', 140800, 140000);
INSERT INTO `dim_county` VALUES (140882, '河津市', 140800, 140000);
INSERT INTO `dim_county` VALUES (140901, '市辖区', 140900, 140000);
INSERT INTO `dim_county` VALUES (140902, '忻府区', 140900, 140000);
INSERT INTO `dim_county` VALUES (140921, '定襄县', 140900, 140000);
INSERT INTO `dim_county` VALUES (140922, '五台县', 140900, 140000);
INSERT INTO `dim_county` VALUES (140923, '代县', 140900, 140000);
INSERT INTO `dim_county` VALUES (140924, '繁峙县', 140900, 140000);
INSERT INTO `dim_county` VALUES (140925, '宁武县', 140900, 140000);
INSERT INTO `dim_county` VALUES (140926, '静乐县', 140900, 140000);
INSERT INTO `dim_county` VALUES (140927, '神池县', 140900, 140000);
INSERT INTO `dim_county` VALUES (140928, '五寨县', 140900, 140000);
INSERT INTO `dim_county` VALUES (140929, '岢岚县', 140900, 140000);
INSERT INTO `dim_county` VALUES (140930, '河曲县', 140900, 140000);
INSERT INTO `dim_county` VALUES (140931, '保德县', 140900, 140000);
INSERT INTO `dim_county` VALUES (140932, '偏关县', 140900, 140000);
INSERT INTO `dim_county` VALUES (140981, '原平市', 140900, 140000);
INSERT INTO `dim_county` VALUES (141001, '市辖区', 141000, 140000);
INSERT INTO `dim_county` VALUES (141002, '尧都区', 141000, 140000);
INSERT INTO `dim_county` VALUES (141021, '曲沃县', 141000, 140000);
INSERT INTO `dim_county` VALUES (141022, '翼城县', 141000, 140000);
INSERT INTO `dim_county` VALUES (141023, '襄汾县', 141000, 140000);
INSERT INTO `dim_county` VALUES (141024, '洪洞县', 141000, 140000);
INSERT INTO `dim_county` VALUES (141025, '古县', 141000, 140000);
INSERT INTO `dim_county` VALUES (141026, '安泽县', 141000, 140000);
INSERT INTO `dim_county` VALUES (141027, '浮山县', 141000, 140000);
INSERT INTO `dim_county` VALUES (141028, '吉县', 141000, 140000);
INSERT INTO `dim_county` VALUES (141029, '乡宁县', 141000, 140000);
INSERT INTO `dim_county` VALUES (141030, '大宁县', 141000, 140000);
INSERT INTO `dim_county` VALUES (141031, '隰县', 141000, 140000);
INSERT INTO `dim_county` VALUES (141032, '永和县', 141000, 140000);
INSERT INTO `dim_county` VALUES (141033, '蒲县', 141000, 140000);
INSERT INTO `dim_county` VALUES (141034, '汾西县', 141000, 140000);
INSERT INTO `dim_county` VALUES (141081, '侯马市', 141000, 140000);
INSERT INTO `dim_county` VALUES (141082, '霍州市', 141000, 140000);
INSERT INTO `dim_county` VALUES (141101, '市辖区', 141100, 140000);
INSERT INTO `dim_county` VALUES (141102, '离石区', 141100, 140000);
INSERT INTO `dim_county` VALUES (141121, '文水县', 141100, 140000);
INSERT INTO `dim_county` VALUES (141122, '交城县', 141100, 140000);
INSERT INTO `dim_county` VALUES (141123, '兴县', 141100, 140000);
INSERT INTO `dim_county` VALUES (141124, '临县', 141100, 140000);
INSERT INTO `dim_county` VALUES (141125, '柳林县', 141100, 140000);
INSERT INTO `dim_county` VALUES (141126, '石楼县', 141100, 140000);
INSERT INTO `dim_county` VALUES (141127, '岚县', 141100, 140000);
INSERT INTO `dim_county` VALUES (141128, '方山县', 141100, 140000);
INSERT INTO `dim_county` VALUES (141129, '中阳县', 141100, 140000);
INSERT INTO `dim_county` VALUES (141130, '交口县', 141100, 140000);
INSERT INTO `dim_county` VALUES (141181, '孝义市', 141100, 140000);
INSERT INTO `dim_county` VALUES (141182, '汾阳市', 141100, 140000);
INSERT INTO `dim_county` VALUES (150101, '市辖区', 150100, 150000);
INSERT INTO `dim_county` VALUES (150102, '新城区', 150100, 150000);
INSERT INTO `dim_county` VALUES (150103, '回民区', 150100, 150000);
INSERT INTO `dim_county` VALUES (150104, '玉泉区', 150100, 150000);
INSERT INTO `dim_county` VALUES (150105, '赛罕区', 150100, 150000);
INSERT INTO `dim_county` VALUES (150121, '土默特左旗', 150100, 150000);
INSERT INTO `dim_county` VALUES (150122, '托克托县', 150100, 150000);
INSERT INTO `dim_county` VALUES (150123, '和林格尔县', 150100, 150000);
INSERT INTO `dim_county` VALUES (150124, '清水河县', 150100, 150000);
INSERT INTO `dim_county` VALUES (150125, '武川县', 150100, 150000);
INSERT INTO `dim_county` VALUES (150201, '市辖区', 150200, 150000);
INSERT INTO `dim_county` VALUES (150202, '东河区', 150200, 150000);
INSERT INTO `dim_county` VALUES (150203, '昆都仑区', 150200, 150000);
INSERT INTO `dim_county` VALUES (150204, '青山区', 150200, 150000);
INSERT INTO `dim_county` VALUES (150205, '石拐区', 150200, 150000);
INSERT INTO `dim_county` VALUES (150206, '白云鄂博矿区', 150200, 150000);
INSERT INTO `dim_county` VALUES (150207, '九原区', 150200, 150000);
INSERT INTO `dim_county` VALUES (150221, '土默特右旗', 150200, 150000);
INSERT INTO `dim_county` VALUES (150222, '固阳县', 150200, 150000);
INSERT INTO `dim_county` VALUES (150223, '达尔罕茂明安联合旗', 150200, 150000);
INSERT INTO `dim_county` VALUES (150301, '市辖区', 150300, 150000);
INSERT INTO `dim_county` VALUES (150302, '海勃湾区', 150300, 150000);
INSERT INTO `dim_county` VALUES (150303, '海南区', 150300, 150000);
INSERT INTO `dim_county` VALUES (150304, '乌达区', 150300, 150000);
INSERT INTO `dim_county` VALUES (150401, '市辖区', 150400, 150000);
INSERT INTO `dim_county` VALUES (150402, '红山区', 150400, 150000);
INSERT INTO `dim_county` VALUES (150403, '元宝山区', 150400, 150000);
INSERT INTO `dim_county` VALUES (150404, '松山区', 150400, 150000);
INSERT INTO `dim_county` VALUES (150421, '阿鲁科尔沁旗', 150400, 150000);
INSERT INTO `dim_county` VALUES (150422, '巴林左旗', 150400, 150000);
INSERT INTO `dim_county` VALUES (150423, '巴林右旗', 150400, 150000);
INSERT INTO `dim_county` VALUES (150424, '林西县', 150400, 150000);
INSERT INTO `dim_county` VALUES (150425, '克什克腾旗', 150400, 150000);
INSERT INTO `dim_county` VALUES (150426, '翁牛特旗', 150400, 150000);
INSERT INTO `dim_county` VALUES (150428, '喀喇沁旗', 150400, 150000);
INSERT INTO `dim_county` VALUES (150429, '宁城县', 150400, 150000);
INSERT INTO `dim_county` VALUES (150430, '敖汉旗', 150400, 150000);
INSERT INTO `dim_county` VALUES (150501, '市辖区', 150500, 150000);
INSERT INTO `dim_county` VALUES (150502, '科尔沁区', 150500, 150000);
INSERT INTO `dim_county` VALUES (150521, '科尔沁左翼中旗', 150500, 150000);
INSERT INTO `dim_county` VALUES (150522, '科尔沁左翼后旗', 150500, 150000);
INSERT INTO `dim_county` VALUES (150523, '开鲁县', 150500, 150000);
INSERT INTO `dim_county` VALUES (150524, '库伦旗', 150500, 150000);
INSERT INTO `dim_county` VALUES (150525, '奈曼旗', 150500, 150000);
INSERT INTO `dim_county` VALUES (150526, '扎鲁特旗', 150500, 150000);
INSERT INTO `dim_county` VALUES (150581, '霍林郭勒市', 150500, 150000);
INSERT INTO `dim_county` VALUES (150601, '市辖区', 150600, 150000);
INSERT INTO `dim_county` VALUES (150602, '东胜区', 150600, 150000);
INSERT INTO `dim_county` VALUES (150603, '康巴什区', 150600, 150000);
INSERT INTO `dim_county` VALUES (150621, '达拉特旗', 150600, 150000);
INSERT INTO `dim_county` VALUES (150622, '准格尔旗', 150600, 150000);
INSERT INTO `dim_county` VALUES (150623, '鄂托克前旗', 150600, 150000);
INSERT INTO `dim_county` VALUES (150624, '鄂托克旗', 150600, 150000);
INSERT INTO `dim_county` VALUES (150625, '杭锦旗', 150600, 150000);
INSERT INTO `dim_county` VALUES (150626, '乌审旗', 150600, 150000);
INSERT INTO `dim_county` VALUES (150627, '伊金霍洛旗', 150600, 150000);
INSERT INTO `dim_county` VALUES (150701, '市辖区', 150700, 150000);
INSERT INTO `dim_county` VALUES (150702, '海拉尔区', 150700, 150000);
INSERT INTO `dim_county` VALUES (150703, '扎赉诺尔区', 150700, 150000);
INSERT INTO `dim_county` VALUES (150721, '阿荣旗', 150700, 150000);
INSERT INTO `dim_county` VALUES (150722, '莫力达瓦达斡尔族自治旗', 150700, 150000);
INSERT INTO `dim_county` VALUES (150723, '鄂伦春自治旗', 150700, 150000);
INSERT INTO `dim_county` VALUES (150724, '鄂温克族自治旗', 150700, 150000);
INSERT INTO `dim_county` VALUES (150725, '陈巴尔虎旗', 150700, 150000);
INSERT INTO `dim_county` VALUES (150726, '新巴尔虎左旗', 150700, 150000);
INSERT INTO `dim_county` VALUES (150727, '新巴尔虎右旗', 150700, 150000);
INSERT INTO `dim_county` VALUES (150781, '满洲里市', 150700, 150000);
INSERT INTO `dim_county` VALUES (150782, '牙克石市', 150700, 150000);
INSERT INTO `dim_county` VALUES (150783, '扎兰屯市', 150700, 150000);
INSERT INTO `dim_county` VALUES (150784, '额尔古纳市', 150700, 150000);
INSERT INTO `dim_county` VALUES (150785, '根河市', 150700, 150000);
INSERT INTO `dim_county` VALUES (150801, '市辖区', 150800, 150000);
INSERT INTO `dim_county` VALUES (150802, '临河区', 150800, 150000);
INSERT INTO `dim_county` VALUES (150821, '五原县', 150800, 150000);
INSERT INTO `dim_county` VALUES (150822, '磴口县', 150800, 150000);
INSERT INTO `dim_county` VALUES (150823, '乌拉特前旗', 150800, 150000);
INSERT INTO `dim_county` VALUES (150824, '乌拉特中旗', 150800, 150000);
INSERT INTO `dim_county` VALUES (150825, '乌拉特后旗', 150800, 150000);
INSERT INTO `dim_county` VALUES (150826, '杭锦后旗', 150800, 150000);
INSERT INTO `dim_county` VALUES (150901, '市辖区', 150900, 150000);
INSERT INTO `dim_county` VALUES (150902, '集宁区', 150900, 150000);
INSERT INTO `dim_county` VALUES (150921, '卓资县', 150900, 150000);
INSERT INTO `dim_county` VALUES (150922, '化德县', 150900, 150000);
INSERT INTO `dim_county` VALUES (150923, '商都县', 150900, 150000);
INSERT INTO `dim_county` VALUES (150924, '兴和县', 150900, 150000);
INSERT INTO `dim_county` VALUES (150925, '凉城县', 150900, 150000);
INSERT INTO `dim_county` VALUES (150926, '察哈尔右翼前旗', 150900, 150000);
INSERT INTO `dim_county` VALUES (150927, '察哈尔右翼中旗', 150900, 150000);
INSERT INTO `dim_county` VALUES (150928, '察哈尔右翼后旗', 150900, 150000);
INSERT INTO `dim_county` VALUES (150929, '四子王旗', 150900, 150000);
INSERT INTO `dim_county` VALUES (150981, '丰镇市', 150900, 150000);
INSERT INTO `dim_county` VALUES (152201, '乌兰浩特市', 152200, 150000);
INSERT INTO `dim_county` VALUES (152202, '阿尔山市', 152200, 150000);
INSERT INTO `dim_county` VALUES (152221, '科尔沁右翼前旗', 152200, 150000);
INSERT INTO `dim_county` VALUES (152222, '科尔沁右翼中旗', 152200, 150000);
INSERT INTO `dim_county` VALUES (152223, '扎赉特旗', 152200, 150000);
INSERT INTO `dim_county` VALUES (152224, '突泉县', 152200, 150000);
INSERT INTO `dim_county` VALUES (152501, '二连浩特市', 152500, 150000);
INSERT INTO `dim_county` VALUES (152502, '锡林浩特市', 152500, 150000);
INSERT INTO `dim_county` VALUES (152522, '阿巴嘎旗', 152500, 150000);
INSERT INTO `dim_county` VALUES (152523, '苏尼特左旗', 152500, 150000);
INSERT INTO `dim_county` VALUES (152524, '苏尼特右旗', 152500, 150000);
INSERT INTO `dim_county` VALUES (152525, '东乌珠穆沁旗', 152500, 150000);
INSERT INTO `dim_county` VALUES (152526, '西乌珠穆沁旗', 152500, 150000);
INSERT INTO `dim_county` VALUES (152527, '太仆寺旗', 152500, 150000);
INSERT INTO `dim_county` VALUES (152528, '镶黄旗', 152500, 150000);
INSERT INTO `dim_county` VALUES (152529, '正镶白旗', 152500, 150000);
INSERT INTO `dim_county` VALUES (152530, '正蓝旗', 152500, 150000);
INSERT INTO `dim_county` VALUES (152531, '多伦县', 152500, 150000);
INSERT INTO `dim_county` VALUES (152921, '阿拉善左旗', 152900, 150000);
INSERT INTO `dim_county` VALUES (152922, '阿拉善右旗', 152900, 150000);
INSERT INTO `dim_county` VALUES (152923, '额济纳旗', 152900, 150000);
INSERT INTO `dim_county` VALUES (210101, '市辖区', 210100, 210000);
INSERT INTO `dim_county` VALUES (210102, '和平区', 210100, 210000);
INSERT INTO `dim_county` VALUES (210103, '沈河区', 210100, 210000);
INSERT INTO `dim_county` VALUES (210104, '大东区', 210100, 210000);
INSERT INTO `dim_county` VALUES (210105, '皇姑区', 210100, 210000);
INSERT INTO `dim_county` VALUES (210106, '铁西区', 210100, 210000);
INSERT INTO `dim_county` VALUES (210111, '苏家屯区', 210100, 210000);
INSERT INTO `dim_county` VALUES (210112, '浑南区', 210100, 210000);
INSERT INTO `dim_county` VALUES (210113, '沈北新区', 210100, 210000);
INSERT INTO `dim_county` VALUES (210114, '于洪区', 210100, 210000);
INSERT INTO `dim_county` VALUES (210115, '辽中区', 210100, 210000);
INSERT INTO `dim_county` VALUES (210123, '康平县', 210100, 210000);
INSERT INTO `dim_county` VALUES (210124, '法库县', 210100, 210000);
INSERT INTO `dim_county` VALUES (210181, '新民市', 210100, 210000);
INSERT INTO `dim_county` VALUES (210201, '市辖区', 210200, 210000);
INSERT INTO `dim_county` VALUES (210202, '中山区', 210200, 210000);
INSERT INTO `dim_county` VALUES (210203, '西岗区', 210200, 210000);
INSERT INTO `dim_county` VALUES (210204, '沙河口区', 210200, 210000);
INSERT INTO `dim_county` VALUES (210211, '甘井子区', 210200, 210000);
INSERT INTO `dim_county` VALUES (210212, '旅顺口区', 210200, 210000);
INSERT INTO `dim_county` VALUES (210213, '金州区', 210200, 210000);
INSERT INTO `dim_county` VALUES (210214, '普兰店区', 210200, 210000);
INSERT INTO `dim_county` VALUES (210224, '长海县', 210200, 210000);
INSERT INTO `dim_county` VALUES (210281, '瓦房店市', 210200, 210000);
INSERT INTO `dim_county` VALUES (210283, '庄河市', 210200, 210000);
INSERT INTO `dim_county` VALUES (210301, '市辖区', 210300, 210000);
INSERT INTO `dim_county` VALUES (210302, '铁东区', 210300, 210000);
INSERT INTO `dim_county` VALUES (210303, '铁西区', 210300, 210000);
INSERT INTO `dim_county` VALUES (210304, '立山区', 210300, 210000);
INSERT INTO `dim_county` VALUES (210311, '千山区', 210300, 210000);
INSERT INTO `dim_county` VALUES (210321, '台安县', 210300, 210000);
INSERT INTO `dim_county` VALUES (210323, '岫岩满族自治县', 210300, 210000);
INSERT INTO `dim_county` VALUES (210381, '海城市', 210300, 210000);
INSERT INTO `dim_county` VALUES (210401, '市辖区', 210400, 210000);
INSERT INTO `dim_county` VALUES (210402, '新抚区', 210400, 210000);
INSERT INTO `dim_county` VALUES (210403, '东洲区', 210400, 210000);
INSERT INTO `dim_county` VALUES (210404, '望花区', 210400, 210000);
INSERT INTO `dim_county` VALUES (210411, '顺城区', 210400, 210000);
INSERT INTO `dim_county` VALUES (210421, '抚顺县', 210400, 210000);
INSERT INTO `dim_county` VALUES (210422, '新宾满族自治县', 210400, 210000);
INSERT INTO `dim_county` VALUES (210423, '清原满族自治县', 210400, 210000);
INSERT INTO `dim_county` VALUES (210501, '市辖区', 210500, 210000);
INSERT INTO `dim_county` VALUES (210502, '平山区', 210500, 210000);
INSERT INTO `dim_county` VALUES (210503, '溪湖区', 210500, 210000);
INSERT INTO `dim_county` VALUES (210504, '明山区', 210500, 210000);
INSERT INTO `dim_county` VALUES (210505, '南芬区', 210500, 210000);
INSERT INTO `dim_county` VALUES (210521, '本溪满族自治县', 210500, 210000);
INSERT INTO `dim_county` VALUES (210522, '桓仁满族自治县', 210500, 210000);
INSERT INTO `dim_county` VALUES (210601, '市辖区', 210600, 210000);
INSERT INTO `dim_county` VALUES (210602, '元宝区', 210600, 210000);
INSERT INTO `dim_county` VALUES (210603, '振兴区', 210600, 210000);
INSERT INTO `dim_county` VALUES (210604, '振安区', 210600, 210000);
INSERT INTO `dim_county` VALUES (210624, '宽甸满族自治县', 210600, 210000);
INSERT INTO `dim_county` VALUES (210681, '东港市', 210600, 210000);
INSERT INTO `dim_county` VALUES (210682, '凤城市', 210600, 210000);
INSERT INTO `dim_county` VALUES (210701, '市辖区', 210700, 210000);
INSERT INTO `dim_county` VALUES (210702, '古塔区', 210700, 210000);
INSERT INTO `dim_county` VALUES (210703, '凌河区', 210700, 210000);
INSERT INTO `dim_county` VALUES (210711, '太和区', 210700, 210000);
INSERT INTO `dim_county` VALUES (210726, '黑山县', 210700, 210000);
INSERT INTO `dim_county` VALUES (210727, '义县', 210700, 210000);
INSERT INTO `dim_county` VALUES (210781, '凌海市', 210700, 210000);
INSERT INTO `dim_county` VALUES (210782, '北镇市', 210700, 210000);
INSERT INTO `dim_county` VALUES (210801, '市辖区', 210800, 210000);
INSERT INTO `dim_county` VALUES (210802, '站前区', 210800, 210000);
INSERT INTO `dim_county` VALUES (210803, '西市区', 210800, 210000);
INSERT INTO `dim_county` VALUES (210804, '鲅鱼圈区', 210800, 210000);
INSERT INTO `dim_county` VALUES (210811, '老边区', 210800, 210000);
INSERT INTO `dim_county` VALUES (210881, '盖州市', 210800, 210000);
INSERT INTO `dim_county` VALUES (210882, '大石桥市', 210800, 210000);
INSERT INTO `dim_county` VALUES (210901, '市辖区', 210900, 210000);
INSERT INTO `dim_county` VALUES (210902, '海州区', 210900, 210000);
INSERT INTO `dim_county` VALUES (210903, '新邱区', 210900, 210000);
INSERT INTO `dim_county` VALUES (210904, '太平区', 210900, 210000);
INSERT INTO `dim_county` VALUES (210905, '清河门区', 210900, 210000);
INSERT INTO `dim_county` VALUES (210911, '细河区', 210900, 210000);
INSERT INTO `dim_county` VALUES (210921, '阜新蒙古族自治县', 210900, 210000);
INSERT INTO `dim_county` VALUES (210922, '彰武县', 210900, 210000);
INSERT INTO `dim_county` VALUES (211001, '市辖区', 211000, 210000);
INSERT INTO `dim_county` VALUES (211002, '白塔区', 211000, 210000);
INSERT INTO `dim_county` VALUES (211003, '文圣区', 211000, 210000);
INSERT INTO `dim_county` VALUES (211004, '宏伟区', 211000, 210000);
INSERT INTO `dim_county` VALUES (211005, '弓长岭区', 211000, 210000);
INSERT INTO `dim_county` VALUES (211011, '太子河区', 211000, 210000);
INSERT INTO `dim_county` VALUES (211021, '辽阳县', 211000, 210000);
INSERT INTO `dim_county` VALUES (211081, '灯塔市', 211000, 210000);
INSERT INTO `dim_county` VALUES (211101, '市辖区', 211100, 210000);
INSERT INTO `dim_county` VALUES (211102, '双台子区', 211100, 210000);
INSERT INTO `dim_county` VALUES (211103, '兴隆台区', 211100, 210000);
INSERT INTO `dim_county` VALUES (211104, '大洼区', 211100, 210000);
INSERT INTO `dim_county` VALUES (211122, '盘山县', 211100, 210000);
INSERT INTO `dim_county` VALUES (211201, '市辖区', 211200, 210000);
INSERT INTO `dim_county` VALUES (211202, '银州区', 211200, 210000);
INSERT INTO `dim_county` VALUES (211204, '清河区', 211200, 210000);
INSERT INTO `dim_county` VALUES (211221, '铁岭县', 211200, 210000);
INSERT INTO `dim_county` VALUES (211223, '西丰县', 211200, 210000);
INSERT INTO `dim_county` VALUES (211224, '昌图县', 211200, 210000);
INSERT INTO `dim_county` VALUES (211281, '调兵山市', 211200, 210000);
INSERT INTO `dim_county` VALUES (211282, '开原市', 211200, 210000);
INSERT INTO `dim_county` VALUES (211301, '市辖区', 211300, 210000);
INSERT INTO `dim_county` VALUES (211302, '双塔区', 211300, 210000);
INSERT INTO `dim_county` VALUES (211303, '龙城区', 211300, 210000);
INSERT INTO `dim_county` VALUES (211321, '朝阳县', 211300, 210000);
INSERT INTO `dim_county` VALUES (211322, '建平县', 211300, 210000);
INSERT INTO `dim_county` VALUES (211324, '喀喇沁左翼蒙古族自治县', 211300, 210000);
INSERT INTO `dim_county` VALUES (211381, '北票市', 211300, 210000);
INSERT INTO `dim_county` VALUES (211382, '凌源市', 211300, 210000);
INSERT INTO `dim_county` VALUES (211401, '市辖区', 211400, 210000);
INSERT INTO `dim_county` VALUES (211402, '连山区', 211400, 210000);
INSERT INTO `dim_county` VALUES (211403, '龙港区', 211400, 210000);
INSERT INTO `dim_county` VALUES (211404, '南票区', 211400, 210000);
INSERT INTO `dim_county` VALUES (211421, '绥中县', 211400, 210000);
INSERT INTO `dim_county` VALUES (211422, '建昌县', 211400, 210000);
INSERT INTO `dim_county` VALUES (211481, '兴城市', 211400, 210000);
INSERT INTO `dim_county` VALUES (220101, '市辖区', 220100, 220000);
INSERT INTO `dim_county` VALUES (220102, '南关区', 220100, 220000);
INSERT INTO `dim_county` VALUES (220103, '宽城区', 220100, 220000);
INSERT INTO `dim_county` VALUES (220104, '朝阳区', 220100, 220000);
INSERT INTO `dim_county` VALUES (220105, '二道区', 220100, 220000);
INSERT INTO `dim_county` VALUES (220106, '绿园区', 220100, 220000);
INSERT INTO `dim_county` VALUES (220112, '双阳区', 220100, 220000);
INSERT INTO `dim_county` VALUES (220113, '九台区', 220100, 220000);
INSERT INTO `dim_county` VALUES (220122, '农安县', 220100, 220000);
INSERT INTO `dim_county` VALUES (220182, '榆树市', 220100, 220000);
INSERT INTO `dim_county` VALUES (220183, '德惠市', 220100, 220000);
INSERT INTO `dim_county` VALUES (220201, '市辖区', 220200, 220000);
INSERT INTO `dim_county` VALUES (220202, '昌邑区', 220200, 220000);
INSERT INTO `dim_county` VALUES (220203, '龙潭区', 220200, 220000);
INSERT INTO `dim_county` VALUES (220204, '船营区', 220200, 220000);
INSERT INTO `dim_county` VALUES (220211, '丰满区', 220200, 220000);
INSERT INTO `dim_county` VALUES (220221, '永吉县', 220200, 220000);
INSERT INTO `dim_county` VALUES (220281, '蛟河市', 220200, 220000);
INSERT INTO `dim_county` VALUES (220282, '桦甸市', 220200, 220000);
INSERT INTO `dim_county` VALUES (220283, '舒兰市', 220200, 220000);
INSERT INTO `dim_county` VALUES (220284, '磐石市', 220200, 220000);
INSERT INTO `dim_county` VALUES (220301, '市辖区', 220300, 220000);
INSERT INTO `dim_county` VALUES (220302, '铁西区', 220300, 220000);
INSERT INTO `dim_county` VALUES (220303, '铁东区', 220300, 220000);
INSERT INTO `dim_county` VALUES (220322, '梨树县', 220300, 220000);
INSERT INTO `dim_county` VALUES (220323, '伊通满族自治县', 220300, 220000);
INSERT INTO `dim_county` VALUES (220381, '公主岭市', 220300, 220000);
INSERT INTO `dim_county` VALUES (220382, '双辽市', 220300, 220000);
INSERT INTO `dim_county` VALUES (220401, '市辖区', 220400, 220000);
INSERT INTO `dim_county` VALUES (220402, '龙山区', 220400, 220000);
INSERT INTO `dim_county` VALUES (220403, '西安区', 220400, 220000);
INSERT INTO `dim_county` VALUES (220421, '东丰县', 220400, 220000);
INSERT INTO `dim_county` VALUES (220422, '东辽县', 220400, 220000);
INSERT INTO `dim_county` VALUES (220501, '市辖区', 220500, 220000);
INSERT INTO `dim_county` VALUES (220502, '东昌区', 220500, 220000);
INSERT INTO `dim_county` VALUES (220503, '二道江区', 220500, 220000);
INSERT INTO `dim_county` VALUES (220521, '通化县', 220500, 220000);
INSERT INTO `dim_county` VALUES (220523, '辉南县', 220500, 220000);
INSERT INTO `dim_county` VALUES (220524, '柳河县', 220500, 220000);
INSERT INTO `dim_county` VALUES (220581, '梅河口市', 220500, 220000);
INSERT INTO `dim_county` VALUES (220582, '集安市', 220500, 220000);
INSERT INTO `dim_county` VALUES (220601, '市辖区', 220600, 220000);
INSERT INTO `dim_county` VALUES (220602, '浑江区', 220600, 220000);
INSERT INTO `dim_county` VALUES (220605, '江源区', 220600, 220000);
INSERT INTO `dim_county` VALUES (220621, '抚松县', 220600, 220000);
INSERT INTO `dim_county` VALUES (220622, '靖宇县', 220600, 220000);
INSERT INTO `dim_county` VALUES (220623, '长白朝鲜族自治县', 220600, 220000);
INSERT INTO `dim_county` VALUES (220681, '临江市', 220600, 220000);
INSERT INTO `dim_county` VALUES (220701, '市辖区', 220700, 220000);
INSERT INTO `dim_county` VALUES (220702, '宁江区', 220700, 220000);
INSERT INTO `dim_county` VALUES (220721, '前郭尔罗斯蒙古族自治县', 220700, 220000);
INSERT INTO `dim_county` VALUES (220722, '长岭县', 220700, 220000);
INSERT INTO `dim_county` VALUES (220723, '乾安县', 220700, 220000);
INSERT INTO `dim_county` VALUES (220781, '扶余市', 220700, 220000);
INSERT INTO `dim_county` VALUES (220801, '市辖区', 220800, 220000);
INSERT INTO `dim_county` VALUES (220802, '洮北区', 220800, 220000);
INSERT INTO `dim_county` VALUES (220821, '镇赉县', 220800, 220000);
INSERT INTO `dim_county` VALUES (220822, '通榆县', 220800, 220000);
INSERT INTO `dim_county` VALUES (220881, '洮南市', 220800, 220000);
INSERT INTO `dim_county` VALUES (220882, '大安市', 220800, 220000);
INSERT INTO `dim_county` VALUES (222401, '延吉市', 222400, 220000);
INSERT INTO `dim_county` VALUES (222402, '图们市', 222400, 220000);
INSERT INTO `dim_county` VALUES (222403, '敦化市', 222400, 220000);
INSERT INTO `dim_county` VALUES (222404, '珲春市', 222400, 220000);
INSERT INTO `dim_county` VALUES (222405, '龙井市', 222400, 220000);
INSERT INTO `dim_county` VALUES (222406, '和龙市', 222400, 220000);
INSERT INTO `dim_county` VALUES (222424, '汪清县', 222400, 220000);
INSERT INTO `dim_county` VALUES (222426, '安图县', 222400, 220000);
INSERT INTO `dim_county` VALUES (230101, '市辖区', 230100, 230000);
INSERT INTO `dim_county` VALUES (230102, '道里区', 230100, 230000);
INSERT INTO `dim_county` VALUES (230103, '南岗区', 230100, 230000);
INSERT INTO `dim_county` VALUES (230104, '道外区', 230100, 230000);
INSERT INTO `dim_county` VALUES (230108, '平房区', 230100, 230000);
INSERT INTO `dim_county` VALUES (230109, '松北区', 230100, 230000);
INSERT INTO `dim_county` VALUES (230110, '香坊区', 230100, 230000);
INSERT INTO `dim_county` VALUES (230111, '呼兰区', 230100, 230000);
INSERT INTO `dim_county` VALUES (230112, '阿城区', 230100, 230000);
INSERT INTO `dim_county` VALUES (230113, '双城区', 230100, 230000);
INSERT INTO `dim_county` VALUES (230123, '依兰县', 230100, 230000);
INSERT INTO `dim_county` VALUES (230124, '方正县', 230100, 230000);
INSERT INTO `dim_county` VALUES (230125, '宾县', 230100, 230000);
INSERT INTO `dim_county` VALUES (230126, '巴彦县', 230100, 230000);
INSERT INTO `dim_county` VALUES (230127, '木兰县', 230100, 230000);
INSERT INTO `dim_county` VALUES (230128, '通河县', 230100, 230000);
INSERT INTO `dim_county` VALUES (230129, '延寿县', 230100, 230000);
INSERT INTO `dim_county` VALUES (230183, '尚志市', 230100, 230000);
INSERT INTO `dim_county` VALUES (230184, '五常市', 230100, 230000);
INSERT INTO `dim_county` VALUES (230201, '市辖区', 230200, 230000);
INSERT INTO `dim_county` VALUES (230202, '龙沙区', 230200, 230000);
INSERT INTO `dim_county` VALUES (230203, '建华区', 230200, 230000);
INSERT INTO `dim_county` VALUES (230204, '铁锋区', 230200, 230000);
INSERT INTO `dim_county` VALUES (230205, '昂昂溪区', 230200, 230000);
INSERT INTO `dim_county` VALUES (230206, '富拉尔基区', 230200, 230000);
INSERT INTO `dim_county` VALUES (230207, '碾子山区', 230200, 230000);
INSERT INTO `dim_county` VALUES (230208, '梅里斯达斡尔族区', 230200, 230000);
INSERT INTO `dim_county` VALUES (230221, '龙江县', 230200, 230000);
INSERT INTO `dim_county` VALUES (230223, '依安县', 230200, 230000);
INSERT INTO `dim_county` VALUES (230224, '泰来县', 230200, 230000);
INSERT INTO `dim_county` VALUES (230225, '甘南县', 230200, 230000);
INSERT INTO `dim_county` VALUES (230227, '富裕县', 230200, 230000);
INSERT INTO `dim_county` VALUES (230229, '克山县', 230200, 230000);
INSERT INTO `dim_county` VALUES (230230, '克东县', 230200, 230000);
INSERT INTO `dim_county` VALUES (230231, '拜泉县', 230200, 230000);
INSERT INTO `dim_county` VALUES (230281, '讷河市', 230200, 230000);
INSERT INTO `dim_county` VALUES (230301, '市辖区', 230300, 230000);
INSERT INTO `dim_county` VALUES (230302, '鸡冠区', 230300, 230000);
INSERT INTO `dim_county` VALUES (230303, '恒山区', 230300, 230000);
INSERT INTO `dim_county` VALUES (230304, '滴道区', 230300, 230000);
INSERT INTO `dim_county` VALUES (230305, '梨树区', 230300, 230000);
INSERT INTO `dim_county` VALUES (230306, '城子河区', 230300, 230000);
INSERT INTO `dim_county` VALUES (230307, '麻山区', 230300, 230000);
INSERT INTO `dim_county` VALUES (230321, '鸡东县', 230300, 230000);
INSERT INTO `dim_county` VALUES (230381, '虎林市', 230300, 230000);
INSERT INTO `dim_county` VALUES (230382, '密山市', 230300, 230000);
INSERT INTO `dim_county` VALUES (230401, '市辖区', 230400, 230000);
INSERT INTO `dim_county` VALUES (230402, '向阳区', 230400, 230000);
INSERT INTO `dim_county` VALUES (230403, '工农区', 230400, 230000);
INSERT INTO `dim_county` VALUES (230404, '南山区', 230400, 230000);
INSERT INTO `dim_county` VALUES (230405, '兴安区', 230400, 230000);
INSERT INTO `dim_county` VALUES (230406, '东山区', 230400, 230000);
INSERT INTO `dim_county` VALUES (230407, '兴山区', 230400, 230000);
INSERT INTO `dim_county` VALUES (230421, '萝北县', 230400, 230000);
INSERT INTO `dim_county` VALUES (230422, '绥滨县', 230400, 230000);
INSERT INTO `dim_county` VALUES (230501, '市辖区', 230500, 230000);
INSERT INTO `dim_county` VALUES (230502, '尖山区', 230500, 230000);
INSERT INTO `dim_county` VALUES (230503, '岭东区', 230500, 230000);
INSERT INTO `dim_county` VALUES (230505, '四方台区', 230500, 230000);
INSERT INTO `dim_county` VALUES (230506, '宝山区', 230500, 230000);
INSERT INTO `dim_county` VALUES (230521, '集贤县', 230500, 230000);
INSERT INTO `dim_county` VALUES (230522, '友谊县', 230500, 230000);
INSERT INTO `dim_county` VALUES (230523, '宝清县', 230500, 230000);
INSERT INTO `dim_county` VALUES (230524, '饶河县', 230500, 230000);
INSERT INTO `dim_county` VALUES (230601, '市辖区', 230600, 230000);
INSERT INTO `dim_county` VALUES (230602, '萨尔图区', 230600, 230000);
INSERT INTO `dim_county` VALUES (230603, '龙凤区', 230600, 230000);
INSERT INTO `dim_county` VALUES (230604, '让胡路区', 230600, 230000);
INSERT INTO `dim_county` VALUES (230605, '红岗区', 230600, 230000);
INSERT INTO `dim_county` VALUES (230606, '大同区', 230600, 230000);
INSERT INTO `dim_county` VALUES (230621, '肇州县', 230600, 230000);
INSERT INTO `dim_county` VALUES (230622, '肇源县', 230600, 230000);
INSERT INTO `dim_county` VALUES (230623, '林甸县', 230600, 230000);
INSERT INTO `dim_county` VALUES (230624, '杜尔伯特蒙古族自治县', 230600, 230000);
INSERT INTO `dim_county` VALUES (230701, '市辖区', 230700, 230000);
INSERT INTO `dim_county` VALUES (230702, '伊春区', 230700, 230000);
INSERT INTO `dim_county` VALUES (230703, '南岔区', 230700, 230000);
INSERT INTO `dim_county` VALUES (230704, '友好区', 230700, 230000);
INSERT INTO `dim_county` VALUES (230705, '西林区', 230700, 230000);
INSERT INTO `dim_county` VALUES (230706, '翠峦区', 230700, 230000);
INSERT INTO `dim_county` VALUES (230707, '新青区', 230700, 230000);
INSERT INTO `dim_county` VALUES (230708, '美溪区', 230700, 230000);
INSERT INTO `dim_county` VALUES (230709, '金山屯区', 230700, 230000);
INSERT INTO `dim_county` VALUES (230710, '五营区', 230700, 230000);
INSERT INTO `dim_county` VALUES (230711, '乌马河区', 230700, 230000);
INSERT INTO `dim_county` VALUES (230712, '汤旺河区', 230700, 230000);
INSERT INTO `dim_county` VALUES (230713, '带岭区', 230700, 230000);
INSERT INTO `dim_county` VALUES (230714, '乌伊岭区', 230700, 230000);
INSERT INTO `dim_county` VALUES (230715, '红星区', 230700, 230000);
INSERT INTO `dim_county` VALUES (230716, '上甘岭区', 230700, 230000);
INSERT INTO `dim_county` VALUES (230722, '嘉荫县', 230700, 230000);
INSERT INTO `dim_county` VALUES (230781, '铁力市', 230700, 230000);
INSERT INTO `dim_county` VALUES (230801, '市辖区', 230800, 230000);
INSERT INTO `dim_county` VALUES (230803, '向阳区', 230800, 230000);
INSERT INTO `dim_county` VALUES (230804, '前进区', 230800, 230000);
INSERT INTO `dim_county` VALUES (230805, '东风区', 230800, 230000);
INSERT INTO `dim_county` VALUES (230811, '郊区', 230800, 230000);
INSERT INTO `dim_county` VALUES (230822, '桦南县', 230800, 230000);
INSERT INTO `dim_county` VALUES (230826, '桦川县', 230800, 230000);
INSERT INTO `dim_county` VALUES (230828, '汤原县', 230800, 230000);
INSERT INTO `dim_county` VALUES (230881, '同江市', 230800, 230000);
INSERT INTO `dim_county` VALUES (230882, '富锦市', 230800, 230000);
INSERT INTO `dim_county` VALUES (230883, '抚远市', 230800, 230000);
INSERT INTO `dim_county` VALUES (230901, '市辖区', 230900, 230000);
INSERT INTO `dim_county` VALUES (230902, '新兴区', 230900, 230000);
INSERT INTO `dim_county` VALUES (230903, '桃山区', 230900, 230000);
INSERT INTO `dim_county` VALUES (230904, '茄子河区', 230900, 230000);
INSERT INTO `dim_county` VALUES (230921, '勃利县', 230900, 230000);
INSERT INTO `dim_county` VALUES (231001, '市辖区', 231000, 230000);
INSERT INTO `dim_county` VALUES (231002, '东安区', 231000, 230000);
INSERT INTO `dim_county` VALUES (231003, '阳明区', 231000, 230000);
INSERT INTO `dim_county` VALUES (231004, '爱民区', 231000, 230000);
INSERT INTO `dim_county` VALUES (231005, '西安区', 231000, 230000);
INSERT INTO `dim_county` VALUES (231025, '林口县', 231000, 230000);
INSERT INTO `dim_county` VALUES (231081, '绥芬河市', 231000, 230000);
INSERT INTO `dim_county` VALUES (231083, '海林市', 231000, 230000);
INSERT INTO `dim_county` VALUES (231084, '宁安市', 231000, 230000);
INSERT INTO `dim_county` VALUES (231085, '穆棱市', 231000, 230000);
INSERT INTO `dim_county` VALUES (231086, '东宁市', 231000, 230000);
INSERT INTO `dim_county` VALUES (231101, '市辖区', 231100, 230000);
INSERT INTO `dim_county` VALUES (231102, '爱辉区', 231100, 230000);
INSERT INTO `dim_county` VALUES (231121, '嫩江县', 231100, 230000);
INSERT INTO `dim_county` VALUES (231123, '逊克县', 231100, 230000);
INSERT INTO `dim_county` VALUES (231124, '孙吴县', 231100, 230000);
INSERT INTO `dim_county` VALUES (231181, '北安市', 231100, 230000);
INSERT INTO `dim_county` VALUES (231182, '五大连池市', 231100, 230000);
INSERT INTO `dim_county` VALUES (231201, '市辖区', 231200, 230000);
INSERT INTO `dim_county` VALUES (231202, '北林区', 231200, 230000);
INSERT INTO `dim_county` VALUES (231221, '望奎县', 231200, 230000);
INSERT INTO `dim_county` VALUES (231222, '兰西县', 231200, 230000);
INSERT INTO `dim_county` VALUES (231223, '青冈县', 231200, 230000);
INSERT INTO `dim_county` VALUES (231224, '庆安县', 231200, 230000);
INSERT INTO `dim_county` VALUES (231225, '明水县', 231200, 230000);
INSERT INTO `dim_county` VALUES (231226, '绥棱县', 231200, 230000);
INSERT INTO `dim_county` VALUES (231281, '安达市', 231200, 230000);
INSERT INTO `dim_county` VALUES (231282, '肇东市', 231200, 230000);
INSERT INTO `dim_county` VALUES (231283, '海伦市', 231200, 230000);
INSERT INTO `dim_county` VALUES (232721, '呼玛县', 232700, 230000);
INSERT INTO `dim_county` VALUES (232722, '塔河县', 232700, 230000);
INSERT INTO `dim_county` VALUES (232723, '漠河县', 232700, 230000);
INSERT INTO `dim_county` VALUES (310101, '黄浦区', 310100, 310000);
INSERT INTO `dim_county` VALUES (310104, '徐汇区', 310100, 310000);
INSERT INTO `dim_county` VALUES (310105, '长宁区', 310100, 310000);
INSERT INTO `dim_county` VALUES (310106, '静安区', 310100, 310000);
INSERT INTO `dim_county` VALUES (310107, '普陀区', 310100, 310000);
INSERT INTO `dim_county` VALUES (310109, '虹口区', 310100, 310000);
INSERT INTO `dim_county` VALUES (310110, '杨浦区', 310100, 310000);
INSERT INTO `dim_county` VALUES (310112, '闵行区', 310100, 310000);
INSERT INTO `dim_county` VALUES (310113, '宝山区', 310100, 310000);
INSERT INTO `dim_county` VALUES (310114, '嘉定区', 310100, 310000);
INSERT INTO `dim_county` VALUES (310115, '浦东新区', 310100, 310000);
INSERT INTO `dim_county` VALUES (310116, '金山区', 310100, 310000);
INSERT INTO `dim_county` VALUES (310117, '松江区', 310100, 310000);
INSERT INTO `dim_county` VALUES (310118, '青浦区', 310100, 310000);
INSERT INTO `dim_county` VALUES (310120, '奉贤区', 310100, 310000);
INSERT INTO `dim_county` VALUES (310151, '崇明区', 310100, 310000);
INSERT INTO `dim_county` VALUES (320101, '市辖区', 320100, 320000);
INSERT INTO `dim_county` VALUES (320102, '玄武区', 320100, 320000);
INSERT INTO `dim_county` VALUES (320104, '秦淮区', 320100, 320000);
INSERT INTO `dim_county` VALUES (320105, '建邺区', 320100, 320000);
INSERT INTO `dim_county` VALUES (320106, '鼓楼区', 320100, 320000);
INSERT INTO `dim_county` VALUES (320111, '浦口区', 320100, 320000);
INSERT INTO `dim_county` VALUES (320113, '栖霞区', 320100, 320000);
INSERT INTO `dim_county` VALUES (320114, '雨花台区', 320100, 320000);
INSERT INTO `dim_county` VALUES (320115, '江宁区', 320100, 320000);
INSERT INTO `dim_county` VALUES (320116, '六合区', 320100, 320000);
INSERT INTO `dim_county` VALUES (320117, '溧水区', 320100, 320000);
INSERT INTO `dim_county` VALUES (320118, '高淳区', 320100, 320000);
INSERT INTO `dim_county` VALUES (320201, '市辖区', 320200, 320000);
INSERT INTO `dim_county` VALUES (320205, '锡山区', 320200, 320000);
INSERT INTO `dim_county` VALUES (320206, '惠山区', 320200, 320000);
INSERT INTO `dim_county` VALUES (320211, '滨湖区', 320200, 320000);
INSERT INTO `dim_county` VALUES (320213, '梁溪区', 320200, 320000);
INSERT INTO `dim_county` VALUES (320214, '新吴区', 320200, 320000);
INSERT INTO `dim_county` VALUES (320281, '江阴市', 320200, 320000);
INSERT INTO `dim_county` VALUES (320282, '宜兴市', 320200, 320000);
INSERT INTO `dim_county` VALUES (320301, '市辖区', 320300, 320000);
INSERT INTO `dim_county` VALUES (320302, '鼓楼区', 320300, 320000);
INSERT INTO `dim_county` VALUES (320303, '云龙区', 320300, 320000);
INSERT INTO `dim_county` VALUES (320305, '贾汪区', 320300, 320000);
INSERT INTO `dim_county` VALUES (320311, '泉山区', 320300, 320000);
INSERT INTO `dim_county` VALUES (320312, '铜山区', 320300, 320000);
INSERT INTO `dim_county` VALUES (320321, '丰县', 320300, 320000);
INSERT INTO `dim_county` VALUES (320322, '沛县', 320300, 320000);
INSERT INTO `dim_county` VALUES (320324, '睢宁县', 320300, 320000);
INSERT INTO `dim_county` VALUES (320381, '新沂市', 320300, 320000);
INSERT INTO `dim_county` VALUES (320382, '邳州市', 320300, 320000);
INSERT INTO `dim_county` VALUES (320401, '市辖区', 320400, 320000);
INSERT INTO `dim_county` VALUES (320402, '天宁区', 320400, 320000);
INSERT INTO `dim_county` VALUES (320404, '钟楼区', 320400, 320000);
INSERT INTO `dim_county` VALUES (320411, '新北区', 320400, 320000);
INSERT INTO `dim_county` VALUES (320412, '武进区', 320400, 320000);
INSERT INTO `dim_county` VALUES (320413, '金坛区', 320400, 320000);
INSERT INTO `dim_county` VALUES (320481, '溧阳市', 320400, 320000);
INSERT INTO `dim_county` VALUES (320501, '市辖区', 320500, 320000);
INSERT INTO `dim_county` VALUES (320505, '虎丘区', 320500, 320000);
INSERT INTO `dim_county` VALUES (320506, '吴中区', 320500, 320000);
INSERT INTO `dim_county` VALUES (320507, '相城区', 320500, 320000);
INSERT INTO `dim_county` VALUES (320508, '姑苏区', 320500, 320000);
INSERT INTO `dim_county` VALUES (320509, '吴江区', 320500, 320000);
INSERT INTO `dim_county` VALUES (320581, '常熟市', 320500, 320000);
INSERT INTO `dim_county` VALUES (320582, '张家港市', 320500, 320000);
INSERT INTO `dim_county` VALUES (320583, '昆山市', 320500, 320000);
INSERT INTO `dim_county` VALUES (320585, '太仓市', 320500, 320000);
INSERT INTO `dim_county` VALUES (320601, '市辖区', 320600, 320000);
INSERT INTO `dim_county` VALUES (320602, '崇川区', 320600, 320000);
INSERT INTO `dim_county` VALUES (320611, '港闸区', 320600, 320000);
INSERT INTO `dim_county` VALUES (320612, '通州区', 320600, 320000);
INSERT INTO `dim_county` VALUES (320621, '海安县', 320600, 320000);
INSERT INTO `dim_county` VALUES (320623, '如东县', 320600, 320000);
INSERT INTO `dim_county` VALUES (320681, '启东市', 320600, 320000);
INSERT INTO `dim_county` VALUES (320682, '如皋市', 320600, 320000);
INSERT INTO `dim_county` VALUES (320684, '海门市', 320600, 320000);
INSERT INTO `dim_county` VALUES (320701, '市辖区', 320700, 320000);
INSERT INTO `dim_county` VALUES (320703, '连云区', 320700, 320000);
INSERT INTO `dim_county` VALUES (320706, '海州区', 320700, 320000);
INSERT INTO `dim_county` VALUES (320707, '赣榆区', 320700, 320000);
INSERT INTO `dim_county` VALUES (320722, '东海县', 320700, 320000);
INSERT INTO `dim_county` VALUES (320723, '灌云县', 320700, 320000);
INSERT INTO `dim_county` VALUES (320724, '灌南县', 320700, 320000);
INSERT INTO `dim_county` VALUES (320801, '市辖区', 320800, 320000);
INSERT INTO `dim_county` VALUES (320803, '淮安区', 320800, 320000);
INSERT INTO `dim_county` VALUES (320804, '淮阴区', 320800, 320000);
INSERT INTO `dim_county` VALUES (320812, '清江浦区', 320800, 320000);
INSERT INTO `dim_county` VALUES (320813, '洪泽区', 320800, 320000);
INSERT INTO `dim_county` VALUES (320826, '涟水县', 320800, 320000);
INSERT INTO `dim_county` VALUES (320830, '盱眙县', 320800, 320000);
INSERT INTO `dim_county` VALUES (320831, '金湖县', 320800, 320000);
INSERT INTO `dim_county` VALUES (320901, '市辖区', 320900, 320000);
INSERT INTO `dim_county` VALUES (320902, '亭湖区', 320900, 320000);
INSERT INTO `dim_county` VALUES (320903, '盐都区', 320900, 320000);
INSERT INTO `dim_county` VALUES (320904, '大丰区', 320900, 320000);
INSERT INTO `dim_county` VALUES (320921, '响水县', 320900, 320000);
INSERT INTO `dim_county` VALUES (320922, '滨海县', 320900, 320000);
INSERT INTO `dim_county` VALUES (320923, '阜宁县', 320900, 320000);
INSERT INTO `dim_county` VALUES (320924, '射阳县', 320900, 320000);
INSERT INTO `dim_county` VALUES (320925, '建湖县', 320900, 320000);
INSERT INTO `dim_county` VALUES (320981, '东台市', 320900, 320000);
INSERT INTO `dim_county` VALUES (321001, '市辖区', 321000, 320000);
INSERT INTO `dim_county` VALUES (321002, '广陵区', 321000, 320000);
INSERT INTO `dim_county` VALUES (321003, '邗江区', 321000, 320000);
INSERT INTO `dim_county` VALUES (321012, '江都区', 321000, 320000);
INSERT INTO `dim_county` VALUES (321023, '宝应县', 321000, 320000);
INSERT INTO `dim_county` VALUES (321081, '仪征市', 321000, 320000);
INSERT INTO `dim_county` VALUES (321084, '高邮市', 321000, 320000);
INSERT INTO `dim_county` VALUES (321101, '市辖区', 321100, 320000);
INSERT INTO `dim_county` VALUES (321102, '京口区', 321100, 320000);
INSERT INTO `dim_county` VALUES (321111, '润州区', 321100, 320000);
INSERT INTO `dim_county` VALUES (321112, '丹徒区', 321100, 320000);
INSERT INTO `dim_county` VALUES (321181, '丹阳市', 321100, 320000);
INSERT INTO `dim_county` VALUES (321182, '扬中市', 321100, 320000);
INSERT INTO `dim_county` VALUES (321183, '句容市', 321100, 320000);
INSERT INTO `dim_county` VALUES (321201, '市辖区', 321200, 320000);
INSERT INTO `dim_county` VALUES (321202, '海陵区', 321200, 320000);
INSERT INTO `dim_county` VALUES (321203, '高港区', 321200, 320000);
INSERT INTO `dim_county` VALUES (321204, '姜堰区', 321200, 320000);
INSERT INTO `dim_county` VALUES (321281, '兴化市', 321200, 320000);
INSERT INTO `dim_county` VALUES (321282, '靖江市', 321200, 320000);
INSERT INTO `dim_county` VALUES (321283, '泰兴市', 321200, 320000);
INSERT INTO `dim_county` VALUES (321301, '市辖区', 321300, 320000);
INSERT INTO `dim_county` VALUES (321302, '宿城区', 321300, 320000);
INSERT INTO `dim_county` VALUES (321311, '宿豫区', 321300, 320000);
INSERT INTO `dim_county` VALUES (321322, '沭阳县', 321300, 320000);
INSERT INTO `dim_county` VALUES (321323, '泗阳县', 321300, 320000);
INSERT INTO `dim_county` VALUES (321324, '泗洪县', 321300, 320000);
INSERT INTO `dim_county` VALUES (330101, '市辖区', 330100, 330000);
INSERT INTO `dim_county` VALUES (330102, '上城区', 330100, 330000);
INSERT INTO `dim_county` VALUES (330103, '下城区', 330100, 330000);
INSERT INTO `dim_county` VALUES (330104, '江干区', 330100, 330000);
INSERT INTO `dim_county` VALUES (330105, '拱墅区', 330100, 330000);
INSERT INTO `dim_county` VALUES (330106, '西湖区', 330100, 330000);
INSERT INTO `dim_county` VALUES (330108, '滨江区', 330100, 330000);
INSERT INTO `dim_county` VALUES (330109, '萧山区', 330100, 330000);
INSERT INTO `dim_county` VALUES (330110, '余杭区', 330100, 330000);
INSERT INTO `dim_county` VALUES (330111, '富阳区', 330100, 330000);
INSERT INTO `dim_county` VALUES (330122, '桐庐县', 330100, 330000);
INSERT INTO `dim_county` VALUES (330127, '淳安县', 330100, 330000);
INSERT INTO `dim_county` VALUES (330182, '建德市', 330100, 330000);
INSERT INTO `dim_county` VALUES (330185, '临安市', 330100, 330000);
INSERT INTO `dim_county` VALUES (330201, '市辖区', 330200, 330000);
INSERT INTO `dim_county` VALUES (330203, '海曙区', 330200, 330000);
INSERT INTO `dim_county` VALUES (330204, '江东区', 330200, 330000);
INSERT INTO `dim_county` VALUES (330205, '江北区', 330200, 330000);
INSERT INTO `dim_county` VALUES (330206, '北仑区', 330200, 330000);
INSERT INTO `dim_county` VALUES (330211, '镇海区', 330200, 330000);
INSERT INTO `dim_county` VALUES (330212, '鄞州区', 330200, 330000);
INSERT INTO `dim_county` VALUES (330225, '象山县', 330200, 330000);
INSERT INTO `dim_county` VALUES (330226, '宁海县', 330200, 330000);
INSERT INTO `dim_county` VALUES (330281, '余姚市', 330200, 330000);
INSERT INTO `dim_county` VALUES (330282, '慈溪市', 330200, 330000);
INSERT INTO `dim_county` VALUES (330283, '奉化市', 330200, 330000);
INSERT INTO `dim_county` VALUES (330301, '市辖区', 330300, 330000);
INSERT INTO `dim_county` VALUES (330302, '鹿城区', 330300, 330000);
INSERT INTO `dim_county` VALUES (330303, '龙湾区', 330300, 330000);
INSERT INTO `dim_county` VALUES (330304, '瓯海区', 330300, 330000);
INSERT INTO `dim_county` VALUES (330305, '洞头区', 330300, 330000);
INSERT INTO `dim_county` VALUES (330324, '永嘉县', 330300, 330000);
INSERT INTO `dim_county` VALUES (330326, '平阳县', 330300, 330000);
INSERT INTO `dim_county` VALUES (330327, '苍南县', 330300, 330000);
INSERT INTO `dim_county` VALUES (330328, '文成县', 330300, 330000);
INSERT INTO `dim_county` VALUES (330329, '泰顺县', 330300, 330000);
INSERT INTO `dim_county` VALUES (330381, '瑞安市', 330300, 330000);
INSERT INTO `dim_county` VALUES (330382, '乐清市', 330300, 330000);
INSERT INTO `dim_county` VALUES (330401, '市辖区', 330400, 330000);
INSERT INTO `dim_county` VALUES (330402, '南湖区', 330400, 330000);
INSERT INTO `dim_county` VALUES (330411, '秀洲区', 330400, 330000);
INSERT INTO `dim_county` VALUES (330421, '嘉善县', 330400, 330000);
INSERT INTO `dim_county` VALUES (330424, '海盐县', 330400, 330000);
INSERT INTO `dim_county` VALUES (330481, '海宁市', 330400, 330000);
INSERT INTO `dim_county` VALUES (330482, '平湖市', 330400, 330000);
INSERT INTO `dim_county` VALUES (330483, '桐乡市', 330400, 330000);
INSERT INTO `dim_county` VALUES (330501, '市辖区', 330500, 330000);
INSERT INTO `dim_county` VALUES (330502, '吴兴区', 330500, 330000);
INSERT INTO `dim_county` VALUES (330503, '南浔区', 330500, 330000);
INSERT INTO `dim_county` VALUES (330521, '德清县', 330500, 330000);
INSERT INTO `dim_county` VALUES (330522, '长兴县', 330500, 330000);
INSERT INTO `dim_county` VALUES (330523, '安吉县', 330500, 330000);
INSERT INTO `dim_county` VALUES (330601, '市辖区', 330600, 330000);
INSERT INTO `dim_county` VALUES (330602, '越城区', 330600, 330000);
INSERT INTO `dim_county` VALUES (330603, '柯桥区', 330600, 330000);
INSERT INTO `dim_county` VALUES (330604, '上虞区', 330600, 330000);
INSERT INTO `dim_county` VALUES (330624, '新昌县', 330600, 330000);
INSERT INTO `dim_county` VALUES (330681, '诸暨市', 330600, 330000);
INSERT INTO `dim_county` VALUES (330683, '嵊州市', 330600, 330000);
INSERT INTO `dim_county` VALUES (330701, '市辖区', 330700, 330000);
INSERT INTO `dim_county` VALUES (330702, '婺城区', 330700, 330000);
INSERT INTO `dim_county` VALUES (330703, '金东区', 330700, 330000);
INSERT INTO `dim_county` VALUES (330723, '武义县', 330700, 330000);
INSERT INTO `dim_county` VALUES (330726, '浦江县', 330700, 330000);
INSERT INTO `dim_county` VALUES (330727, '磐安县', 330700, 330000);
INSERT INTO `dim_county` VALUES (330781, '兰溪市', 330700, 330000);
INSERT INTO `dim_county` VALUES (330782, '义乌市', 330700, 330000);
INSERT INTO `dim_county` VALUES (330783, '东阳市', 330700, 330000);
INSERT INTO `dim_county` VALUES (330784, '永康市', 330700, 330000);
INSERT INTO `dim_county` VALUES (330801, '市辖区', 330800, 330000);
INSERT INTO `dim_county` VALUES (330802, '柯城区', 330800, 330000);
INSERT INTO `dim_county` VALUES (330803, '衢江区', 330800, 330000);
INSERT INTO `dim_county` VALUES (330822, '常山县', 330800, 330000);
INSERT INTO `dim_county` VALUES (330824, '开化县', 330800, 330000);
INSERT INTO `dim_county` VALUES (330825, '龙游县', 330800, 330000);
INSERT INTO `dim_county` VALUES (330881, '江山市', 330800, 330000);
INSERT INTO `dim_county` VALUES (330901, '市辖区', 330900, 330000);
INSERT INTO `dim_county` VALUES (330902, '定海区', 330900, 330000);
INSERT INTO `dim_county` VALUES (330903, '普陀区', 330900, 330000);
INSERT INTO `dim_county` VALUES (330921, '岱山县', 330900, 330000);
INSERT INTO `dim_county` VALUES (330922, '嵊泗县', 330900, 330000);
INSERT INTO `dim_county` VALUES (331001, '市辖区', 331000, 330000);
INSERT INTO `dim_county` VALUES (331002, '椒江区', 331000, 330000);
INSERT INTO `dim_county` VALUES (331003, '黄岩区', 331000, 330000);
INSERT INTO `dim_county` VALUES (331004, '路桥区', 331000, 330000);
INSERT INTO `dim_county` VALUES (331021, '玉环县', 331000, 330000);
INSERT INTO `dim_county` VALUES (331022, '三门县', 331000, 330000);
INSERT INTO `dim_county` VALUES (331023, '天台县', 331000, 330000);
INSERT INTO `dim_county` VALUES (331024, '仙居县', 331000, 330000);
INSERT INTO `dim_county` VALUES (331081, '温岭市', 331000, 330000);
INSERT INTO `dim_county` VALUES (331082, '临海市', 331000, 330000);
INSERT INTO `dim_county` VALUES (331101, '市辖区', 331100, 330000);
INSERT INTO `dim_county` VALUES (331102, '莲都区', 331100, 330000);
INSERT INTO `dim_county` VALUES (331121, '青田县', 331100, 330000);
INSERT INTO `dim_county` VALUES (331122, '缙云县', 331100, 330000);
INSERT INTO `dim_county` VALUES (331123, '遂昌县', 331100, 330000);
INSERT INTO `dim_county` VALUES (331124, '松阳县', 331100, 330000);
INSERT INTO `dim_county` VALUES (331125, '云和县', 331100, 330000);
INSERT INTO `dim_county` VALUES (331126, '庆元县', 331100, 330000);
INSERT INTO `dim_county` VALUES (331127, '景宁畲族自治县', 331100, 330000);
INSERT INTO `dim_county` VALUES (331181, '龙泉市', 331100, 330000);
INSERT INTO `dim_county` VALUES (340101, '市辖区', 340100, 340000);
INSERT INTO `dim_county` VALUES (340102, '瑶海区', 340100, 340000);
INSERT INTO `dim_county` VALUES (340103, '庐阳区', 340100, 340000);
INSERT INTO `dim_county` VALUES (340104, '蜀山区', 340100, 340000);
INSERT INTO `dim_county` VALUES (340111, '包河区', 340100, 340000);
INSERT INTO `dim_county` VALUES (340121, '长丰县', 340100, 340000);
INSERT INTO `dim_county` VALUES (340122, '肥东县', 340100, 340000);
INSERT INTO `dim_county` VALUES (340123, '肥西县', 340100, 340000);
INSERT INTO `dim_county` VALUES (340124, '庐江县', 340100, 340000);
INSERT INTO `dim_county` VALUES (340181, '巢湖市', 340100, 340000);
INSERT INTO `dim_county` VALUES (340201, '市辖区', 340200, 340000);
INSERT INTO `dim_county` VALUES (340202, '镜湖区', 340200, 340000);
INSERT INTO `dim_county` VALUES (340203, '弋江区', 340200, 340000);
INSERT INTO `dim_county` VALUES (340207, '鸠江区', 340200, 340000);
INSERT INTO `dim_county` VALUES (340208, '三山区', 340200, 340000);
INSERT INTO `dim_county` VALUES (340221, '芜湖县', 340200, 340000);
INSERT INTO `dim_county` VALUES (340222, '繁昌县', 340200, 340000);
INSERT INTO `dim_county` VALUES (340223, '南陵县', 340200, 340000);
INSERT INTO `dim_county` VALUES (340225, '无为县', 340200, 340000);
INSERT INTO `dim_county` VALUES (340301, '市辖区', 340300, 340000);
INSERT INTO `dim_county` VALUES (340302, '龙子湖区', 340300, 340000);
INSERT INTO `dim_county` VALUES (340303, '蚌山区', 340300, 340000);
INSERT INTO `dim_county` VALUES (340304, '禹会区', 340300, 340000);
INSERT INTO `dim_county` VALUES (340311, '淮上区', 340300, 340000);
INSERT INTO `dim_county` VALUES (340321, '怀远县', 340300, 340000);
INSERT INTO `dim_county` VALUES (340322, '五河县', 340300, 340000);
INSERT INTO `dim_county` VALUES (340323, '固镇县', 340300, 340000);
INSERT INTO `dim_county` VALUES (340401, '市辖区', 340400, 340000);
INSERT INTO `dim_county` VALUES (340402, '大通区', 340400, 340000);
INSERT INTO `dim_county` VALUES (340403, '田家庵区', 340400, 340000);
INSERT INTO `dim_county` VALUES (340404, '谢家集区', 340400, 340000);
INSERT INTO `dim_county` VALUES (340405, '八公山区', 340400, 340000);
INSERT INTO `dim_county` VALUES (340406, '潘集区', 340400, 340000);
INSERT INTO `dim_county` VALUES (340421, '凤台县', 340400, 340000);
INSERT INTO `dim_county` VALUES (340422, '寿县', 340400, 340000);
INSERT INTO `dim_county` VALUES (340501, '市辖区', 340500, 340000);
INSERT INTO `dim_county` VALUES (340503, '花山区', 340500, 340000);
INSERT INTO `dim_county` VALUES (340504, '雨山区', 340500, 340000);
INSERT INTO `dim_county` VALUES (340506, '博望区', 340500, 340000);
INSERT INTO `dim_county` VALUES (340521, '当涂县', 340500, 340000);
INSERT INTO `dim_county` VALUES (340522, '含山县', 340500, 340000);
INSERT INTO `dim_county` VALUES (340523, '和县', 340500, 340000);
INSERT INTO `dim_county` VALUES (340601, '市辖区', 340600, 340000);
INSERT INTO `dim_county` VALUES (340602, '杜集区', 340600, 340000);
INSERT INTO `dim_county` VALUES (340603, '相山区', 340600, 340000);
INSERT INTO `dim_county` VALUES (340604, '烈山区', 340600, 340000);
INSERT INTO `dim_county` VALUES (340621, '濉溪县', 340600, 340000);
INSERT INTO `dim_county` VALUES (340701, '市辖区', 340700, 340000);
INSERT INTO `dim_county` VALUES (340705, '铜官区', 340700, 340000);
INSERT INTO `dim_county` VALUES (340706, '义安区', 340700, 340000);
INSERT INTO `dim_county` VALUES (340711, '郊区', 340700, 340000);
INSERT INTO `dim_county` VALUES (340722, '枞阳县', 340700, 340000);
INSERT INTO `dim_county` VALUES (340801, '市辖区', 340800, 340000);
INSERT INTO `dim_county` VALUES (340802, '迎江区', 340800, 340000);
INSERT INTO `dim_county` VALUES (340803, '大观区', 340800, 340000);
INSERT INTO `dim_county` VALUES (340811, '宜秀区', 340800, 340000);
INSERT INTO `dim_county` VALUES (340822, '怀宁县', 340800, 340000);
INSERT INTO `dim_county` VALUES (340824, '潜山县', 340800, 340000);
INSERT INTO `dim_county` VALUES (340825, '太湖县', 340800, 340000);
INSERT INTO `dim_county` VALUES (340826, '宿松县', 340800, 340000);
INSERT INTO `dim_county` VALUES (340827, '望江县', 340800, 340000);
INSERT INTO `dim_county` VALUES (340828, '岳西县', 340800, 340000);
INSERT INTO `dim_county` VALUES (340881, '桐城市', 340800, 340000);
INSERT INTO `dim_county` VALUES (341001, '市辖区', 341000, 340000);
INSERT INTO `dim_county` VALUES (341002, '屯溪区', 341000, 340000);
INSERT INTO `dim_county` VALUES (341003, '黄山区', 341000, 340000);
INSERT INTO `dim_county` VALUES (341004, '徽州区', 341000, 340000);
INSERT INTO `dim_county` VALUES (341021, '歙县', 341000, 340000);
INSERT INTO `dim_county` VALUES (341022, '休宁县', 341000, 340000);
INSERT INTO `dim_county` VALUES (341023, '黟县', 341000, 340000);
INSERT INTO `dim_county` VALUES (341024, '祁门县', 341000, 340000);
INSERT INTO `dim_county` VALUES (341101, '市辖区', 341100, 340000);
INSERT INTO `dim_county` VALUES (341102, '琅琊区', 341100, 340000);
INSERT INTO `dim_county` VALUES (341103, '南谯区', 341100, 340000);
INSERT INTO `dim_county` VALUES (341122, '来安县', 341100, 340000);
INSERT INTO `dim_county` VALUES (341124, '全椒县', 341100, 340000);
INSERT INTO `dim_county` VALUES (341125, '定远县', 341100, 340000);
INSERT INTO `dim_county` VALUES (341126, '凤阳县', 341100, 340000);
INSERT INTO `dim_county` VALUES (341181, '天长市', 341100, 340000);
INSERT INTO `dim_county` VALUES (341182, '明光市', 341100, 340000);
INSERT INTO `dim_county` VALUES (341201, '市辖区', 341200, 340000);
INSERT INTO `dim_county` VALUES (341202, '颍州区', 341200, 340000);
INSERT INTO `dim_county` VALUES (341203, '颍东区', 341200, 340000);
INSERT INTO `dim_county` VALUES (341204, '颍泉区', 341200, 340000);
INSERT INTO `dim_county` VALUES (341221, '临泉县', 341200, 340000);
INSERT INTO `dim_county` VALUES (341222, '太和县', 341200, 340000);
INSERT INTO `dim_county` VALUES (341225, '阜南县', 341200, 340000);
INSERT INTO `dim_county` VALUES (341226, '颍上县', 341200, 340000);
INSERT INTO `dim_county` VALUES (341282, '界首市', 341200, 340000);
INSERT INTO `dim_county` VALUES (341301, '市辖区', 341300, 340000);
INSERT INTO `dim_county` VALUES (341302, '埇桥区', 341300, 340000);
INSERT INTO `dim_county` VALUES (341321, '砀山县', 341300, 340000);
INSERT INTO `dim_county` VALUES (341322, '萧县', 341300, 340000);
INSERT INTO `dim_county` VALUES (341323, '灵璧县', 341300, 340000);
INSERT INTO `dim_county` VALUES (341324, '泗县', 341300, 340000);
INSERT INTO `dim_county` VALUES (341501, '市辖区', 341500, 340000);
INSERT INTO `dim_county` VALUES (341502, '金安区', 341500, 340000);
INSERT INTO `dim_county` VALUES (341503, '裕安区', 341500, 340000);
INSERT INTO `dim_county` VALUES (341504, '叶集区', 341500, 340000);
INSERT INTO `dim_county` VALUES (341522, '霍邱县', 341500, 340000);
INSERT INTO `dim_county` VALUES (341523, '舒城县', 341500, 340000);
INSERT INTO `dim_county` VALUES (341524, '金寨县', 341500, 340000);
INSERT INTO `dim_county` VALUES (341525, '霍山县', 341500, 340000);
INSERT INTO `dim_county` VALUES (341601, '市辖区', 341600, 340000);
INSERT INTO `dim_county` VALUES (341602, '谯城区', 341600, 340000);
INSERT INTO `dim_county` VALUES (341621, '涡阳县', 341600, 340000);
INSERT INTO `dim_county` VALUES (341622, '蒙城县', 341600, 340000);
INSERT INTO `dim_county` VALUES (341623, '利辛县', 341600, 340000);
INSERT INTO `dim_county` VALUES (341701, '市辖区', 341700, 340000);
INSERT INTO `dim_county` VALUES (341702, '贵池区', 341700, 340000);
INSERT INTO `dim_county` VALUES (341721, '东至县', 341700, 340000);
INSERT INTO `dim_county` VALUES (341722, '石台县', 341700, 340000);
INSERT INTO `dim_county` VALUES (341723, '青阳县', 341700, 340000);
INSERT INTO `dim_county` VALUES (341801, '市辖区', 341800, 340000);
INSERT INTO `dim_county` VALUES (341802, '宣州区', 341800, 340000);
INSERT INTO `dim_county` VALUES (341821, '郎溪县', 341800, 340000);
INSERT INTO `dim_county` VALUES (341822, '广德县', 341800, 340000);
INSERT INTO `dim_county` VALUES (341823, '泾县', 341800, 340000);
INSERT INTO `dim_county` VALUES (341824, '绩溪县', 341800, 340000);
INSERT INTO `dim_county` VALUES (341825, '旌德县', 341800, 340000);
INSERT INTO `dim_county` VALUES (341881, '宁国市', 341800, 340000);
INSERT INTO `dim_county` VALUES (350101, '市辖区', 350100, 350000);
INSERT INTO `dim_county` VALUES (350102, '鼓楼区', 350100, 350000);
INSERT INTO `dim_county` VALUES (350103, '台江区', 350100, 350000);
INSERT INTO `dim_county` VALUES (350104, '仓山区', 350100, 350000);
INSERT INTO `dim_county` VALUES (350105, '马尾区', 350100, 350000);
INSERT INTO `dim_county` VALUES (350111, '晋安区', 350100, 350000);
INSERT INTO `dim_county` VALUES (350121, '闽侯县', 350100, 350000);
INSERT INTO `dim_county` VALUES (350122, '连江县', 350100, 350000);
INSERT INTO `dim_county` VALUES (350123, '罗源县', 350100, 350000);
INSERT INTO `dim_county` VALUES (350124, '闽清县', 350100, 350000);
INSERT INTO `dim_county` VALUES (350125, '永泰县', 350100, 350000);
INSERT INTO `dim_county` VALUES (350128, '平潭县', 350100, 350000);
INSERT INTO `dim_county` VALUES (350181, '福清市', 350100, 350000);
INSERT INTO `dim_county` VALUES (350182, '长乐市', 350100, 350000);
INSERT INTO `dim_county` VALUES (350201, '市辖区', 350200, 350000);
INSERT INTO `dim_county` VALUES (350203, '思明区', 350200, 350000);
INSERT INTO `dim_county` VALUES (350205, '海沧区', 350200, 350000);
INSERT INTO `dim_county` VALUES (350206, '湖里区', 350200, 350000);
INSERT INTO `dim_county` VALUES (350211, '集美区', 350200, 350000);
INSERT INTO `dim_county` VALUES (350212, '同安区', 350200, 350000);
INSERT INTO `dim_county` VALUES (350213, '翔安区', 350200, 350000);
INSERT INTO `dim_county` VALUES (350301, '市辖区', 350300, 350000);
INSERT INTO `dim_county` VALUES (350302, '城厢区', 350300, 350000);
INSERT INTO `dim_county` VALUES (350303, '涵江区', 350300, 350000);
INSERT INTO `dim_county` VALUES (350304, '荔城区', 350300, 350000);
INSERT INTO `dim_county` VALUES (350305, '秀屿区', 350300, 350000);
INSERT INTO `dim_county` VALUES (350322, '仙游县', 350300, 350000);
INSERT INTO `dim_county` VALUES (350401, '市辖区', 350400, 350000);
INSERT INTO `dim_county` VALUES (350402, '梅列区', 350400, 350000);
INSERT INTO `dim_county` VALUES (350403, '三元区', 350400, 350000);
INSERT INTO `dim_county` VALUES (350421, '明溪县', 350400, 350000);
INSERT INTO `dim_county` VALUES (350423, '清流县', 350400, 350000);
INSERT INTO `dim_county` VALUES (350424, '宁化县', 350400, 350000);
INSERT INTO `dim_county` VALUES (350425, '大田县', 350400, 350000);
INSERT INTO `dim_county` VALUES (350426, '尤溪县', 350400, 350000);
INSERT INTO `dim_county` VALUES (350427, '沙县', 350400, 350000);
INSERT INTO `dim_county` VALUES (350428, '将乐县', 350400, 350000);
INSERT INTO `dim_county` VALUES (350429, '泰宁县', 350400, 350000);
INSERT INTO `dim_county` VALUES (350430, '建宁县', 350400, 350000);
INSERT INTO `dim_county` VALUES (350481, '永安市', 350400, 350000);
INSERT INTO `dim_county` VALUES (350501, '市辖区', 350500, 350000);
INSERT INTO `dim_county` VALUES (350502, '鲤城区', 350500, 350000);
INSERT INTO `dim_county` VALUES (350503, '丰泽区', 350500, 350000);
INSERT INTO `dim_county` VALUES (350504, '洛江区', 350500, 350000);
INSERT INTO `dim_county` VALUES (350505, '泉港区', 350500, 350000);
INSERT INTO `dim_county` VALUES (350521, '惠安县', 350500, 350000);
INSERT INTO `dim_county` VALUES (350524, '安溪县', 350500, 350000);
INSERT INTO `dim_county` VALUES (350525, '永春县', 350500, 350000);
INSERT INTO `dim_county` VALUES (350526, '德化县', 350500, 350000);
INSERT INTO `dim_county` VALUES (350527, '金门县', 350500, 350000);
INSERT INTO `dim_county` VALUES (350581, '石狮市', 350500, 350000);
INSERT INTO `dim_county` VALUES (350582, '晋江市', 350500, 350000);
INSERT INTO `dim_county` VALUES (350583, '南安市', 350500, 350000);
INSERT INTO `dim_county` VALUES (350601, '市辖区', 350600, 350000);
INSERT INTO `dim_county` VALUES (350602, '芗城区', 350600, 350000);
INSERT INTO `dim_county` VALUES (350603, '龙文区', 350600, 350000);
INSERT INTO `dim_county` VALUES (350622, '云霄县', 350600, 350000);
INSERT INTO `dim_county` VALUES (350623, '漳浦县', 350600, 350000);
INSERT INTO `dim_county` VALUES (350624, '诏安县', 350600, 350000);
INSERT INTO `dim_county` VALUES (350625, '长泰县', 350600, 350000);
INSERT INTO `dim_county` VALUES (350626, '东山县', 350600, 350000);
INSERT INTO `dim_county` VALUES (350627, '南靖县', 350600, 350000);
INSERT INTO `dim_county` VALUES (350628, '平和县', 350600, 350000);
INSERT INTO `dim_county` VALUES (350629, '华安县', 350600, 350000);
INSERT INTO `dim_county` VALUES (350681, '龙海市', 350600, 350000);
INSERT INTO `dim_county` VALUES (350701, '市辖区', 350700, 350000);
INSERT INTO `dim_county` VALUES (350702, '延平区', 350700, 350000);
INSERT INTO `dim_county` VALUES (350703, '建阳区', 350700, 350000);
INSERT INTO `dim_county` VALUES (350721, '顺昌县', 350700, 350000);
INSERT INTO `dim_county` VALUES (350722, '浦城县', 350700, 350000);
INSERT INTO `dim_county` VALUES (350723, '光泽县', 350700, 350000);
INSERT INTO `dim_county` VALUES (350724, '松溪县', 350700, 350000);
INSERT INTO `dim_county` VALUES (350725, '政和县', 350700, 350000);
INSERT INTO `dim_county` VALUES (350781, '邵武市', 350700, 350000);
INSERT INTO `dim_county` VALUES (350782, '武夷山市', 350700, 350000);
INSERT INTO `dim_county` VALUES (350783, '建瓯市', 350700, 350000);
INSERT INTO `dim_county` VALUES (350801, '市辖区', 350800, 350000);
INSERT INTO `dim_county` VALUES (350802, '新罗区', 350800, 350000);
INSERT INTO `dim_county` VALUES (350803, '永定区', 350800, 350000);
INSERT INTO `dim_county` VALUES (350821, '长汀县', 350800, 350000);
INSERT INTO `dim_county` VALUES (350823, '上杭县', 350800, 350000);
INSERT INTO `dim_county` VALUES (350824, '武平县', 350800, 350000);
INSERT INTO `dim_county` VALUES (350825, '连城县', 350800, 350000);
INSERT INTO `dim_county` VALUES (350881, '漳平市', 350800, 350000);
INSERT INTO `dim_county` VALUES (350901, '市辖区', 350900, 350000);
INSERT INTO `dim_county` VALUES (350902, '蕉城区', 350900, 350000);
INSERT INTO `dim_county` VALUES (350921, '霞浦县', 350900, 350000);
INSERT INTO `dim_county` VALUES (350922, '古田县', 350900, 350000);
INSERT INTO `dim_county` VALUES (350923, '屏南县', 350900, 350000);
INSERT INTO `dim_county` VALUES (350924, '寿宁县', 350900, 350000);
INSERT INTO `dim_county` VALUES (350925, '周宁县', 350900, 350000);
INSERT INTO `dim_county` VALUES (350926, '柘荣县', 350900, 350000);
INSERT INTO `dim_county` VALUES (350981, '福安市', 350900, 350000);
INSERT INTO `dim_county` VALUES (350982, '福鼎市', 350900, 350000);
INSERT INTO `dim_county` VALUES (360101, '市辖区', 360100, 360000);
INSERT INTO `dim_county` VALUES (360102, '东湖区', 360100, 360000);
INSERT INTO `dim_county` VALUES (360103, '西湖区', 360100, 360000);
INSERT INTO `dim_county` VALUES (360104, '青云谱区', 360100, 360000);
INSERT INTO `dim_county` VALUES (360105, '湾里区', 360100, 360000);
INSERT INTO `dim_county` VALUES (360111, '青山湖区', 360100, 360000);
INSERT INTO `dim_county` VALUES (360112, '新建区', 360100, 360000);
INSERT INTO `dim_county` VALUES (360121, '南昌县', 360100, 360000);
INSERT INTO `dim_county` VALUES (360123, '安义县', 360100, 360000);
INSERT INTO `dim_county` VALUES (360124, '进贤县', 360100, 360000);
INSERT INTO `dim_county` VALUES (360201, '市辖区', 360200, 360000);
INSERT INTO `dim_county` VALUES (360202, '昌江区', 360200, 360000);
INSERT INTO `dim_county` VALUES (360203, '珠山区', 360200, 360000);
INSERT INTO `dim_county` VALUES (360222, '浮梁县', 360200, 360000);
INSERT INTO `dim_county` VALUES (360281, '乐平市', 360200, 360000);
INSERT INTO `dim_county` VALUES (360301, '市辖区', 360300, 360000);
INSERT INTO `dim_county` VALUES (360302, '安源区', 360300, 360000);
INSERT INTO `dim_county` VALUES (360313, '湘东区', 360300, 360000);
INSERT INTO `dim_county` VALUES (360321, '莲花县', 360300, 360000);
INSERT INTO `dim_county` VALUES (360322, '上栗县', 360300, 360000);
INSERT INTO `dim_county` VALUES (360323, '芦溪县', 360300, 360000);
INSERT INTO `dim_county` VALUES (360401, '市辖区', 360400, 360000);
INSERT INTO `dim_county` VALUES (360402, '濂溪区', 360400, 360000);
INSERT INTO `dim_county` VALUES (360403, '浔阳区', 360400, 360000);
INSERT INTO `dim_county` VALUES (360421, '九江县', 360400, 360000);
INSERT INTO `dim_county` VALUES (360423, '武宁县', 360400, 360000);
INSERT INTO `dim_county` VALUES (360424, '修水县', 360400, 360000);
INSERT INTO `dim_county` VALUES (360425, '永修县', 360400, 360000);
INSERT INTO `dim_county` VALUES (360426, '德安县', 360400, 360000);
INSERT INTO `dim_county` VALUES (360428, '都昌县', 360400, 360000);
INSERT INTO `dim_county` VALUES (360429, '湖口县', 360400, 360000);
INSERT INTO `dim_county` VALUES (360430, '彭泽县', 360400, 360000);
INSERT INTO `dim_county` VALUES (360481, '瑞昌市', 360400, 360000);
INSERT INTO `dim_county` VALUES (360482, '共青城市', 360400, 360000);
INSERT INTO `dim_county` VALUES (360483, '庐山市', 360400, 360000);
INSERT INTO `dim_county` VALUES (360501, '市辖区', 360500, 360000);
INSERT INTO `dim_county` VALUES (360502, '渝水区', 360500, 360000);
INSERT INTO `dim_county` VALUES (360521, '分宜县', 360500, 360000);
INSERT INTO `dim_county` VALUES (360601, '市辖区', 360600, 360000);
INSERT INTO `dim_county` VALUES (360602, '月湖区', 360600, 360000);
INSERT INTO `dim_county` VALUES (360622, '余江县', 360600, 360000);
INSERT INTO `dim_county` VALUES (360681, '贵溪市', 360600, 360000);
INSERT INTO `dim_county` VALUES (360701, '市辖区', 360700, 360000);
INSERT INTO `dim_county` VALUES (360702, '章贡区', 360700, 360000);
INSERT INTO `dim_county` VALUES (360703, '南康区', 360700, 360000);
INSERT INTO `dim_county` VALUES (360721, '赣县', 360700, 360000);
INSERT INTO `dim_county` VALUES (360722, '信丰县', 360700, 360000);
INSERT INTO `dim_county` VALUES (360723, '大余县', 360700, 360000);
INSERT INTO `dim_county` VALUES (360724, '上犹县', 360700, 360000);
INSERT INTO `dim_county` VALUES (360725, '崇义县', 360700, 360000);
INSERT INTO `dim_county` VALUES (360726, '安远县', 360700, 360000);
INSERT INTO `dim_county` VALUES (360727, '龙南县', 360700, 360000);
INSERT INTO `dim_county` VALUES (360728, '定南县', 360700, 360000);
INSERT INTO `dim_county` VALUES (360729, '全南县', 360700, 360000);
INSERT INTO `dim_county` VALUES (360730, '宁都县', 360700, 360000);
INSERT INTO `dim_county` VALUES (360731, '于都县', 360700, 360000);
INSERT INTO `dim_county` VALUES (360732, '兴国县', 360700, 360000);
INSERT INTO `dim_county` VALUES (360733, '会昌县', 360700, 360000);
INSERT INTO `dim_county` VALUES (360734, '寻乌县', 360700, 360000);
INSERT INTO `dim_county` VALUES (360735, '石城县', 360700, 360000);
INSERT INTO `dim_county` VALUES (360781, '瑞金市', 360700, 360000);
INSERT INTO `dim_county` VALUES (360801, '市辖区', 360800, 360000);
INSERT INTO `dim_county` VALUES (360802, '吉州区', 360800, 360000);
INSERT INTO `dim_county` VALUES (360803, '青原区', 360800, 360000);
INSERT INTO `dim_county` VALUES (360821, '吉安县', 360800, 360000);
INSERT INTO `dim_county` VALUES (360822, '吉水县', 360800, 360000);
INSERT INTO `dim_county` VALUES (360823, '峡江县', 360800, 360000);
INSERT INTO `dim_county` VALUES (360824, '新干县', 360800, 360000);
INSERT INTO `dim_county` VALUES (360825, '永丰县', 360800, 360000);
INSERT INTO `dim_county` VALUES (360826, '泰和县', 360800, 360000);
INSERT INTO `dim_county` VALUES (360827, '遂川县', 360800, 360000);
INSERT INTO `dim_county` VALUES (360828, '万安县', 360800, 360000);
INSERT INTO `dim_county` VALUES (360829, '安福县', 360800, 360000);
INSERT INTO `dim_county` VALUES (360830, '永新县', 360800, 360000);
INSERT INTO `dim_county` VALUES (360881, '井冈山市', 360800, 360000);
INSERT INTO `dim_county` VALUES (360901, '市辖区', 360900, 360000);
INSERT INTO `dim_county` VALUES (360902, '袁州区', 360900, 360000);
INSERT INTO `dim_county` VALUES (360921, '奉新县', 360900, 360000);
INSERT INTO `dim_county` VALUES (360922, '万载县', 360900, 360000);
INSERT INTO `dim_county` VALUES (360923, '上高县', 360900, 360000);
INSERT INTO `dim_county` VALUES (360924, '宜丰县', 360900, 360000);
INSERT INTO `dim_county` VALUES (360925, '靖安县', 360900, 360000);
INSERT INTO `dim_county` VALUES (360926, '铜鼓县', 360900, 360000);
INSERT INTO `dim_county` VALUES (360981, '丰城市', 360900, 360000);
INSERT INTO `dim_county` VALUES (360982, '樟树市', 360900, 360000);
INSERT INTO `dim_county` VALUES (360983, '高安市', 360900, 360000);
INSERT INTO `dim_county` VALUES (361001, '市辖区', 361000, 360000);
INSERT INTO `dim_county` VALUES (361002, '临川区', 361000, 360000);
INSERT INTO `dim_county` VALUES (361021, '南城县', 361000, 360000);
INSERT INTO `dim_county` VALUES (361022, '黎川县', 361000, 360000);
INSERT INTO `dim_county` VALUES (361023, '南丰县', 361000, 360000);
INSERT INTO `dim_county` VALUES (361024, '崇仁县', 361000, 360000);
INSERT INTO `dim_county` VALUES (361025, '乐安县', 361000, 360000);
INSERT INTO `dim_county` VALUES (361026, '宜黄县', 361000, 360000);
INSERT INTO `dim_county` VALUES (361027, '金溪县', 361000, 360000);
INSERT INTO `dim_county` VALUES (361028, '资溪县', 361000, 360000);
INSERT INTO `dim_county` VALUES (361029, '东乡县', 361000, 360000);
INSERT INTO `dim_county` VALUES (361030, '广昌县', 361000, 360000);
INSERT INTO `dim_county` VALUES (361101, '市辖区', 361100, 360000);
INSERT INTO `dim_county` VALUES (361102, '信州区', 361100, 360000);
INSERT INTO `dim_county` VALUES (361103, '广丰区', 361100, 360000);
INSERT INTO `dim_county` VALUES (361121, '上饶县', 361100, 360000);
INSERT INTO `dim_county` VALUES (361123, '玉山县', 361100, 360000);
INSERT INTO `dim_county` VALUES (361124, '铅山县', 361100, 360000);
INSERT INTO `dim_county` VALUES (361125, '横峰县', 361100, 360000);
INSERT INTO `dim_county` VALUES (361126, '弋阳县', 361100, 360000);
INSERT INTO `dim_county` VALUES (361127, '余干县', 361100, 360000);
INSERT INTO `dim_county` VALUES (361128, '鄱阳县', 361100, 360000);
INSERT INTO `dim_county` VALUES (361129, '万年县', 361100, 360000);
INSERT INTO `dim_county` VALUES (361130, '婺源县', 361100, 360000);
INSERT INTO `dim_county` VALUES (361181, '德兴市', 361100, 360000);
INSERT INTO `dim_county` VALUES (370101, '市辖区', 370100, 370000);
INSERT INTO `dim_county` VALUES (370102, '历下区', 370100, 370000);
INSERT INTO `dim_county` VALUES (370103, '市中区', 370100, 370000);
INSERT INTO `dim_county` VALUES (370104, '槐荫区', 370100, 370000);
INSERT INTO `dim_county` VALUES (370105, '天桥区', 370100, 370000);
INSERT INTO `dim_county` VALUES (370112, '历城区', 370100, 370000);
INSERT INTO `dim_county` VALUES (370113, '长清区', 370100, 370000);
INSERT INTO `dim_county` VALUES (370124, '平阴县', 370100, 370000);
INSERT INTO `dim_county` VALUES (370125, '济阳县', 370100, 370000);
INSERT INTO `dim_county` VALUES (370126, '商河县', 370100, 370000);
INSERT INTO `dim_county` VALUES (370181, '章丘市', 370100, 370000);
INSERT INTO `dim_county` VALUES (370201, '市辖区', 370200, 370000);
INSERT INTO `dim_county` VALUES (370202, '市南区', 370200, 370000);
INSERT INTO `dim_county` VALUES (370203, '市北区', 370200, 370000);
INSERT INTO `dim_county` VALUES (370211, '黄岛区', 370200, 370000);
INSERT INTO `dim_county` VALUES (370212, '崂山区', 370200, 370000);
INSERT INTO `dim_county` VALUES (370213, '李沧区', 370200, 370000);
INSERT INTO `dim_county` VALUES (370214, '城阳区', 370200, 370000);
INSERT INTO `dim_county` VALUES (370281, '胶州市', 370200, 370000);
INSERT INTO `dim_county` VALUES (370282, '即墨市', 370200, 370000);
INSERT INTO `dim_county` VALUES (370283, '平度市', 370200, 370000);
INSERT INTO `dim_county` VALUES (370285, '莱西市', 370200, 370000);
INSERT INTO `dim_county` VALUES (370301, '市辖区', 370300, 370000);
INSERT INTO `dim_county` VALUES (370302, '淄川区', 370300, 370000);
INSERT INTO `dim_county` VALUES (370303, '张店区', 370300, 370000);
INSERT INTO `dim_county` VALUES (370304, '博山区', 370300, 370000);
INSERT INTO `dim_county` VALUES (370305, '临淄区', 370300, 370000);
INSERT INTO `dim_county` VALUES (370306, '周村区', 370300, 370000);
INSERT INTO `dim_county` VALUES (370321, '桓台县', 370300, 370000);
INSERT INTO `dim_county` VALUES (370322, '高青县', 370300, 370000);
INSERT INTO `dim_county` VALUES (370323, '沂源县', 370300, 370000);
INSERT INTO `dim_county` VALUES (370401, '市辖区', 370400, 370000);
INSERT INTO `dim_county` VALUES (370402, '市中区', 370400, 370000);
INSERT INTO `dim_county` VALUES (370403, '薛城区', 370400, 370000);
INSERT INTO `dim_county` VALUES (370404, '峄城区', 370400, 370000);
INSERT INTO `dim_county` VALUES (370405, '台儿庄区', 370400, 370000);
INSERT INTO `dim_county` VALUES (370406, '山亭区', 370400, 370000);
INSERT INTO `dim_county` VALUES (370481, '滕州市', 370400, 370000);
INSERT INTO `dim_county` VALUES (370501, '市辖区', 370500, 370000);
INSERT INTO `dim_county` VALUES (370502, '东营区', 370500, 370000);
INSERT INTO `dim_county` VALUES (370503, '河口区', 370500, 370000);
INSERT INTO `dim_county` VALUES (370505, '垦利区', 370500, 370000);
INSERT INTO `dim_county` VALUES (370522, '利津县', 370500, 370000);
INSERT INTO `dim_county` VALUES (370523, '广饶县', 370500, 370000);
INSERT INTO `dim_county` VALUES (370601, '市辖区', 370600, 370000);
INSERT INTO `dim_county` VALUES (370602, '芝罘区', 370600, 370000);
INSERT INTO `dim_county` VALUES (370611, '福山区', 370600, 370000);
INSERT INTO `dim_county` VALUES (370612, '牟平区', 370600, 370000);
INSERT INTO `dim_county` VALUES (370613, '莱山区', 370600, 370000);
INSERT INTO `dim_county` VALUES (370634, '长岛县', 370600, 370000);
INSERT INTO `dim_county` VALUES (370681, '龙口市', 370600, 370000);
INSERT INTO `dim_county` VALUES (370682, '莱阳市', 370600, 370000);
INSERT INTO `dim_county` VALUES (370683, '莱州市', 370600, 370000);
INSERT INTO `dim_county` VALUES (370684, '蓬莱市', 370600, 370000);
INSERT INTO `dim_county` VALUES (370685, '招远市', 370600, 370000);
INSERT INTO `dim_county` VALUES (370686, '栖霞市', 370600, 370000);
INSERT INTO `dim_county` VALUES (370687, '海阳市', 370600, 370000);
INSERT INTO `dim_county` VALUES (370701, '市辖区', 370700, 370000);
INSERT INTO `dim_county` VALUES (370702, '潍城区', 370700, 370000);
INSERT INTO `dim_county` VALUES (370703, '寒亭区', 370700, 370000);
INSERT INTO `dim_county` VALUES (370704, '坊子区', 370700, 370000);
INSERT INTO `dim_county` VALUES (370705, '奎文区', 370700, 370000);
INSERT INTO `dim_county` VALUES (370724, '临朐县', 370700, 370000);
INSERT INTO `dim_county` VALUES (370725, '昌乐县', 370700, 370000);
INSERT INTO `dim_county` VALUES (370781, '青州市', 370700, 370000);
INSERT INTO `dim_county` VALUES (370782, '诸城市', 370700, 370000);
INSERT INTO `dim_county` VALUES (370783, '寿光市', 370700, 370000);
INSERT INTO `dim_county` VALUES (370784, '安丘市', 370700, 370000);
INSERT INTO `dim_county` VALUES (370785, '高密市', 370700, 370000);
INSERT INTO `dim_county` VALUES (370786, '昌邑市', 370700, 370000);
INSERT INTO `dim_county` VALUES (370801, '市辖区', 370800, 370000);
INSERT INTO `dim_county` VALUES (370811, '任城区', 370800, 370000);
INSERT INTO `dim_county` VALUES (370812, '兖州区', 370800, 370000);
INSERT INTO `dim_county` VALUES (370826, '微山县', 370800, 370000);
INSERT INTO `dim_county` VALUES (370827, '鱼台县', 370800, 370000);
INSERT INTO `dim_county` VALUES (370828, '金乡县', 370800, 370000);
INSERT INTO `dim_county` VALUES (370829, '嘉祥县', 370800, 370000);
INSERT INTO `dim_county` VALUES (370830, '汶上县', 370800, 370000);
INSERT INTO `dim_county` VALUES (370831, '泗水县', 370800, 370000);
INSERT INTO `dim_county` VALUES (370832, '梁山县', 370800, 370000);
INSERT INTO `dim_county` VALUES (370881, '曲阜市', 370800, 370000);
INSERT INTO `dim_county` VALUES (370883, '邹城市', 370800, 370000);
INSERT INTO `dim_county` VALUES (370901, '市辖区', 370900, 370000);
INSERT INTO `dim_county` VALUES (370902, '泰山区', 370900, 370000);
INSERT INTO `dim_county` VALUES (370911, '岱岳区', 370900, 370000);
INSERT INTO `dim_county` VALUES (370921, '宁阳县', 370900, 370000);
INSERT INTO `dim_county` VALUES (370923, '东平县', 370900, 370000);
INSERT INTO `dim_county` VALUES (370982, '新泰市', 370900, 370000);
INSERT INTO `dim_county` VALUES (370983, '肥城市', 370900, 370000);
INSERT INTO `dim_county` VALUES (371001, '市辖区', 371000, 370000);
INSERT INTO `dim_county` VALUES (371002, '环翠区', 371000, 370000);
INSERT INTO `dim_county` VALUES (371003, '文登区', 371000, 370000);
INSERT INTO `dim_county` VALUES (371082, '荣成市', 371000, 370000);
INSERT INTO `dim_county` VALUES (371083, '乳山市', 371000, 370000);
INSERT INTO `dim_county` VALUES (371101, '市辖区', 371100, 370000);
INSERT INTO `dim_county` VALUES (371102, '东港区', 371100, 370000);
INSERT INTO `dim_county` VALUES (371103, '岚山区', 371100, 370000);
INSERT INTO `dim_county` VALUES (371121, '五莲县', 371100, 370000);
INSERT INTO `dim_county` VALUES (371122, '莒县', 371100, 370000);
INSERT INTO `dim_county` VALUES (371201, '市辖区', 371200, 370000);
INSERT INTO `dim_county` VALUES (371202, '莱城区', 371200, 370000);
INSERT INTO `dim_county` VALUES (371203, '钢城区', 371200, 370000);
INSERT INTO `dim_county` VALUES (371301, '市辖区', 371300, 370000);
INSERT INTO `dim_county` VALUES (371302, '兰山区', 371300, 370000);
INSERT INTO `dim_county` VALUES (371311, '罗庄区', 371300, 370000);
INSERT INTO `dim_county` VALUES (371312, '河东区', 371300, 370000);
INSERT INTO `dim_county` VALUES (371321, '沂南县', 371300, 370000);
INSERT INTO `dim_county` VALUES (371322, '郯城县', 371300, 370000);
INSERT INTO `dim_county` VALUES (371323, '沂水县', 371300, 370000);
INSERT INTO `dim_county` VALUES (371324, '兰陵县', 371300, 370000);
INSERT INTO `dim_county` VALUES (371325, '费县', 371300, 370000);
INSERT INTO `dim_county` VALUES (371326, '平邑县', 371300, 370000);
INSERT INTO `dim_county` VALUES (371327, '莒南县', 371300, 370000);
INSERT INTO `dim_county` VALUES (371328, '蒙阴县', 371300, 370000);
INSERT INTO `dim_county` VALUES (371329, '临沭县', 371300, 370000);
INSERT INTO `dim_county` VALUES (371401, '市辖区', 371400, 370000);
INSERT INTO `dim_county` VALUES (371402, '德城区', 371400, 370000);
INSERT INTO `dim_county` VALUES (371403, '陵城区', 371400, 370000);
INSERT INTO `dim_county` VALUES (371422, '宁津县', 371400, 370000);
INSERT INTO `dim_county` VALUES (371423, '庆云县', 371400, 370000);
INSERT INTO `dim_county` VALUES (371424, '临邑县', 371400, 370000);
INSERT INTO `dim_county` VALUES (371425, '齐河县', 371400, 370000);
INSERT INTO `dim_county` VALUES (371426, '平原县', 371400, 370000);
INSERT INTO `dim_county` VALUES (371427, '夏津县', 371400, 370000);
INSERT INTO `dim_county` VALUES (371428, '武城县', 371400, 370000);
INSERT INTO `dim_county` VALUES (371481, '乐陵市', 371400, 370000);
INSERT INTO `dim_county` VALUES (371482, '禹城市', 371400, 370000);
INSERT INTO `dim_county` VALUES (371501, '市辖区', 371500, 370000);
INSERT INTO `dim_county` VALUES (371502, '东昌府区', 371500, 370000);
INSERT INTO `dim_county` VALUES (371521, '阳谷县', 371500, 370000);
INSERT INTO `dim_county` VALUES (371522, '莘县', 371500, 370000);
INSERT INTO `dim_county` VALUES (371523, '茌平县', 371500, 370000);
INSERT INTO `dim_county` VALUES (371524, '东阿县', 371500, 370000);
INSERT INTO `dim_county` VALUES (371525, '冠县', 371500, 370000);
INSERT INTO `dim_county` VALUES (371526, '高唐县', 371500, 370000);
INSERT INTO `dim_county` VALUES (371581, '临清市', 371500, 370000);
INSERT INTO `dim_county` VALUES (371601, '市辖区', 371600, 370000);
INSERT INTO `dim_county` VALUES (371602, '滨城区', 371600, 370000);
INSERT INTO `dim_county` VALUES (371603, '沾化区', 371600, 370000);
INSERT INTO `dim_county` VALUES (371621, '惠民县', 371600, 370000);
INSERT INTO `dim_county` VALUES (371622, '阳信县', 371600, 370000);
INSERT INTO `dim_county` VALUES (371623, '无棣县', 371600, 370000);
INSERT INTO `dim_county` VALUES (371625, '博兴县', 371600, 370000);
INSERT INTO `dim_county` VALUES (371626, '邹平县', 371600, 370000);
INSERT INTO `dim_county` VALUES (371701, '市辖区', 371700, 370000);
INSERT INTO `dim_county` VALUES (371702, '牡丹区', 371700, 370000);
INSERT INTO `dim_county` VALUES (371703, '定陶区', 371700, 370000);
INSERT INTO `dim_county` VALUES (371721, '曹县', 371700, 370000);
INSERT INTO `dim_county` VALUES (371722, '单县', 371700, 370000);
INSERT INTO `dim_county` VALUES (371723, '成武县', 371700, 370000);
INSERT INTO `dim_county` VALUES (371724, '巨野县', 371700, 370000);
INSERT INTO `dim_county` VALUES (371725, '郓城县', 371700, 370000);
INSERT INTO `dim_county` VALUES (371726, '鄄城县', 371700, 370000);
INSERT INTO `dim_county` VALUES (371728, '东明县', 371700, 370000);
INSERT INTO `dim_county` VALUES (410101, '市辖区', 410100, 410000);
INSERT INTO `dim_county` VALUES (410102, '中原区', 410100, 410000);
INSERT INTO `dim_county` VALUES (410103, '二七区', 410100, 410000);
INSERT INTO `dim_county` VALUES (410104, '管城回族区', 410100, 410000);
INSERT INTO `dim_county` VALUES (410105, '金水区', 410100, 410000);
INSERT INTO `dim_county` VALUES (410106, '上街区', 410100, 410000);
INSERT INTO `dim_county` VALUES (410108, '惠济区', 410100, 410000);
INSERT INTO `dim_county` VALUES (410122, '中牟县', 410100, 410000);
INSERT INTO `dim_county` VALUES (410181, '巩义市', 410100, 410000);
INSERT INTO `dim_county` VALUES (410182, '荥阳市', 410100, 410000);
INSERT INTO `dim_county` VALUES (410183, '新密市', 410100, 410000);
INSERT INTO `dim_county` VALUES (410184, '新郑市', 410100, 410000);
INSERT INTO `dim_county` VALUES (410185, '登封市', 410100, 410000);
INSERT INTO `dim_county` VALUES (410201, '市辖区', 410200, 410000);
INSERT INTO `dim_county` VALUES (410202, '龙亭区', 410200, 410000);
INSERT INTO `dim_county` VALUES (410203, '顺河回族区', 410200, 410000);
INSERT INTO `dim_county` VALUES (410204, '鼓楼区', 410200, 410000);
INSERT INTO `dim_county` VALUES (410205, '禹王台区', 410200, 410000);
INSERT INTO `dim_county` VALUES (410211, '金明区', 410200, 410000);
INSERT INTO `dim_county` VALUES (410212, '祥符区', 410200, 410000);
INSERT INTO `dim_county` VALUES (410221, '杞县', 410200, 410000);
INSERT INTO `dim_county` VALUES (410222, '通许县', 410200, 410000);
INSERT INTO `dim_county` VALUES (410223, '尉氏县', 410200, 410000);
INSERT INTO `dim_county` VALUES (410225, '兰考县', 410200, 410000);
INSERT INTO `dim_county` VALUES (410301, '市辖区', 410300, 410000);
INSERT INTO `dim_county` VALUES (410302, '老城区', 410300, 410000);
INSERT INTO `dim_county` VALUES (410303, '西工区', 410300, 410000);
INSERT INTO `dim_county` VALUES (410304, '瀍河回族区', 410300, 410000);
INSERT INTO `dim_county` VALUES (410305, '涧西区', 410300, 410000);
INSERT INTO `dim_county` VALUES (410306, '吉利区', 410300, 410000);
INSERT INTO `dim_county` VALUES (410311, '洛龙区', 410300, 410000);
INSERT INTO `dim_county` VALUES (410322, '孟津县', 410300, 410000);
INSERT INTO `dim_county` VALUES (410323, '新安县', 410300, 410000);
INSERT INTO `dim_county` VALUES (410324, '栾川县', 410300, 410000);
INSERT INTO `dim_county` VALUES (410325, '嵩县', 410300, 410000);
INSERT INTO `dim_county` VALUES (410326, '汝阳县', 410300, 410000);
INSERT INTO `dim_county` VALUES (410327, '宜阳县', 410300, 410000);
INSERT INTO `dim_county` VALUES (410328, '洛宁县', 410300, 410000);
INSERT INTO `dim_county` VALUES (410329, '伊川县', 410300, 410000);
INSERT INTO `dim_county` VALUES (410381, '偃师市', 410300, 410000);
INSERT INTO `dim_county` VALUES (410401, '市辖区', 410400, 410000);
INSERT INTO `dim_county` VALUES (410402, '新华区', 410400, 410000);
INSERT INTO `dim_county` VALUES (410403, '卫东区', 410400, 410000);
INSERT INTO `dim_county` VALUES (410404, '石龙区', 410400, 410000);
INSERT INTO `dim_county` VALUES (410411, '湛河区', 410400, 410000);
INSERT INTO `dim_county` VALUES (410421, '宝丰县', 410400, 410000);
INSERT INTO `dim_county` VALUES (410422, '叶县', 410400, 410000);
INSERT INTO `dim_county` VALUES (410423, '鲁山县', 410400, 410000);
INSERT INTO `dim_county` VALUES (410425, '郏县', 410400, 410000);
INSERT INTO `dim_county` VALUES (410481, '舞钢市', 410400, 410000);
INSERT INTO `dim_county` VALUES (410482, '汝州市', 410400, 410000);
INSERT INTO `dim_county` VALUES (410501, '市辖区', 410500, 410000);
INSERT INTO `dim_county` VALUES (410502, '文峰区', 410500, 410000);
INSERT INTO `dim_county` VALUES (410503, '北关区', 410500, 410000);
INSERT INTO `dim_county` VALUES (410505, '殷都区', 410500, 410000);
INSERT INTO `dim_county` VALUES (410506, '龙安区', 410500, 410000);
INSERT INTO `dim_county` VALUES (410522, '安阳县', 410500, 410000);
INSERT INTO `dim_county` VALUES (410523, '汤阴县', 410500, 410000);
INSERT INTO `dim_county` VALUES (410526, '滑县', 410500, 410000);
INSERT INTO `dim_county` VALUES (410527, '内黄县', 410500, 410000);
INSERT INTO `dim_county` VALUES (410581, '林州市', 410500, 410000);
INSERT INTO `dim_county` VALUES (410601, '市辖区', 410600, 410000);
INSERT INTO `dim_county` VALUES (410602, '鹤山区', 410600, 410000);
INSERT INTO `dim_county` VALUES (410603, '山城区', 410600, 410000);
INSERT INTO `dim_county` VALUES (410611, '淇滨区', 410600, 410000);
INSERT INTO `dim_county` VALUES (410621, '浚县', 410600, 410000);
INSERT INTO `dim_county` VALUES (410622, '淇县', 410600, 410000);
INSERT INTO `dim_county` VALUES (410701, '市辖区', 410700, 410000);
INSERT INTO `dim_county` VALUES (410702, '红旗区', 410700, 410000);
INSERT INTO `dim_county` VALUES (410703, '卫滨区', 410700, 410000);
INSERT INTO `dim_county` VALUES (410704, '凤泉区', 410700, 410000);
INSERT INTO `dim_county` VALUES (410711, '牧野区', 410700, 410000);
INSERT INTO `dim_county` VALUES (410721, '新乡县', 410700, 410000);
INSERT INTO `dim_county` VALUES (410724, '获嘉县', 410700, 410000);
INSERT INTO `dim_county` VALUES (410725, '原阳县', 410700, 410000);
INSERT INTO `dim_county` VALUES (410726, '延津县', 410700, 410000);
INSERT INTO `dim_county` VALUES (410727, '封丘县', 410700, 410000);
INSERT INTO `dim_county` VALUES (410728, '长垣县', 410700, 410000);
INSERT INTO `dim_county` VALUES (410781, '卫辉市', 410700, 410000);
INSERT INTO `dim_county` VALUES (410782, '辉县市', 410700, 410000);
INSERT INTO `dim_county` VALUES (410801, '市辖区', 410800, 410000);
INSERT INTO `dim_county` VALUES (410802, '解放区', 410800, 410000);
INSERT INTO `dim_county` VALUES (410803, '中站区', 410800, 410000);
INSERT INTO `dim_county` VALUES (410804, '马村区', 410800, 410000);
INSERT INTO `dim_county` VALUES (410811, '山阳区', 410800, 410000);
INSERT INTO `dim_county` VALUES (410821, '修武县', 410800, 410000);
INSERT INTO `dim_county` VALUES (410822, '博爱县', 410800, 410000);
INSERT INTO `dim_county` VALUES (410823, '武陟县', 410800, 410000);
INSERT INTO `dim_county` VALUES (410825, '温县', 410800, 410000);
INSERT INTO `dim_county` VALUES (410882, '沁阳市', 410800, 410000);
INSERT INTO `dim_county` VALUES (410883, '孟州市', 410800, 410000);
INSERT INTO `dim_county` VALUES (410901, '市辖区', 410900, 410000);
INSERT INTO `dim_county` VALUES (410902, '华龙区', 410900, 410000);
INSERT INTO `dim_county` VALUES (410922, '清丰县', 410900, 410000);
INSERT INTO `dim_county` VALUES (410923, '南乐县', 410900, 410000);
INSERT INTO `dim_county` VALUES (410926, '范县', 410900, 410000);
INSERT INTO `dim_county` VALUES (410927, '台前县', 410900, 410000);
INSERT INTO `dim_county` VALUES (410928, '濮阳县', 410900, 410000);
INSERT INTO `dim_county` VALUES (411001, '市辖区', 411000, 410000);
INSERT INTO `dim_county` VALUES (411002, '魏都区', 411000, 410000);
INSERT INTO `dim_county` VALUES (411023, '许昌县', 411000, 410000);
INSERT INTO `dim_county` VALUES (411024, '鄢陵县', 411000, 410000);
INSERT INTO `dim_county` VALUES (411025, '襄城县', 411000, 410000);
INSERT INTO `dim_county` VALUES (411081, '禹州市', 411000, 410000);
INSERT INTO `dim_county` VALUES (411082, '长葛市', 411000, 410000);
INSERT INTO `dim_county` VALUES (411101, '市辖区', 411100, 410000);
INSERT INTO `dim_county` VALUES (411102, '源汇区', 411100, 410000);
INSERT INTO `dim_county` VALUES (411103, '郾城区', 411100, 410000);
INSERT INTO `dim_county` VALUES (411104, '召陵区', 411100, 410000);
INSERT INTO `dim_county` VALUES (411121, '舞阳县', 411100, 410000);
INSERT INTO `dim_county` VALUES (411122, '临颍县', 411100, 410000);
INSERT INTO `dim_county` VALUES (411201, '市辖区', 411200, 410000);
INSERT INTO `dim_county` VALUES (411202, '湖滨区', 411200, 410000);
INSERT INTO `dim_county` VALUES (411203, '陕州区', 411200, 410000);
INSERT INTO `dim_county` VALUES (411221, '渑池县', 411200, 410000);
INSERT INTO `dim_county` VALUES (411224, '卢氏县', 411200, 410000);
INSERT INTO `dim_county` VALUES (411281, '义马市', 411200, 410000);
INSERT INTO `dim_county` VALUES (411282, '灵宝市', 411200, 410000);
INSERT INTO `dim_county` VALUES (411301, '市辖区', 411300, 410000);
INSERT INTO `dim_county` VALUES (411302, '宛城区', 411300, 410000);
INSERT INTO `dim_county` VALUES (411303, '卧龙区', 411300, 410000);
INSERT INTO `dim_county` VALUES (411321, '南召县', 411300, 410000);
INSERT INTO `dim_county` VALUES (411322, '方城县', 411300, 410000);
INSERT INTO `dim_county` VALUES (411323, '西峡县', 411300, 410000);
INSERT INTO `dim_county` VALUES (411324, '镇平县', 411300, 410000);
INSERT INTO `dim_county` VALUES (411325, '内乡县', 411300, 410000);
INSERT INTO `dim_county` VALUES (411326, '淅川县', 411300, 410000);
INSERT INTO `dim_county` VALUES (411327, '社旗县', 411300, 410000);
INSERT INTO `dim_county` VALUES (411328, '唐河县', 411300, 410000);
INSERT INTO `dim_county` VALUES (411329, '新野县', 411300, 410000);
INSERT INTO `dim_county` VALUES (411330, '桐柏县', 411300, 410000);
INSERT INTO `dim_county` VALUES (411381, '邓州市', 411300, 410000);
INSERT INTO `dim_county` VALUES (411401, '市辖区', 411400, 410000);
INSERT INTO `dim_county` VALUES (411402, '梁园区', 411400, 410000);
INSERT INTO `dim_county` VALUES (411403, '睢阳区', 411400, 410000);
INSERT INTO `dim_county` VALUES (411421, '民权县', 411400, 410000);
INSERT INTO `dim_county` VALUES (411422, '睢县', 411400, 410000);
INSERT INTO `dim_county` VALUES (411423, '宁陵县', 411400, 410000);
INSERT INTO `dim_county` VALUES (411424, '柘城县', 411400, 410000);
INSERT INTO `dim_county` VALUES (411425, '虞城县', 411400, 410000);
INSERT INTO `dim_county` VALUES (411426, '夏邑县', 411400, 410000);
INSERT INTO `dim_county` VALUES (411481, '永城市', 411400, 410000);
INSERT INTO `dim_county` VALUES (411501, '市辖区', 411500, 410000);
INSERT INTO `dim_county` VALUES (411502, '浉河区', 411500, 410000);
INSERT INTO `dim_county` VALUES (411503, '平桥区', 411500, 410000);
INSERT INTO `dim_county` VALUES (411521, '罗山县', 411500, 410000);
INSERT INTO `dim_county` VALUES (411522, '光山县', 411500, 410000);
INSERT INTO `dim_county` VALUES (411523, '新县', 411500, 410000);
INSERT INTO `dim_county` VALUES (411524, '商城县', 411500, 410000);
INSERT INTO `dim_county` VALUES (411525, '固始县', 411500, 410000);
INSERT INTO `dim_county` VALUES (411526, '潢川县', 411500, 410000);
INSERT INTO `dim_county` VALUES (411527, '淮滨县', 411500, 410000);
INSERT INTO `dim_county` VALUES (411528, '息县', 411500, 410000);
INSERT INTO `dim_county` VALUES (411601, '市辖区', 411600, 410000);
INSERT INTO `dim_county` VALUES (411602, '川汇区', 411600, 410000);
INSERT INTO `dim_county` VALUES (411621, '扶沟县', 411600, 410000);
INSERT INTO `dim_county` VALUES (411622, '西华县', 411600, 410000);
INSERT INTO `dim_county` VALUES (411623, '商水县', 411600, 410000);
INSERT INTO `dim_county` VALUES (411624, '沈丘县', 411600, 410000);
INSERT INTO `dim_county` VALUES (411625, '郸城县', 411600, 410000);
INSERT INTO `dim_county` VALUES (411626, '淮阳县', 411600, 410000);
INSERT INTO `dim_county` VALUES (411627, '太康县', 411600, 410000);
INSERT INTO `dim_county` VALUES (411628, '鹿邑县', 411600, 410000);
INSERT INTO `dim_county` VALUES (411681, '项城市', 411600, 410000);
INSERT INTO `dim_county` VALUES (411701, '市辖区', 411700, 410000);
INSERT INTO `dim_county` VALUES (411702, '驿城区', 411700, 410000);
INSERT INTO `dim_county` VALUES (411721, '西平县', 411700, 410000);
INSERT INTO `dim_county` VALUES (411722, '上蔡县', 411700, 410000);
INSERT INTO `dim_county` VALUES (411723, '平舆县', 411700, 410000);
INSERT INTO `dim_county` VALUES (411724, '正阳县', 411700, 410000);
INSERT INTO `dim_county` VALUES (411725, '确山县', 411700, 410000);
INSERT INTO `dim_county` VALUES (411726, '泌阳县', 411700, 410000);
INSERT INTO `dim_county` VALUES (411727, '汝南县', 411700, 410000);
INSERT INTO `dim_county` VALUES (411728, '遂平县', 411700, 410000);
INSERT INTO `dim_county` VALUES (411729, '新蔡县', 411700, 410000);
INSERT INTO `dim_county` VALUES (419001, '济源市', 419000, 410000);
INSERT INTO `dim_county` VALUES (420101, '市辖区', 420100, 420000);
INSERT INTO `dim_county` VALUES (420102, '江岸区', 420100, 420000);
INSERT INTO `dim_county` VALUES (420103, '江汉区', 420100, 420000);
INSERT INTO `dim_county` VALUES (420104, '硚口区', 420100, 420000);
INSERT INTO `dim_county` VALUES (420105, '汉阳区', 420100, 420000);
INSERT INTO `dim_county` VALUES (420106, '武昌区', 420100, 420000);
INSERT INTO `dim_county` VALUES (420107, '青山区', 420100, 420000);
INSERT INTO `dim_county` VALUES (420111, '洪山区', 420100, 420000);
INSERT INTO `dim_county` VALUES (420112, '东西湖区', 420100, 420000);
INSERT INTO `dim_county` VALUES (420113, '汉南区', 420100, 420000);
INSERT INTO `dim_county` VALUES (420114, '蔡甸区', 420100, 420000);
INSERT INTO `dim_county` VALUES (420115, '江夏区', 420100, 420000);
INSERT INTO `dim_county` VALUES (420116, '黄陂区', 420100, 420000);
INSERT INTO `dim_county` VALUES (420117, '新洲区', 420100, 420000);
INSERT INTO `dim_county` VALUES (420201, '市辖区', 420200, 420000);
INSERT INTO `dim_county` VALUES (420202, '黄石港区', 420200, 420000);
INSERT INTO `dim_county` VALUES (420203, '西塞山区', 420200, 420000);
INSERT INTO `dim_county` VALUES (420204, '下陆区', 420200, 420000);
INSERT INTO `dim_county` VALUES (420205, '铁山区', 420200, 420000);
INSERT INTO `dim_county` VALUES (420222, '阳新县', 420200, 420000);
INSERT INTO `dim_county` VALUES (420281, '大冶市', 420200, 420000);
INSERT INTO `dim_county` VALUES (420301, '市辖区', 420300, 420000);
INSERT INTO `dim_county` VALUES (420302, '茅箭区', 420300, 420000);
INSERT INTO `dim_county` VALUES (420303, '张湾区', 420300, 420000);
INSERT INTO `dim_county` VALUES (420304, '郧阳区', 420300, 420000);
INSERT INTO `dim_county` VALUES (420322, '郧西县', 420300, 420000);
INSERT INTO `dim_county` VALUES (420323, '竹山县', 420300, 420000);
INSERT INTO `dim_county` VALUES (420324, '竹溪县', 420300, 420000);
INSERT INTO `dim_county` VALUES (420325, '房县', 420300, 420000);
INSERT INTO `dim_county` VALUES (420381, '丹江口市', 420300, 420000);
INSERT INTO `dim_county` VALUES (420501, '市辖区', 420500, 420000);
INSERT INTO `dim_county` VALUES (420502, '西陵区', 420500, 420000);
INSERT INTO `dim_county` VALUES (420503, '伍家岗区', 420500, 420000);
INSERT INTO `dim_county` VALUES (420504, '点军区', 420500, 420000);
INSERT INTO `dim_county` VALUES (420505, '猇亭区', 420500, 420000);
INSERT INTO `dim_county` VALUES (420506, '夷陵区', 420500, 420000);
INSERT INTO `dim_county` VALUES (420525, '远安县', 420500, 420000);
INSERT INTO `dim_county` VALUES (420526, '兴山县', 420500, 420000);
INSERT INTO `dim_county` VALUES (420527, '秭归县', 420500, 420000);
INSERT INTO `dim_county` VALUES (420528, '长阳土家族自治县', 420500, 420000);
INSERT INTO `dim_county` VALUES (420529, '五峰土家族自治县', 420500, 420000);
INSERT INTO `dim_county` VALUES (420581, '宜都市', 420500, 420000);
INSERT INTO `dim_county` VALUES (420582, '当阳市', 420500, 420000);
INSERT INTO `dim_county` VALUES (420583, '枝江市', 420500, 420000);
INSERT INTO `dim_county` VALUES (420601, '市辖区', 420600, 420000);
INSERT INTO `dim_county` VALUES (420602, '襄城区', 420600, 420000);
INSERT INTO `dim_county` VALUES (420606, '樊城区', 420600, 420000);
INSERT INTO `dim_county` VALUES (420607, '襄州区', 420600, 420000);
INSERT INTO `dim_county` VALUES (420624, '南漳县', 420600, 420000);
INSERT INTO `dim_county` VALUES (420625, '谷城县', 420600, 420000);
INSERT INTO `dim_county` VALUES (420626, '保康县', 420600, 420000);
INSERT INTO `dim_county` VALUES (420682, '老河口市', 420600, 420000);
INSERT INTO `dim_county` VALUES (420683, '枣阳市', 420600, 420000);
INSERT INTO `dim_county` VALUES (420684, '宜城市', 420600, 420000);
INSERT INTO `dim_county` VALUES (420701, '市辖区', 420700, 420000);
INSERT INTO `dim_county` VALUES (420702, '梁子湖区', 420700, 420000);
INSERT INTO `dim_county` VALUES (420703, '华容区', 420700, 420000);
INSERT INTO `dim_county` VALUES (420704, '鄂城区', 420700, 420000);
INSERT INTO `dim_county` VALUES (420801, '市辖区', 420800, 420000);
INSERT INTO `dim_county` VALUES (420802, '东宝区', 420800, 420000);
INSERT INTO `dim_county` VALUES (420804, '掇刀区', 420800, 420000);
INSERT INTO `dim_county` VALUES (420821, '京山县', 420800, 420000);
INSERT INTO `dim_county` VALUES (420822, '沙洋县', 420800, 420000);
INSERT INTO `dim_county` VALUES (420881, '钟祥市', 420800, 420000);
INSERT INTO `dim_county` VALUES (420901, '市辖区', 420900, 420000);
INSERT INTO `dim_county` VALUES (420902, '孝南区', 420900, 420000);
INSERT INTO `dim_county` VALUES (420921, '孝昌县', 420900, 420000);
INSERT INTO `dim_county` VALUES (420922, '大悟县', 420900, 420000);
INSERT INTO `dim_county` VALUES (420923, '云梦县', 420900, 420000);
INSERT INTO `dim_county` VALUES (420981, '应城市', 420900, 420000);
INSERT INTO `dim_county` VALUES (420982, '安陆市', 420900, 420000);
INSERT INTO `dim_county` VALUES (420984, '汉川市', 420900, 420000);
INSERT INTO `dim_county` VALUES (421001, '市辖区', 421000, 420000);
INSERT INTO `dim_county` VALUES (421002, '沙市区', 421000, 420000);
INSERT INTO `dim_county` VALUES (421003, '荆州区', 421000, 420000);
INSERT INTO `dim_county` VALUES (421022, '公安县', 421000, 420000);
INSERT INTO `dim_county` VALUES (421023, '监利县', 421000, 420000);
INSERT INTO `dim_county` VALUES (421024, '江陵县', 421000, 420000);
INSERT INTO `dim_county` VALUES (421081, '石首市', 421000, 420000);
INSERT INTO `dim_county` VALUES (421083, '洪湖市', 421000, 420000);
INSERT INTO `dim_county` VALUES (421087, '松滋市', 421000, 420000);
INSERT INTO `dim_county` VALUES (421101, '市辖区', 421100, 420000);
INSERT INTO `dim_county` VALUES (421102, '黄州区', 421100, 420000);
INSERT INTO `dim_county` VALUES (421121, '团风县', 421100, 420000);
INSERT INTO `dim_county` VALUES (421122, '红安县', 421100, 420000);
INSERT INTO `dim_county` VALUES (421123, '罗田县', 421100, 420000);
INSERT INTO `dim_county` VALUES (421124, '英山县', 421100, 420000);
INSERT INTO `dim_county` VALUES (421125, '浠水县', 421100, 420000);
INSERT INTO `dim_county` VALUES (421126, '蕲春县', 421100, 420000);
INSERT INTO `dim_county` VALUES (421127, '黄梅县', 421100, 420000);
INSERT INTO `dim_county` VALUES (421181, '麻城市', 421100, 420000);
INSERT INTO `dim_county` VALUES (421182, '武穴市', 421100, 420000);
INSERT INTO `dim_county` VALUES (421201, '市辖区', 421200, 420000);
INSERT INTO `dim_county` VALUES (421202, '咸安区', 421200, 420000);
INSERT INTO `dim_county` VALUES (421221, '嘉鱼县', 421200, 420000);
INSERT INTO `dim_county` VALUES (421222, '通城县', 421200, 420000);
INSERT INTO `dim_county` VALUES (421223, '崇阳县', 421200, 420000);
INSERT INTO `dim_county` VALUES (421224, '通山县', 421200, 420000);
INSERT INTO `dim_county` VALUES (421281, '赤壁市', 421200, 420000);
INSERT INTO `dim_county` VALUES (421301, '市辖区', 421300, 420000);
INSERT INTO `dim_county` VALUES (421303, '曾都区', 421300, 420000);
INSERT INTO `dim_county` VALUES (421321, '随县', 421300, 420000);
INSERT INTO `dim_county` VALUES (421381, '广水市', 421300, 420000);
INSERT INTO `dim_county` VALUES (422801, '恩施市', 422800, 420000);
INSERT INTO `dim_county` VALUES (422802, '利川市', 422800, 420000);
INSERT INTO `dim_county` VALUES (422822, '建始县', 422800, 420000);
INSERT INTO `dim_county` VALUES (422823, '巴东县', 422800, 420000);
INSERT INTO `dim_county` VALUES (422825, '宣恩县', 422800, 420000);
INSERT INTO `dim_county` VALUES (422826, '咸丰县', 422800, 420000);
INSERT INTO `dim_county` VALUES (422827, '来凤县', 422800, 420000);
INSERT INTO `dim_county` VALUES (422828, '鹤峰县', 422800, 420000);
INSERT INTO `dim_county` VALUES (429004, '仙桃市', 429000, 420000);
INSERT INTO `dim_county` VALUES (429005, '潜江市', 429000, 420000);
INSERT INTO `dim_county` VALUES (429006, '天门市', 429000, 420000);
INSERT INTO `dim_county` VALUES (429021, '神农架林区', 429000, 420000);
INSERT INTO `dim_county` VALUES (430101, '市辖区', 430100, 430000);
INSERT INTO `dim_county` VALUES (430102, '芙蓉区', 430100, 430000);
INSERT INTO `dim_county` VALUES (430103, '天心区', 430100, 430000);
INSERT INTO `dim_county` VALUES (430104, '岳麓区', 430100, 430000);
INSERT INTO `dim_county` VALUES (430105, '开福区', 430100, 430000);
INSERT INTO `dim_county` VALUES (430111, '雨花区', 430100, 430000);
INSERT INTO `dim_county` VALUES (430112, '望城区', 430100, 430000);
INSERT INTO `dim_county` VALUES (430121, '长沙县', 430100, 430000);
INSERT INTO `dim_county` VALUES (430124, '宁乡县', 430100, 430000);
INSERT INTO `dim_county` VALUES (430181, '浏阳市', 430100, 430000);
INSERT INTO `dim_county` VALUES (430201, '市辖区', 430200, 430000);
INSERT INTO `dim_county` VALUES (430202, '荷塘区', 430200, 430000);
INSERT INTO `dim_county` VALUES (430203, '芦淞区', 430200, 430000);
INSERT INTO `dim_county` VALUES (430204, '石峰区', 430200, 430000);
INSERT INTO `dim_county` VALUES (430211, '天元区', 430200, 430000);
INSERT INTO `dim_county` VALUES (430221, '株洲县', 430200, 430000);
INSERT INTO `dim_county` VALUES (430223, '攸县', 430200, 430000);
INSERT INTO `dim_county` VALUES (430224, '茶陵县', 430200, 430000);
INSERT INTO `dim_county` VALUES (430225, '炎陵县', 430200, 430000);
INSERT INTO `dim_county` VALUES (430281, '醴陵市', 430200, 430000);
INSERT INTO `dim_county` VALUES (430301, '市辖区', 430300, 430000);
INSERT INTO `dim_county` VALUES (430302, '雨湖区', 430300, 430000);
INSERT INTO `dim_county` VALUES (430304, '岳塘区', 430300, 430000);
INSERT INTO `dim_county` VALUES (430321, '湘潭县', 430300, 430000);
INSERT INTO `dim_county` VALUES (430381, '湘乡市', 430300, 430000);
INSERT INTO `dim_county` VALUES (430382, '韶山市', 430300, 430000);
INSERT INTO `dim_county` VALUES (430401, '市辖区', 430400, 430000);
INSERT INTO `dim_county` VALUES (430405, '珠晖区', 430400, 430000);
INSERT INTO `dim_county` VALUES (430406, '雁峰区', 430400, 430000);
INSERT INTO `dim_county` VALUES (430407, '石鼓区', 430400, 430000);
INSERT INTO `dim_county` VALUES (430408, '蒸湘区', 430400, 430000);
INSERT INTO `dim_county` VALUES (430412, '南岳区', 430400, 430000);
INSERT INTO `dim_county` VALUES (430421, '衡阳县', 430400, 430000);
INSERT INTO `dim_county` VALUES (430422, '衡南县', 430400, 430000);
INSERT INTO `dim_county` VALUES (430423, '衡山县', 430400, 430000);
INSERT INTO `dim_county` VALUES (430424, '衡东县', 430400, 430000);
INSERT INTO `dim_county` VALUES (430426, '祁东县', 430400, 430000);
INSERT INTO `dim_county` VALUES (430481, '耒阳市', 430400, 430000);
INSERT INTO `dim_county` VALUES (430482, '常宁市', 430400, 430000);
INSERT INTO `dim_county` VALUES (430501, '市辖区', 430500, 430000);
INSERT INTO `dim_county` VALUES (430502, '双清区', 430500, 430000);
INSERT INTO `dim_county` VALUES (430503, '大祥区', 430500, 430000);
INSERT INTO `dim_county` VALUES (430511, '北塔区', 430500, 430000);
INSERT INTO `dim_county` VALUES (430521, '邵东县', 430500, 430000);
INSERT INTO `dim_county` VALUES (430522, '新邵县', 430500, 430000);
INSERT INTO `dim_county` VALUES (430523, '邵阳县', 430500, 430000);
INSERT INTO `dim_county` VALUES (430524, '隆回县', 430500, 430000);
INSERT INTO `dim_county` VALUES (430525, '洞口县', 430500, 430000);
INSERT INTO `dim_county` VALUES (430527, '绥宁县', 430500, 430000);
INSERT INTO `dim_county` VALUES (430528, '新宁县', 430500, 430000);
INSERT INTO `dim_county` VALUES (430529, '城步苗族自治县', 430500, 430000);
INSERT INTO `dim_county` VALUES (430581, '武冈市', 430500, 430000);
INSERT INTO `dim_county` VALUES (430601, '市辖区', 430600, 430000);
INSERT INTO `dim_county` VALUES (430602, '岳阳楼区', 430600, 430000);
INSERT INTO `dim_county` VALUES (430603, '云溪区', 430600, 430000);
INSERT INTO `dim_county` VALUES (430611, '君山区', 430600, 430000);
INSERT INTO `dim_county` VALUES (430621, '岳阳县', 430600, 430000);
INSERT INTO `dim_county` VALUES (430623, '华容县', 430600, 430000);
INSERT INTO `dim_county` VALUES (430624, '湘阴县', 430600, 430000);
INSERT INTO `dim_county` VALUES (430626, '平江县', 430600, 430000);
INSERT INTO `dim_county` VALUES (430681, '汨罗市', 430600, 430000);
INSERT INTO `dim_county` VALUES (430682, '临湘市', 430600, 430000);
INSERT INTO `dim_county` VALUES (430701, '市辖区', 430700, 430000);
INSERT INTO `dim_county` VALUES (430702, '武陵区', 430700, 430000);
INSERT INTO `dim_county` VALUES (430703, '鼎城区', 430700, 430000);
INSERT INTO `dim_county` VALUES (430721, '安乡县', 430700, 430000);
INSERT INTO `dim_county` VALUES (430722, '汉寿县', 430700, 430000);
INSERT INTO `dim_county` VALUES (430723, '澧县', 430700, 430000);
INSERT INTO `dim_county` VALUES (430724, '临澧县', 430700, 430000);
INSERT INTO `dim_county` VALUES (430725, '桃源县', 430700, 430000);
INSERT INTO `dim_county` VALUES (430726, '石门县', 430700, 430000);
INSERT INTO `dim_county` VALUES (430781, '津市市', 430700, 430000);
INSERT INTO `dim_county` VALUES (430801, '市辖区', 430800, 430000);
INSERT INTO `dim_county` VALUES (430802, '永定区', 430800, 430000);
INSERT INTO `dim_county` VALUES (430811, '武陵源区', 430800, 430000);
INSERT INTO `dim_county` VALUES (430821, '慈利县', 430800, 430000);
INSERT INTO `dim_county` VALUES (430822, '桑植县', 430800, 430000);
INSERT INTO `dim_county` VALUES (430901, '市辖区', 430900, 430000);
INSERT INTO `dim_county` VALUES (430902, '资阳区', 430900, 430000);
INSERT INTO `dim_county` VALUES (430903, '赫山区', 430900, 430000);
INSERT INTO `dim_county` VALUES (430921, '南县', 430900, 430000);
INSERT INTO `dim_county` VALUES (430922, '桃江县', 430900, 430000);
INSERT INTO `dim_county` VALUES (430923, '安化县', 430900, 430000);
INSERT INTO `dim_county` VALUES (430981, '沅江市', 430900, 430000);
INSERT INTO `dim_county` VALUES (431001, '市辖区', 431000, 430000);
INSERT INTO `dim_county` VALUES (431002, '北湖区', 431000, 430000);
INSERT INTO `dim_county` VALUES (431003, '苏仙区', 431000, 430000);
INSERT INTO `dim_county` VALUES (431021, '桂阳县', 431000, 430000);
INSERT INTO `dim_county` VALUES (431022, '宜章县', 431000, 430000);
INSERT INTO `dim_county` VALUES (431023, '永兴县', 431000, 430000);
INSERT INTO `dim_county` VALUES (431024, '嘉禾县', 431000, 430000);
INSERT INTO `dim_county` VALUES (431025, '临武县', 431000, 430000);
INSERT INTO `dim_county` VALUES (431026, '汝城县', 431000, 430000);
INSERT INTO `dim_county` VALUES (431027, '桂东县', 431000, 430000);
INSERT INTO `dim_county` VALUES (431028, '安仁县', 431000, 430000);
INSERT INTO `dim_county` VALUES (431081, '资兴市', 431000, 430000);
INSERT INTO `dim_county` VALUES (431101, '市辖区', 431100, 430000);
INSERT INTO `dim_county` VALUES (431102, '零陵区', 431100, 430000);
INSERT INTO `dim_county` VALUES (431103, '冷水滩区', 431100, 430000);
INSERT INTO `dim_county` VALUES (431121, '祁阳县', 431100, 430000);
INSERT INTO `dim_county` VALUES (431122, '东安县', 431100, 430000);
INSERT INTO `dim_county` VALUES (431123, '双牌县', 431100, 430000);
INSERT INTO `dim_county` VALUES (431124, '道县', 431100, 430000);
INSERT INTO `dim_county` VALUES (431125, '江永县', 431100, 430000);
INSERT INTO `dim_county` VALUES (431126, '宁远县', 431100, 430000);
INSERT INTO `dim_county` VALUES (431127, '蓝山县', 431100, 430000);
INSERT INTO `dim_county` VALUES (431128, '新田县', 431100, 430000);
INSERT INTO `dim_county` VALUES (431129, '江华瑶族自治县', 431100, 430000);
INSERT INTO `dim_county` VALUES (431201, '市辖区', 431200, 430000);
INSERT INTO `dim_county` VALUES (431202, '鹤城区', 431200, 430000);
INSERT INTO `dim_county` VALUES (431221, '中方县', 431200, 430000);
INSERT INTO `dim_county` VALUES (431222, '沅陵县', 431200, 430000);
INSERT INTO `dim_county` VALUES (431223, '辰溪县', 431200, 430000);
INSERT INTO `dim_county` VALUES (431224, '溆浦县', 431200, 430000);
INSERT INTO `dim_county` VALUES (431225, '会同县', 431200, 430000);
INSERT INTO `dim_county` VALUES (431226, '麻阳苗族自治县', 431200, 430000);
INSERT INTO `dim_county` VALUES (431227, '新晃侗族自治县', 431200, 430000);
INSERT INTO `dim_county` VALUES (431228, '芷江侗族自治县', 431200, 430000);
INSERT INTO `dim_county` VALUES (431229, '靖州苗族侗族自治县', 431200, 430000);
INSERT INTO `dim_county` VALUES (431230, '通道侗族自治县', 431200, 430000);
INSERT INTO `dim_county` VALUES (431281, '洪江市', 431200, 430000);
INSERT INTO `dim_county` VALUES (431301, '市辖区', 431300, 430000);
INSERT INTO `dim_county` VALUES (431302, '娄星区', 431300, 430000);
INSERT INTO `dim_county` VALUES (431321, '双峰县', 431300, 430000);
INSERT INTO `dim_county` VALUES (431322, '新化县', 431300, 430000);
INSERT INTO `dim_county` VALUES (431381, '冷水江市', 431300, 430000);
INSERT INTO `dim_county` VALUES (431382, '涟源市', 431300, 430000);
INSERT INTO `dim_county` VALUES (433101, '吉首市', 433100, 430000);
INSERT INTO `dim_county` VALUES (433122, '泸溪县', 433100, 430000);
INSERT INTO `dim_county` VALUES (433123, '凤凰县', 433100, 430000);
INSERT INTO `dim_county` VALUES (433124, '花垣县', 433100, 430000);
INSERT INTO `dim_county` VALUES (433125, '保靖县', 433100, 430000);
INSERT INTO `dim_county` VALUES (433126, '古丈县', 433100, 430000);
INSERT INTO `dim_county` VALUES (433127, '永顺县', 433100, 430000);
INSERT INTO `dim_county` VALUES (433130, '龙山县', 433100, 430000);
INSERT INTO `dim_county` VALUES (440101, '市辖区', 440100, 440000);
INSERT INTO `dim_county` VALUES (440103, '荔湾区', 440100, 440000);
INSERT INTO `dim_county` VALUES (440104, '越秀区', 440100, 440000);
INSERT INTO `dim_county` VALUES (440105, '海珠区', 440100, 440000);
INSERT INTO `dim_county` VALUES (440106, '天河区', 440100, 440000);
INSERT INTO `dim_county` VALUES (440111, '白云区', 440100, 440000);
INSERT INTO `dim_county` VALUES (440112, '黄埔区', 440100, 440000);
INSERT INTO `dim_county` VALUES (440113, '番禺区', 440100, 440000);
INSERT INTO `dim_county` VALUES (440114, '花都区', 440100, 440000);
INSERT INTO `dim_county` VALUES (440115, '南沙区', 440100, 440000);
INSERT INTO `dim_county` VALUES (440117, '从化区', 440100, 440000);
INSERT INTO `dim_county` VALUES (440118, '增城区', 440100, 440000);
INSERT INTO `dim_county` VALUES (440201, '市辖区', 440200, 440000);
INSERT INTO `dim_county` VALUES (440203, '武江区', 440200, 440000);
INSERT INTO `dim_county` VALUES (440204, '浈江区', 440200, 440000);
INSERT INTO `dim_county` VALUES (440205, '曲江区', 440200, 440000);
INSERT INTO `dim_county` VALUES (440222, '始兴县', 440200, 440000);
INSERT INTO `dim_county` VALUES (440224, '仁化县', 440200, 440000);
INSERT INTO `dim_county` VALUES (440229, '翁源县', 440200, 440000);
INSERT INTO `dim_county` VALUES (440232, '乳源瑶族自治县', 440200, 440000);
INSERT INTO `dim_county` VALUES (440233, '新丰县', 440200, 440000);
INSERT INTO `dim_county` VALUES (440281, '乐昌市', 440200, 440000);
INSERT INTO `dim_county` VALUES (440282, '南雄市', 440200, 440000);
INSERT INTO `dim_county` VALUES (440301, '市辖区', 440300, 440000);
INSERT INTO `dim_county` VALUES (440303, '罗湖区', 440300, 440000);
INSERT INTO `dim_county` VALUES (440304, '福田区', 440300, 440000);
INSERT INTO `dim_county` VALUES (440305, '南山区', 440300, 440000);
INSERT INTO `dim_county` VALUES (440306, '宝安区', 440300, 440000);
INSERT INTO `dim_county` VALUES (440307, '龙岗区', 440300, 440000);
INSERT INTO `dim_county` VALUES (440308, '盐田区', 440300, 440000);
INSERT INTO `dim_county` VALUES (440401, '市辖区', 440400, 440000);
INSERT INTO `dim_county` VALUES (440402, '香洲区', 440400, 440000);
INSERT INTO `dim_county` VALUES (440403, '斗门区', 440400, 440000);
INSERT INTO `dim_county` VALUES (440404, '金湾区', 440400, 440000);
INSERT INTO `dim_county` VALUES (440501, '市辖区', 440500, 440000);
INSERT INTO `dim_county` VALUES (440507, '龙湖区', 440500, 440000);
INSERT INTO `dim_county` VALUES (440511, '金平区', 440500, 440000);
INSERT INTO `dim_county` VALUES (440512, '濠江区', 440500, 440000);
INSERT INTO `dim_county` VALUES (440513, '潮阳区', 440500, 440000);
INSERT INTO `dim_county` VALUES (440514, '潮南区', 440500, 440000);
INSERT INTO `dim_county` VALUES (440515, '澄海区', 440500, 440000);
INSERT INTO `dim_county` VALUES (440523, '南澳县', 440500, 440000);
INSERT INTO `dim_county` VALUES (440601, '市辖区', 440600, 440000);
INSERT INTO `dim_county` VALUES (440604, '禅城区', 440600, 440000);
INSERT INTO `dim_county` VALUES (440605, '南海区', 440600, 440000);
INSERT INTO `dim_county` VALUES (440606, '顺德区', 440600, 440000);
INSERT INTO `dim_county` VALUES (440607, '三水区', 440600, 440000);
INSERT INTO `dim_county` VALUES (440608, '高明区', 440600, 440000);
INSERT INTO `dim_county` VALUES (440701, '市辖区', 440700, 440000);
INSERT INTO `dim_county` VALUES (440703, '蓬江区', 440700, 440000);
INSERT INTO `dim_county` VALUES (440704, '江海区', 440700, 440000);
INSERT INTO `dim_county` VALUES (440705, '新会区', 440700, 440000);
INSERT INTO `dim_county` VALUES (440781, '台山市', 440700, 440000);
INSERT INTO `dim_county` VALUES (440783, '开平市', 440700, 440000);
INSERT INTO `dim_county` VALUES (440784, '鹤山市', 440700, 440000);
INSERT INTO `dim_county` VALUES (440785, '恩平市', 440700, 440000);
INSERT INTO `dim_county` VALUES (440801, '市辖区', 440800, 440000);
INSERT INTO `dim_county` VALUES (440802, '赤坎区', 440800, 440000);
INSERT INTO `dim_county` VALUES (440803, '霞山区', 440800, 440000);
INSERT INTO `dim_county` VALUES (440804, '坡头区', 440800, 440000);
INSERT INTO `dim_county` VALUES (440811, '麻章区', 440800, 440000);
INSERT INTO `dim_county` VALUES (440823, '遂溪县', 440800, 440000);
INSERT INTO `dim_county` VALUES (440825, '徐闻县', 440800, 440000);
INSERT INTO `dim_county` VALUES (440881, '廉江市', 440800, 440000);
INSERT INTO `dim_county` VALUES (440882, '雷州市', 440800, 440000);
INSERT INTO `dim_county` VALUES (440883, '吴川市', 440800, 440000);
INSERT INTO `dim_county` VALUES (440901, '市辖区', 440900, 440000);
INSERT INTO `dim_county` VALUES (440902, '茂南区', 440900, 440000);
INSERT INTO `dim_county` VALUES (440904, '电白区', 440900, 440000);
INSERT INTO `dim_county` VALUES (440981, '高州市', 440900, 440000);
INSERT INTO `dim_county` VALUES (440982, '化州市', 440900, 440000);
INSERT INTO `dim_county` VALUES (440983, '信宜市', 440900, 440000);
INSERT INTO `dim_county` VALUES (441201, '市辖区', 441200, 440000);
INSERT INTO `dim_county` VALUES (441202, '端州区', 441200, 440000);
INSERT INTO `dim_county` VALUES (441203, '鼎湖区', 441200, 440000);
INSERT INTO `dim_county` VALUES (441204, '高要区', 441200, 440000);
INSERT INTO `dim_county` VALUES (441223, '广宁县', 441200, 440000);
INSERT INTO `dim_county` VALUES (441224, '怀集县', 441200, 440000);
INSERT INTO `dim_county` VALUES (441225, '封开县', 441200, 440000);
INSERT INTO `dim_county` VALUES (441226, '德庆县', 441200, 440000);
INSERT INTO `dim_county` VALUES (441284, '四会市', 441200, 440000);
INSERT INTO `dim_county` VALUES (441301, '市辖区', 441300, 440000);
INSERT INTO `dim_county` VALUES (441302, '惠城区', 441300, 440000);
INSERT INTO `dim_county` VALUES (441303, '惠阳区', 441300, 440000);
INSERT INTO `dim_county` VALUES (441322, '博罗县', 441300, 440000);
INSERT INTO `dim_county` VALUES (441323, '惠东县', 441300, 440000);
INSERT INTO `dim_county` VALUES (441324, '龙门县', 441300, 440000);
INSERT INTO `dim_county` VALUES (441401, '市辖区', 441400, 440000);
INSERT INTO `dim_county` VALUES (441402, '梅江区', 441400, 440000);
INSERT INTO `dim_county` VALUES (441403, '梅县区', 441400, 440000);
INSERT INTO `dim_county` VALUES (441422, '大埔县', 441400, 440000);
INSERT INTO `dim_county` VALUES (441423, '丰顺县', 441400, 440000);
INSERT INTO `dim_county` VALUES (441424, '五华县', 441400, 440000);
INSERT INTO `dim_county` VALUES (441426, '平远县', 441400, 440000);
INSERT INTO `dim_county` VALUES (441427, '蕉岭县', 441400, 440000);
INSERT INTO `dim_county` VALUES (441481, '兴宁市', 441400, 440000);
INSERT INTO `dim_county` VALUES (441501, '市辖区', 441500, 440000);
INSERT INTO `dim_county` VALUES (441502, '城区', 441500, 440000);
INSERT INTO `dim_county` VALUES (441521, '海丰县', 441500, 440000);
INSERT INTO `dim_county` VALUES (441523, '陆河县', 441500, 440000);
INSERT INTO `dim_county` VALUES (441581, '陆丰市', 441500, 440000);
INSERT INTO `dim_county` VALUES (441601, '市辖区', 441600, 440000);
INSERT INTO `dim_county` VALUES (441602, '源城区', 441600, 440000);
INSERT INTO `dim_county` VALUES (441621, '紫金县', 441600, 440000);
INSERT INTO `dim_county` VALUES (441622, '龙川县', 441600, 440000);
INSERT INTO `dim_county` VALUES (441623, '连平县', 441600, 440000);
INSERT INTO `dim_county` VALUES (441624, '和平县', 441600, 440000);
INSERT INTO `dim_county` VALUES (441625, '东源县', 441600, 440000);
INSERT INTO `dim_county` VALUES (441701, '市辖区', 441700, 440000);
INSERT INTO `dim_county` VALUES (441702, '江城区', 441700, 440000);
INSERT INTO `dim_county` VALUES (441704, '阳东区', 441700, 440000);
INSERT INTO `dim_county` VALUES (441721, '阳西县', 441700, 440000);
INSERT INTO `dim_county` VALUES (441781, '阳春市', 441700, 440000);
INSERT INTO `dim_county` VALUES (441801, '市辖区', 441800, 440000);
INSERT INTO `dim_county` VALUES (441802, '清城区', 441800, 440000);
INSERT INTO `dim_county` VALUES (441803, '清新区', 441800, 440000);
INSERT INTO `dim_county` VALUES (441821, '佛冈县', 441800, 440000);
INSERT INTO `dim_county` VALUES (441823, '阳山县', 441800, 440000);
INSERT INTO `dim_county` VALUES (441825, '连山壮族瑶族自治县', 441800, 440000);
INSERT INTO `dim_county` VALUES (441826, '连南瑶族自治县', 441800, 440000);
INSERT INTO `dim_county` VALUES (441881, '英德市', 441800, 440000);
INSERT INTO `dim_county` VALUES (441882, '连州市', 441800, 440000);
INSERT INTO `dim_county` VALUES (445101, '市辖区', 445100, 440000);
INSERT INTO `dim_county` VALUES (445102, '湘桥区', 445100, 440000);
INSERT INTO `dim_county` VALUES (445103, '潮安区', 445100, 440000);
INSERT INTO `dim_county` VALUES (445122, '饶平县', 445100, 440000);
INSERT INTO `dim_county` VALUES (445201, '市辖区', 445200, 440000);
INSERT INTO `dim_county` VALUES (445202, '榕城区', 445200, 440000);
INSERT INTO `dim_county` VALUES (445203, '揭东区', 445200, 440000);
INSERT INTO `dim_county` VALUES (445222, '揭西县', 445200, 440000);
INSERT INTO `dim_county` VALUES (445224, '惠来县', 445200, 440000);
INSERT INTO `dim_county` VALUES (445281, '普宁市', 445200, 440000);
INSERT INTO `dim_county` VALUES (445301, '市辖区', 445300, 440000);
INSERT INTO `dim_county` VALUES (445302, '云城区', 445300, 440000);
INSERT INTO `dim_county` VALUES (445303, '云安区', 445300, 440000);
INSERT INTO `dim_county` VALUES (445321, '新兴县', 445300, 440000);
INSERT INTO `dim_county` VALUES (445322, '郁南县', 445300, 440000);
INSERT INTO `dim_county` VALUES (445381, '罗定市', 445300, 440000);
INSERT INTO `dim_county` VALUES (450101, '市辖区', 450100, 450000);
INSERT INTO `dim_county` VALUES (450102, '兴宁区', 450100, 450000);
INSERT INTO `dim_county` VALUES (450103, '青秀区', 450100, 450000);
INSERT INTO `dim_county` VALUES (450105, '江南区', 450100, 450000);
INSERT INTO `dim_county` VALUES (450107, '西乡塘区', 450100, 450000);
INSERT INTO `dim_county` VALUES (450108, '良庆区', 450100, 450000);
INSERT INTO `dim_county` VALUES (450109, '邕宁区', 450100, 450000);
INSERT INTO `dim_county` VALUES (450110, '武鸣区', 450100, 450000);
INSERT INTO `dim_county` VALUES (450123, '隆安县', 450100, 450000);
INSERT INTO `dim_county` VALUES (450124, '马山县', 450100, 450000);
INSERT INTO `dim_county` VALUES (450125, '上林县', 450100, 450000);
INSERT INTO `dim_county` VALUES (450126, '宾阳县', 450100, 450000);
INSERT INTO `dim_county` VALUES (450127, '横县', 450100, 450000);
INSERT INTO `dim_county` VALUES (450201, '市辖区', 450200, 450000);
INSERT INTO `dim_county` VALUES (450202, '城中区', 450200, 450000);
INSERT INTO `dim_county` VALUES (450203, '鱼峰区', 450200, 450000);
INSERT INTO `dim_county` VALUES (450204, '柳南区', 450200, 450000);
INSERT INTO `dim_county` VALUES (450205, '柳北区', 450200, 450000);
INSERT INTO `dim_county` VALUES (450206, '柳江区', 450200, 450000);
INSERT INTO `dim_county` VALUES (450222, '柳城县', 450200, 450000);
INSERT INTO `dim_county` VALUES (450223, '鹿寨县', 450200, 450000);
INSERT INTO `dim_county` VALUES (450224, '融安县', 450200, 450000);
INSERT INTO `dim_county` VALUES (450225, '融水苗族自治县', 450200, 450000);
INSERT INTO `dim_county` VALUES (450226, '三江侗族自治县', 450200, 450000);
INSERT INTO `dim_county` VALUES (450301, '市辖区', 450300, 450000);
INSERT INTO `dim_county` VALUES (450302, '秀峰区', 450300, 450000);
INSERT INTO `dim_county` VALUES (450303, '叠彩区', 450300, 450000);
INSERT INTO `dim_county` VALUES (450304, '象山区', 450300, 450000);
INSERT INTO `dim_county` VALUES (450305, '七星区', 450300, 450000);
INSERT INTO `dim_county` VALUES (450311, '雁山区', 450300, 450000);
INSERT INTO `dim_county` VALUES (450312, '临桂区', 450300, 450000);
INSERT INTO `dim_county` VALUES (450321, '阳朔县', 450300, 450000);
INSERT INTO `dim_county` VALUES (450323, '灵川县', 450300, 450000);
INSERT INTO `dim_county` VALUES (450324, '全州县', 450300, 450000);
INSERT INTO `dim_county` VALUES (450325, '兴安县', 450300, 450000);
INSERT INTO `dim_county` VALUES (450326, '永福县', 450300, 450000);
INSERT INTO `dim_county` VALUES (450327, '灌阳县', 450300, 450000);
INSERT INTO `dim_county` VALUES (450328, '龙胜各族自治县', 450300, 450000);
INSERT INTO `dim_county` VALUES (450329, '资源县', 450300, 450000);
INSERT INTO `dim_county` VALUES (450330, '平乐县', 450300, 450000);
INSERT INTO `dim_county` VALUES (450331, '荔浦县', 450300, 450000);
INSERT INTO `dim_county` VALUES (450332, '恭城瑶族自治县', 450300, 450000);
INSERT INTO `dim_county` VALUES (450401, '市辖区', 450400, 450000);
INSERT INTO `dim_county` VALUES (450403, '万秀区', 450400, 450000);
INSERT INTO `dim_county` VALUES (450405, '长洲区', 450400, 450000);
INSERT INTO `dim_county` VALUES (450406, '龙圩区', 450400, 450000);
INSERT INTO `dim_county` VALUES (450421, '苍梧县', 450400, 450000);
INSERT INTO `dim_county` VALUES (450422, '藤县', 450400, 450000);
INSERT INTO `dim_county` VALUES (450423, '蒙山县', 450400, 450000);
INSERT INTO `dim_county` VALUES (450481, '岑溪市', 450400, 450000);
INSERT INTO `dim_county` VALUES (450501, '市辖区', 450500, 450000);
INSERT INTO `dim_county` VALUES (450502, '海城区', 450500, 450000);
INSERT INTO `dim_county` VALUES (450503, '银海区', 450500, 450000);
INSERT INTO `dim_county` VALUES (450512, '铁山港区', 450500, 450000);
INSERT INTO `dim_county` VALUES (450521, '合浦县', 450500, 450000);
INSERT INTO `dim_county` VALUES (450601, '市辖区', 450600, 450000);
INSERT INTO `dim_county` VALUES (450602, '港口区', 450600, 450000);
INSERT INTO `dim_county` VALUES (450603, '防城区', 450600, 450000);
INSERT INTO `dim_county` VALUES (450621, '上思县', 450600, 450000);
INSERT INTO `dim_county` VALUES (450681, '东兴市', 450600, 450000);
INSERT INTO `dim_county` VALUES (450701, '市辖区', 450700, 450000);
INSERT INTO `dim_county` VALUES (450702, '钦南区', 450700, 450000);
INSERT INTO `dim_county` VALUES (450703, '钦北区', 450700, 450000);
INSERT INTO `dim_county` VALUES (450721, '灵山县', 450700, 450000);
INSERT INTO `dim_county` VALUES (450722, '浦北县', 450700, 450000);
INSERT INTO `dim_county` VALUES (450801, '市辖区', 450800, 450000);
INSERT INTO `dim_county` VALUES (450802, '港北区', 450800, 450000);
INSERT INTO `dim_county` VALUES (450803, '港南区', 450800, 450000);
INSERT INTO `dim_county` VALUES (450804, '覃塘区', 450800, 450000);
INSERT INTO `dim_county` VALUES (450821, '平南县', 450800, 450000);
INSERT INTO `dim_county` VALUES (450881, '桂平市', 450800, 450000);
INSERT INTO `dim_county` VALUES (450901, '市辖区', 450900, 450000);
INSERT INTO `dim_county` VALUES (450902, '玉州区', 450900, 450000);
INSERT INTO `dim_county` VALUES (450903, '福绵区', 450900, 450000);
INSERT INTO `dim_county` VALUES (450921, '容县', 450900, 450000);
INSERT INTO `dim_county` VALUES (450922, '陆川县', 450900, 450000);
INSERT INTO `dim_county` VALUES (450923, '博白县', 450900, 450000);
INSERT INTO `dim_county` VALUES (450924, '兴业县', 450900, 450000);
INSERT INTO `dim_county` VALUES (450981, '北流市', 450900, 450000);
INSERT INTO `dim_county` VALUES (451001, '市辖区', 451000, 450000);
INSERT INTO `dim_county` VALUES (451002, '右江区', 451000, 450000);
INSERT INTO `dim_county` VALUES (451021, '田阳县', 451000, 450000);
INSERT INTO `dim_county` VALUES (451022, '田东县', 451000, 450000);
INSERT INTO `dim_county` VALUES (451023, '平果县', 451000, 450000);
INSERT INTO `dim_county` VALUES (451024, '德保县', 451000, 450000);
INSERT INTO `dim_county` VALUES (451026, '那坡县', 451000, 450000);
INSERT INTO `dim_county` VALUES (451027, '凌云县', 451000, 450000);
INSERT INTO `dim_county` VALUES (451028, '乐业县', 451000, 450000);
INSERT INTO `dim_county` VALUES (451029, '田林县', 451000, 450000);
INSERT INTO `dim_county` VALUES (451030, '西林县', 451000, 450000);
INSERT INTO `dim_county` VALUES (451031, '隆林各族自治县', 451000, 450000);
INSERT INTO `dim_county` VALUES (451081, '靖西市', 451000, 450000);
INSERT INTO `dim_county` VALUES (451101, '市辖区', 451100, 450000);
INSERT INTO `dim_county` VALUES (451102, '八步区', 451100, 450000);
INSERT INTO `dim_county` VALUES (451103, '平桂区', 451100, 450000);
INSERT INTO `dim_county` VALUES (451121, '昭平县', 451100, 450000);
INSERT INTO `dim_county` VALUES (451122, '钟山县', 451100, 450000);
INSERT INTO `dim_county` VALUES (451123, '富川瑶族自治县', 451100, 450000);
INSERT INTO `dim_county` VALUES (451201, '市辖区', 451200, 450000);
INSERT INTO `dim_county` VALUES (451202, '金城江区', 451200, 450000);
INSERT INTO `dim_county` VALUES (451221, '南丹县', 451200, 450000);
INSERT INTO `dim_county` VALUES (451222, '天峨县', 451200, 450000);
INSERT INTO `dim_county` VALUES (451223, '凤山县', 451200, 450000);
INSERT INTO `dim_county` VALUES (451224, '东兰县', 451200, 450000);
INSERT INTO `dim_county` VALUES (451225, '罗城仫佬族自治县', 451200, 450000);
INSERT INTO `dim_county` VALUES (451226, '环江毛南族自治县', 451200, 450000);
INSERT INTO `dim_county` VALUES (451227, '巴马瑶族自治县', 451200, 450000);
INSERT INTO `dim_county` VALUES (451228, '都安瑶族自治县', 451200, 450000);
INSERT INTO `dim_county` VALUES (451229, '大化瑶族自治县', 451200, 450000);
INSERT INTO `dim_county` VALUES (451281, '宜州市', 451200, 450000);
INSERT INTO `dim_county` VALUES (451301, '市辖区', 451300, 450000);
INSERT INTO `dim_county` VALUES (451302, '兴宾区', 451300, 450000);
INSERT INTO `dim_county` VALUES (451321, '忻城县', 451300, 450000);
INSERT INTO `dim_county` VALUES (451322, '象州县', 451300, 450000);
INSERT INTO `dim_county` VALUES (451323, '武宣县', 451300, 450000);
INSERT INTO `dim_county` VALUES (451324, '金秀瑶族自治县', 451300, 450000);
INSERT INTO `dim_county` VALUES (451381, '合山市', 451300, 450000);
INSERT INTO `dim_county` VALUES (451401, '市辖区', 451400, 450000);
INSERT INTO `dim_county` VALUES (451402, '江州区', 451400, 450000);
INSERT INTO `dim_county` VALUES (451421, '扶绥县', 451400, 450000);
INSERT INTO `dim_county` VALUES (451422, '宁明县', 451400, 450000);
INSERT INTO `dim_county` VALUES (451423, '龙州县', 451400, 450000);
INSERT INTO `dim_county` VALUES (451424, '大新县', 451400, 450000);
INSERT INTO `dim_county` VALUES (451425, '天等县', 451400, 450000);
INSERT INTO `dim_county` VALUES (451481, '凭祥市', 451400, 450000);
INSERT INTO `dim_county` VALUES (460101, '市辖区', 460100, 460000);
INSERT INTO `dim_county` VALUES (460105, '秀英区', 460100, 460000);
INSERT INTO `dim_county` VALUES (460106, '龙华区', 460100, 460000);
INSERT INTO `dim_county` VALUES (460107, '琼山区', 460100, 460000);
INSERT INTO `dim_county` VALUES (460108, '美兰区', 460100, 460000);
INSERT INTO `dim_county` VALUES (460201, '市辖区', 460200, 460000);
INSERT INTO `dim_county` VALUES (460202, '海棠区', 460200, 460000);
INSERT INTO `dim_county` VALUES (460203, '吉阳区', 460200, 460000);
INSERT INTO `dim_county` VALUES (460204, '天涯区', 460200, 460000);
INSERT INTO `dim_county` VALUES (460205, '崖州区', 460200, 460000);
INSERT INTO `dim_county` VALUES (469001, '五指山市', 469000, 460000);
INSERT INTO `dim_county` VALUES (469002, '琼海市', 469000, 460000);
INSERT INTO `dim_county` VALUES (469005, '文昌市', 469000, 460000);
INSERT INTO `dim_county` VALUES (469006, '万宁市', 469000, 460000);
INSERT INTO `dim_county` VALUES (469007, '东方市', 469000, 460000);
INSERT INTO `dim_county` VALUES (469021, '定安县', 469000, 460000);
INSERT INTO `dim_county` VALUES (469022, '屯昌县', 469000, 460000);
INSERT INTO `dim_county` VALUES (469023, '澄迈县', 469000, 460000);
INSERT INTO `dim_county` VALUES (469024, '临高县', 469000, 460000);
INSERT INTO `dim_county` VALUES (469025, '白沙黎族自治县', 469000, 460000);
INSERT INTO `dim_county` VALUES (469026, '昌江黎族自治县', 469000, 460000);
INSERT INTO `dim_county` VALUES (469027, '乐东黎族自治县', 469000, 460000);
INSERT INTO `dim_county` VALUES (469028, '陵水黎族自治县', 469000, 460000);
INSERT INTO `dim_county` VALUES (469029, '保亭黎族苗族自治县', 469000, 460000);
INSERT INTO `dim_county` VALUES (469030, '琼中黎族苗族自治县', 469000, 460000);
INSERT INTO `dim_county` VALUES (500101, '万州区', 500100, 500000);
INSERT INTO `dim_county` VALUES (500102, '涪陵区', 500100, 500000);
INSERT INTO `dim_county` VALUES (500103, '渝中区', 500100, 500000);
INSERT INTO `dim_county` VALUES (500104, '大渡口区', 500100, 500000);
INSERT INTO `dim_county` VALUES (500105, '江北区', 500100, 500000);
INSERT INTO `dim_county` VALUES (500106, '沙坪坝区', 500100, 500000);
INSERT INTO `dim_county` VALUES (500107, '九龙坡区', 500100, 500000);
INSERT INTO `dim_county` VALUES (500108, '南岸区', 500100, 500000);
INSERT INTO `dim_county` VALUES (500109, '北碚区', 500100, 500000);
INSERT INTO `dim_county` VALUES (500110, '綦江区', 500100, 500000);
INSERT INTO `dim_county` VALUES (500111, '大足区', 500100, 500000);
INSERT INTO `dim_county` VALUES (500112, '渝北区', 500100, 500000);
INSERT INTO `dim_county` VALUES (500113, '巴南区', 500100, 500000);
INSERT INTO `dim_county` VALUES (500114, '黔江区', 500100, 500000);
INSERT INTO `dim_county` VALUES (500115, '长寿区', 500100, 500000);
INSERT INTO `dim_county` VALUES (500116, '江津区', 500100, 500000);
INSERT INTO `dim_county` VALUES (500117, '合川区', 500100, 500000);
INSERT INTO `dim_county` VALUES (500118, '永川区', 500100, 500000);
INSERT INTO `dim_county` VALUES (500119, '南川区', 500100, 500000);
INSERT INTO `dim_county` VALUES (500120, '璧山区', 500100, 500000);
INSERT INTO `dim_county` VALUES (500151, '铜梁区', 500100, 500000);
INSERT INTO `dim_county` VALUES (500152, '潼南区', 500100, 500000);
INSERT INTO `dim_county` VALUES (500153, '荣昌区', 500100, 500000);
INSERT INTO `dim_county` VALUES (500154, '开州区', 500100, 500000);
INSERT INTO `dim_county` VALUES (500228, '梁平县', 500200, 500000);
INSERT INTO `dim_county` VALUES (500229, '城口县', 500200, 500000);
INSERT INTO `dim_county` VALUES (500230, '丰都县', 500200, 500000);
INSERT INTO `dim_county` VALUES (500231, '垫江县', 500200, 500000);
INSERT INTO `dim_county` VALUES (500232, '武隆县', 500200, 500000);
INSERT INTO `dim_county` VALUES (500233, '忠县', 500200, 500000);
INSERT INTO `dim_county` VALUES (500235, '云阳县', 500200, 500000);
INSERT INTO `dim_county` VALUES (500236, '奉节县', 500200, 500000);
INSERT INTO `dim_county` VALUES (500237, '巫山县', 500200, 500000);
INSERT INTO `dim_county` VALUES (500238, '巫溪县', 500200, 500000);
INSERT INTO `dim_county` VALUES (500240, '石柱土家族自治县', 500200, 500000);
INSERT INTO `dim_county` VALUES (500241, '秀山土家族苗族自治县', 500200, 500000);
INSERT INTO `dim_county` VALUES (500242, '酉阳土家族苗族自治县', 500200, 500000);
INSERT INTO `dim_county` VALUES (500243, '彭水苗族土家族自治县', 500200, 500000);
INSERT INTO `dim_county` VALUES (510101, '市辖区', 510100, 510000);
INSERT INTO `dim_county` VALUES (510104, '锦江区', 510100, 510000);
INSERT INTO `dim_county` VALUES (510105, '青羊区', 510100, 510000);
INSERT INTO `dim_county` VALUES (510106, '金牛区', 510100, 510000);
INSERT INTO `dim_county` VALUES (510107, '武侯区', 510100, 510000);
INSERT INTO `dim_county` VALUES (510108, '成华区', 510100, 510000);
INSERT INTO `dim_county` VALUES (510112, '龙泉驿区', 510100, 510000);
INSERT INTO `dim_county` VALUES (510113, '青白江区', 510100, 510000);
INSERT INTO `dim_county` VALUES (510114, '新都区', 510100, 510000);
INSERT INTO `dim_county` VALUES (510115, '温江区', 510100, 510000);
INSERT INTO `dim_county` VALUES (510116, '双流区', 510100, 510000);
INSERT INTO `dim_county` VALUES (510121, '金堂县', 510100, 510000);
INSERT INTO `dim_county` VALUES (510124, '郫县', 510100, 510000);
INSERT INTO `dim_county` VALUES (510129, '大邑县', 510100, 510000);
INSERT INTO `dim_county` VALUES (510131, '蒲江县', 510100, 510000);
INSERT INTO `dim_county` VALUES (510132, '新津县', 510100, 510000);
INSERT INTO `dim_county` VALUES (510181, '都江堰市', 510100, 510000);
INSERT INTO `dim_county` VALUES (510182, '彭州市', 510100, 510000);
INSERT INTO `dim_county` VALUES (510183, '邛崃市', 510100, 510000);
INSERT INTO `dim_county` VALUES (510184, '崇州市', 510100, 510000);
INSERT INTO `dim_county` VALUES (510185, '简阳市', 510100, 510000);
INSERT INTO `dim_county` VALUES (510301, '市辖区', 510300, 510000);
INSERT INTO `dim_county` VALUES (510302, '自流井区', 510300, 510000);
INSERT INTO `dim_county` VALUES (510303, '贡井区', 510300, 510000);
INSERT INTO `dim_county` VALUES (510304, '大安区', 510300, 510000);
INSERT INTO `dim_county` VALUES (510311, '沿滩区', 510300, 510000);
INSERT INTO `dim_county` VALUES (510321, '荣县', 510300, 510000);
INSERT INTO `dim_county` VALUES (510322, '富顺县', 510300, 510000);
INSERT INTO `dim_county` VALUES (510401, '市辖区', 510400, 510000);
INSERT INTO `dim_county` VALUES (510402, '东区', 510400, 510000);
INSERT INTO `dim_county` VALUES (510403, '西区', 510400, 510000);
INSERT INTO `dim_county` VALUES (510411, '仁和区', 510400, 510000);
INSERT INTO `dim_county` VALUES (510421, '米易县', 510400, 510000);
INSERT INTO `dim_county` VALUES (510422, '盐边县', 510400, 510000);
INSERT INTO `dim_county` VALUES (510501, '市辖区', 510500, 510000);
INSERT INTO `dim_county` VALUES (510502, '江阳区', 510500, 510000);
INSERT INTO `dim_county` VALUES (510503, '纳溪区', 510500, 510000);
INSERT INTO `dim_county` VALUES (510504, '龙马潭区', 510500, 510000);
INSERT INTO `dim_county` VALUES (510521, '泸县', 510500, 510000);
INSERT INTO `dim_county` VALUES (510522, '合江县', 510500, 510000);
INSERT INTO `dim_county` VALUES (510524, '叙永县', 510500, 510000);
INSERT INTO `dim_county` VALUES (510525, '古蔺县', 510500, 510000);
INSERT INTO `dim_county` VALUES (510601, '市辖区', 510600, 510000);
INSERT INTO `dim_county` VALUES (510603, '旌阳区', 510600, 510000);
INSERT INTO `dim_county` VALUES (510623, '中江县', 510600, 510000);
INSERT INTO `dim_county` VALUES (510626, '罗江县', 510600, 510000);
INSERT INTO `dim_county` VALUES (510681, '广汉市', 510600, 510000);
INSERT INTO `dim_county` VALUES (510682, '什邡市', 510600, 510000);
INSERT INTO `dim_county` VALUES (510683, '绵竹市', 510600, 510000);
INSERT INTO `dim_county` VALUES (510701, '市辖区', 510700, 510000);
INSERT INTO `dim_county` VALUES (510703, '涪城区', 510700, 510000);
INSERT INTO `dim_county` VALUES (510704, '游仙区', 510700, 510000);
INSERT INTO `dim_county` VALUES (510705, '安州区', 510700, 510000);
INSERT INTO `dim_county` VALUES (510722, '三台县', 510700, 510000);
INSERT INTO `dim_county` VALUES (510723, '盐亭县', 510700, 510000);
INSERT INTO `dim_county` VALUES (510725, '梓潼县', 510700, 510000);
INSERT INTO `dim_county` VALUES (510726, '北川羌族自治县', 510700, 510000);
INSERT INTO `dim_county` VALUES (510727, '平武县', 510700, 510000);
INSERT INTO `dim_county` VALUES (510781, '江油市', 510700, 510000);
INSERT INTO `dim_county` VALUES (510801, '市辖区', 510800, 510000);
INSERT INTO `dim_county` VALUES (510802, '利州区', 510800, 510000);
INSERT INTO `dim_county` VALUES (510811, '昭化区', 510800, 510000);
INSERT INTO `dim_county` VALUES (510812, '朝天区', 510800, 510000);
INSERT INTO `dim_county` VALUES (510821, '旺苍县', 510800, 510000);
INSERT INTO `dim_county` VALUES (510822, '青川县', 510800, 510000);
INSERT INTO `dim_county` VALUES (510823, '剑阁县', 510800, 510000);
INSERT INTO `dim_county` VALUES (510824, '苍溪县', 510800, 510000);
INSERT INTO `dim_county` VALUES (510901, '市辖区', 510900, 510000);
INSERT INTO `dim_county` VALUES (510903, '船山区', 510900, 510000);
INSERT INTO `dim_county` VALUES (510904, '安居区', 510900, 510000);
INSERT INTO `dim_county` VALUES (510921, '蓬溪县', 510900, 510000);
INSERT INTO `dim_county` VALUES (510922, '射洪县', 510900, 510000);
INSERT INTO `dim_county` VALUES (510923, '大英县', 510900, 510000);
INSERT INTO `dim_county` VALUES (511001, '市辖区', 511000, 510000);
INSERT INTO `dim_county` VALUES (511002, '市中区', 511000, 510000);
INSERT INTO `dim_county` VALUES (511011, '东兴区', 511000, 510000);
INSERT INTO `dim_county` VALUES (511024, '威远县', 511000, 510000);
INSERT INTO `dim_county` VALUES (511025, '资中县', 511000, 510000);
INSERT INTO `dim_county` VALUES (511028, '隆昌县', 511000, 510000);
INSERT INTO `dim_county` VALUES (511101, '市辖区', 511100, 510000);
INSERT INTO `dim_county` VALUES (511102, '市中区', 511100, 510000);
INSERT INTO `dim_county` VALUES (511111, '沙湾区', 511100, 510000);
INSERT INTO `dim_county` VALUES (511112, '五通桥区', 511100, 510000);
INSERT INTO `dim_county` VALUES (511113, '金口河区', 511100, 510000);
INSERT INTO `dim_county` VALUES (511123, '犍为县', 511100, 510000);
INSERT INTO `dim_county` VALUES (511124, '井研县', 511100, 510000);
INSERT INTO `dim_county` VALUES (511126, '夹江县', 511100, 510000);
INSERT INTO `dim_county` VALUES (511129, '沐川县', 511100, 510000);
INSERT INTO `dim_county` VALUES (511132, '峨边彝族自治县', 511100, 510000);
INSERT INTO `dim_county` VALUES (511133, '马边彝族自治县', 511100, 510000);
INSERT INTO `dim_county` VALUES (511181, '峨眉山市', 511100, 510000);
INSERT INTO `dim_county` VALUES (511301, '市辖区', 511300, 510000);
INSERT INTO `dim_county` VALUES (511302, '顺庆区', 511300, 510000);
INSERT INTO `dim_county` VALUES (511303, '高坪区', 511300, 510000);
INSERT INTO `dim_county` VALUES (511304, '嘉陵区', 511300, 510000);
INSERT INTO `dim_county` VALUES (511321, '南部县', 511300, 510000);
INSERT INTO `dim_county` VALUES (511322, '营山县', 511300, 510000);
INSERT INTO `dim_county` VALUES (511323, '蓬安县', 511300, 510000);
INSERT INTO `dim_county` VALUES (511324, '仪陇县', 511300, 510000);
INSERT INTO `dim_county` VALUES (511325, '西充县', 511300, 510000);
INSERT INTO `dim_county` VALUES (511381, '阆中市', 511300, 510000);
INSERT INTO `dim_county` VALUES (511401, '市辖区', 511400, 510000);
INSERT INTO `dim_county` VALUES (511402, '东坡区', 511400, 510000);
INSERT INTO `dim_county` VALUES (511403, '彭山区', 511400, 510000);
INSERT INTO `dim_county` VALUES (511421, '仁寿县', 511400, 510000);
INSERT INTO `dim_county` VALUES (511423, '洪雅县', 511400, 510000);
INSERT INTO `dim_county` VALUES (511424, '丹棱县', 511400, 510000);
INSERT INTO `dim_county` VALUES (511425, '青神县', 511400, 510000);
INSERT INTO `dim_county` VALUES (511501, '市辖区', 511500, 510000);
INSERT INTO `dim_county` VALUES (511502, '翠屏区', 511500, 510000);
INSERT INTO `dim_county` VALUES (511503, '南溪区', 511500, 510000);
INSERT INTO `dim_county` VALUES (511521, '宜宾县', 511500, 510000);
INSERT INTO `dim_county` VALUES (511523, '江安县', 511500, 510000);
INSERT INTO `dim_county` VALUES (511524, '长宁县', 511500, 510000);
INSERT INTO `dim_county` VALUES (511525, '高县', 511500, 510000);
INSERT INTO `dim_county` VALUES (511526, '珙县', 511500, 510000);
INSERT INTO `dim_county` VALUES (511527, '筠连县', 511500, 510000);
INSERT INTO `dim_county` VALUES (511528, '兴文县', 511500, 510000);
INSERT INTO `dim_county` VALUES (511529, '屏山县', 511500, 510000);
INSERT INTO `dim_county` VALUES (511601, '市辖区', 511600, 510000);
INSERT INTO `dim_county` VALUES (511602, '广安区', 511600, 510000);
INSERT INTO `dim_county` VALUES (511603, '前锋区', 511600, 510000);
INSERT INTO `dim_county` VALUES (511621, '岳池县', 511600, 510000);
INSERT INTO `dim_county` VALUES (511622, '武胜县', 511600, 510000);
INSERT INTO `dim_county` VALUES (511623, '邻水县', 511600, 510000);
INSERT INTO `dim_county` VALUES (511681, '华蓥市', 511600, 510000);
INSERT INTO `dim_county` VALUES (511701, '市辖区', 511700, 510000);
INSERT INTO `dim_county` VALUES (511702, '通川区', 511700, 510000);
INSERT INTO `dim_county` VALUES (511703, '达川区', 511700, 510000);
INSERT INTO `dim_county` VALUES (511722, '宣汉县', 511700, 510000);
INSERT INTO `dim_county` VALUES (511723, '开江县', 511700, 510000);
INSERT INTO `dim_county` VALUES (511724, '大竹县', 511700, 510000);
INSERT INTO `dim_county` VALUES (511725, '渠县', 511700, 510000);
INSERT INTO `dim_county` VALUES (511781, '万源市', 511700, 510000);
INSERT INTO `dim_county` VALUES (511801, '市辖区', 511800, 510000);
INSERT INTO `dim_county` VALUES (511802, '雨城区', 511800, 510000);
INSERT INTO `dim_county` VALUES (511803, '名山区', 511800, 510000);
INSERT INTO `dim_county` VALUES (511822, '荥经县', 511800, 510000);
INSERT INTO `dim_county` VALUES (511823, '汉源县', 511800, 510000);
INSERT INTO `dim_county` VALUES (511824, '石棉县', 511800, 510000);
INSERT INTO `dim_county` VALUES (511825, '天全县', 511800, 510000);
INSERT INTO `dim_county` VALUES (511826, '芦山县', 511800, 510000);
INSERT INTO `dim_county` VALUES (511827, '宝兴县', 511800, 510000);
INSERT INTO `dim_county` VALUES (511901, '市辖区', 511900, 510000);
INSERT INTO `dim_county` VALUES (511902, '巴州区', 511900, 510000);
INSERT INTO `dim_county` VALUES (511903, '恩阳区', 511900, 510000);
INSERT INTO `dim_county` VALUES (511921, '通江县', 511900, 510000);
INSERT INTO `dim_county` VALUES (511922, '南江县', 511900, 510000);
INSERT INTO `dim_county` VALUES (511923, '平昌县', 511900, 510000);
INSERT INTO `dim_county` VALUES (512001, '市辖区', 512000, 510000);
INSERT INTO `dim_county` VALUES (512002, '雁江区', 512000, 510000);
INSERT INTO `dim_county` VALUES (512021, '安岳县', 512000, 510000);
INSERT INTO `dim_county` VALUES (512022, '乐至县', 512000, 510000);
INSERT INTO `dim_county` VALUES (513201, '马尔康市', 513200, 510000);
INSERT INTO `dim_county` VALUES (513221, '汶川县', 513200, 510000);
INSERT INTO `dim_county` VALUES (513222, '理县', 513200, 510000);
INSERT INTO `dim_county` VALUES (513223, '茂县', 513200, 510000);
INSERT INTO `dim_county` VALUES (513224, '松潘县', 513200, 510000);
INSERT INTO `dim_county` VALUES (513225, '九寨沟县', 513200, 510000);
INSERT INTO `dim_county` VALUES (513226, '金川县', 513200, 510000);
INSERT INTO `dim_county` VALUES (513227, '小金县', 513200, 510000);
INSERT INTO `dim_county` VALUES (513228, '黑水县', 513200, 510000);
INSERT INTO `dim_county` VALUES (513230, '壤塘县', 513200, 510000);
INSERT INTO `dim_county` VALUES (513231, '阿坝县', 513200, 510000);
INSERT INTO `dim_county` VALUES (513232, '若尔盖县', 513200, 510000);
INSERT INTO `dim_county` VALUES (513233, '红原县', 513200, 510000);
INSERT INTO `dim_county` VALUES (513301, '康定市', 513300, 510000);
INSERT INTO `dim_county` VALUES (513322, '泸定县', 513300, 510000);
INSERT INTO `dim_county` VALUES (513323, '丹巴县', 513300, 510000);
INSERT INTO `dim_county` VALUES (513324, '九龙县', 513300, 510000);
INSERT INTO `dim_county` VALUES (513325, '雅江县', 513300, 510000);
INSERT INTO `dim_county` VALUES (513326, '道孚县', 513300, 510000);
INSERT INTO `dim_county` VALUES (513327, '炉霍县', 513300, 510000);
INSERT INTO `dim_county` VALUES (513328, '甘孜县', 513300, 510000);
INSERT INTO `dim_county` VALUES (513329, '新龙县', 513300, 510000);
INSERT INTO `dim_county` VALUES (513330, '德格县', 513300, 510000);
INSERT INTO `dim_county` VALUES (513331, '白玉县', 513300, 510000);
INSERT INTO `dim_county` VALUES (513332, '石渠县', 513300, 510000);
INSERT INTO `dim_county` VALUES (513333, '色达县', 513300, 510000);
INSERT INTO `dim_county` VALUES (513334, '理塘县', 513300, 510000);
INSERT INTO `dim_county` VALUES (513335, '巴塘县', 513300, 510000);
INSERT INTO `dim_county` VALUES (513336, '乡城县', 513300, 510000);
INSERT INTO `dim_county` VALUES (513337, '稻城县', 513300, 510000);
INSERT INTO `dim_county` VALUES (513338, '得荣县', 513300, 510000);
INSERT INTO `dim_county` VALUES (513401, '西昌市', 513400, 510000);
INSERT INTO `dim_county` VALUES (513422, '木里藏族自治县', 513400, 510000);
INSERT INTO `dim_county` VALUES (513423, '盐源县', 513400, 510000);
INSERT INTO `dim_county` VALUES (513424, '德昌县', 513400, 510000);
INSERT INTO `dim_county` VALUES (513425, '会理县', 513400, 510000);
INSERT INTO `dim_county` VALUES (513426, '会东县', 513400, 510000);
INSERT INTO `dim_county` VALUES (513427, '宁南县', 513400, 510000);
INSERT INTO `dim_county` VALUES (513428, '普格县', 513400, 510000);
INSERT INTO `dim_county` VALUES (513429, '布拖县', 513400, 510000);
INSERT INTO `dim_county` VALUES (513430, '金阳县', 513400, 510000);
INSERT INTO `dim_county` VALUES (513431, '昭觉县', 513400, 510000);
INSERT INTO `dim_county` VALUES (513432, '喜德县', 513400, 510000);
INSERT INTO `dim_county` VALUES (513433, '冕宁县', 513400, 510000);
INSERT INTO `dim_county` VALUES (513434, '越西县', 513400, 510000);
INSERT INTO `dim_county` VALUES (513435, '甘洛县', 513400, 510000);
INSERT INTO `dim_county` VALUES (513436, '美姑县', 513400, 510000);
INSERT INTO `dim_county` VALUES (513437, '雷波县', 513400, 510000);
INSERT INTO `dim_county` VALUES (520101, '市辖区', 520100, 520000);
INSERT INTO `dim_county` VALUES (520102, '南明区', 520100, 520000);
INSERT INTO `dim_county` VALUES (520103, '云岩区', 520100, 520000);
INSERT INTO `dim_county` VALUES (520111, '花溪区', 520100, 520000);
INSERT INTO `dim_county` VALUES (520112, '乌当区', 520100, 520000);
INSERT INTO `dim_county` VALUES (520113, '白云区', 520100, 520000);
INSERT INTO `dim_county` VALUES (520115, '观山湖区', 520100, 520000);
INSERT INTO `dim_county` VALUES (520121, '开阳县', 520100, 520000);
INSERT INTO `dim_county` VALUES (520122, '息烽县', 520100, 520000);
INSERT INTO `dim_county` VALUES (520123, '修文县', 520100, 520000);
INSERT INTO `dim_county` VALUES (520181, '清镇市', 520100, 520000);
INSERT INTO `dim_county` VALUES (520201, '钟山区', 520200, 520000);
INSERT INTO `dim_county` VALUES (520203, '六枝特区', 520200, 520000);
INSERT INTO `dim_county` VALUES (520221, '水城县', 520200, 520000);
INSERT INTO `dim_county` VALUES (520222, '盘县', 520200, 520000);
INSERT INTO `dim_county` VALUES (520301, '市辖区', 520300, 520000);
INSERT INTO `dim_county` VALUES (520302, '红花岗区', 520300, 520000);
INSERT INTO `dim_county` VALUES (520303, '汇川区', 520300, 520000);
INSERT INTO `dim_county` VALUES (520304, '播州区', 520300, 520000);
INSERT INTO `dim_county` VALUES (520322, '桐梓县', 520300, 520000);
INSERT INTO `dim_county` VALUES (520323, '绥阳县', 520300, 520000);
INSERT INTO `dim_county` VALUES (520324, '正安县', 520300, 520000);
INSERT INTO `dim_county` VALUES (520325, '道真仡佬族苗族自治县', 520300, 520000);
INSERT INTO `dim_county` VALUES (520326, '务川仡佬族苗族自治县', 520300, 520000);
INSERT INTO `dim_county` VALUES (520327, '凤冈县', 520300, 520000);
INSERT INTO `dim_county` VALUES (520328, '湄潭县', 520300, 520000);
INSERT INTO `dim_county` VALUES (520329, '余庆县', 520300, 520000);
INSERT INTO `dim_county` VALUES (520330, '习水县', 520300, 520000);
INSERT INTO `dim_county` VALUES (520381, '赤水市', 520300, 520000);
INSERT INTO `dim_county` VALUES (520382, '仁怀市', 520300, 520000);
INSERT INTO `dim_county` VALUES (520401, '市辖区', 520400, 520000);
INSERT INTO `dim_county` VALUES (520402, '西秀区', 520400, 520000);
INSERT INTO `dim_county` VALUES (520403, '平坝区', 520400, 520000);
INSERT INTO `dim_county` VALUES (520422, '普定县', 520400, 520000);
INSERT INTO `dim_county` VALUES (520423, '镇宁布依族苗族自治县', 520400, 520000);
INSERT INTO `dim_county` VALUES (520424, '关岭布依族苗族自治县', 520400, 520000);
INSERT INTO `dim_county` VALUES (520425, '紫云苗族布依族自治县', 520400, 520000);
INSERT INTO `dim_county` VALUES (520501, '市辖区', 520500, 520000);
INSERT INTO `dim_county` VALUES (520502, '七星关区', 520500, 520000);
INSERT INTO `dim_county` VALUES (520521, '大方县', 520500, 520000);
INSERT INTO `dim_county` VALUES (520522, '黔西县', 520500, 520000);
INSERT INTO `dim_county` VALUES (520523, '金沙县', 520500, 520000);
INSERT INTO `dim_county` VALUES (520524, '织金县', 520500, 520000);
INSERT INTO `dim_county` VALUES (520525, '纳雍县', 520500, 520000);
INSERT INTO `dim_county` VALUES (520526, '威宁彝族回族苗族自治县', 520500, 520000);
INSERT INTO `dim_county` VALUES (520527, '赫章县', 520500, 520000);
INSERT INTO `dim_county` VALUES (520601, '市辖区', 520600, 520000);
INSERT INTO `dim_county` VALUES (520602, '碧江区', 520600, 520000);
INSERT INTO `dim_county` VALUES (520603, '万山区', 520600, 520000);
INSERT INTO `dim_county` VALUES (520621, '江口县', 520600, 520000);
INSERT INTO `dim_county` VALUES (520622, '玉屏侗族自治县', 520600, 520000);
INSERT INTO `dim_county` VALUES (520623, '石阡县', 520600, 520000);
INSERT INTO `dim_county` VALUES (520624, '思南县', 520600, 520000);
INSERT INTO `dim_county` VALUES (520625, '印江土家族苗族自治县', 520600, 520000);
INSERT INTO `dim_county` VALUES (520626, '德江县', 520600, 520000);
INSERT INTO `dim_county` VALUES (520627, '沿河土家族自治县', 520600, 520000);
INSERT INTO `dim_county` VALUES (520628, '松桃苗族自治县', 520600, 520000);
INSERT INTO `dim_county` VALUES (522301, '兴义市', 522300, 520000);
INSERT INTO `dim_county` VALUES (522322, '兴仁县', 522300, 520000);
INSERT INTO `dim_county` VALUES (522323, '普安县', 522300, 520000);
INSERT INTO `dim_county` VALUES (522324, '晴隆县', 522300, 520000);
INSERT INTO `dim_county` VALUES (522325, '贞丰县', 522300, 520000);
INSERT INTO `dim_county` VALUES (522326, '望谟县', 522300, 520000);
INSERT INTO `dim_county` VALUES (522327, '册亨县', 522300, 520000);
INSERT INTO `dim_county` VALUES (522328, '安龙县', 522300, 520000);
INSERT INTO `dim_county` VALUES (522601, '凯里市', 522600, 520000);
INSERT INTO `dim_county` VALUES (522622, '黄平县', 522600, 520000);
INSERT INTO `dim_county` VALUES (522623, '施秉县', 522600, 520000);
INSERT INTO `dim_county` VALUES (522624, '三穗县', 522600, 520000);
INSERT INTO `dim_county` VALUES (522625, '镇远县', 522600, 520000);
INSERT INTO `dim_county` VALUES (522626, '岑巩县', 522600, 520000);
INSERT INTO `dim_county` VALUES (522627, '天柱县', 522600, 520000);
INSERT INTO `dim_county` VALUES (522628, '锦屏县', 522600, 520000);
INSERT INTO `dim_county` VALUES (522629, '剑河县', 522600, 520000);
INSERT INTO `dim_county` VALUES (522630, '台江县', 522600, 520000);
INSERT INTO `dim_county` VALUES (522631, '黎平县', 522600, 520000);
INSERT INTO `dim_county` VALUES (522632, '榕江县', 522600, 520000);
INSERT INTO `dim_county` VALUES (522633, '从江县', 522600, 520000);
INSERT INTO `dim_county` VALUES (522634, '雷山县', 522600, 520000);
INSERT INTO `dim_county` VALUES (522635, '麻江县', 522600, 520000);
INSERT INTO `dim_county` VALUES (522636, '丹寨县', 522600, 520000);
INSERT INTO `dim_county` VALUES (522701, '都匀市', 522700, 520000);
INSERT INTO `dim_county` VALUES (522702, '福泉市', 522700, 520000);
INSERT INTO `dim_county` VALUES (522722, '荔波县', 522700, 520000);
INSERT INTO `dim_county` VALUES (522723, '贵定县', 522700, 520000);
INSERT INTO `dim_county` VALUES (522725, '瓮安县', 522700, 520000);
INSERT INTO `dim_county` VALUES (522726, '独山县', 522700, 520000);
INSERT INTO `dim_county` VALUES (522727, '平塘县', 522700, 520000);
INSERT INTO `dim_county` VALUES (522728, '罗甸县', 522700, 520000);
INSERT INTO `dim_county` VALUES (522729, '长顺县', 522700, 520000);
INSERT INTO `dim_county` VALUES (522730, '龙里县', 522700, 520000);
INSERT INTO `dim_county` VALUES (522731, '惠水县', 522700, 520000);
INSERT INTO `dim_county` VALUES (522732, '三都水族自治县', 522700, 520000);
INSERT INTO `dim_county` VALUES (530101, '市辖区', 530100, 530000);
INSERT INTO `dim_county` VALUES (530102, '五华区', 530100, 530000);
INSERT INTO `dim_county` VALUES (530103, '盘龙区', 530100, 530000);
INSERT INTO `dim_county` VALUES (530111, '官渡区', 530100, 530000);
INSERT INTO `dim_county` VALUES (530112, '西山区', 530100, 530000);
INSERT INTO `dim_county` VALUES (530113, '东川区', 530100, 530000);
INSERT INTO `dim_county` VALUES (530114, '呈贡区', 530100, 530000);
INSERT INTO `dim_county` VALUES (530122, '晋宁县', 530100, 530000);
INSERT INTO `dim_county` VALUES (530124, '富民县', 530100, 530000);
INSERT INTO `dim_county` VALUES (530125, '宜良县', 530100, 530000);
INSERT INTO `dim_county` VALUES (530126, '石林彝族自治县', 530100, 530000);
INSERT INTO `dim_county` VALUES (530127, '嵩明县', 530100, 530000);
INSERT INTO `dim_county` VALUES (530128, '禄劝彝族苗族自治县', 530100, 530000);
INSERT INTO `dim_county` VALUES (530129, '寻甸回族彝族自治县', 530100, 530000);
INSERT INTO `dim_county` VALUES (530181, '安宁市', 530100, 530000);
INSERT INTO `dim_county` VALUES (530301, '市辖区', 530300, 530000);
INSERT INTO `dim_county` VALUES (530302, '麒麟区', 530300, 530000);
INSERT INTO `dim_county` VALUES (530303, '沾益区', 530300, 530000);
INSERT INTO `dim_county` VALUES (530321, '马龙县', 530300, 530000);
INSERT INTO `dim_county` VALUES (530322, '陆良县', 530300, 530000);
INSERT INTO `dim_county` VALUES (530323, '师宗县', 530300, 530000);
INSERT INTO `dim_county` VALUES (530324, '罗平县', 530300, 530000);
INSERT INTO `dim_county` VALUES (530325, '富源县', 530300, 530000);
INSERT INTO `dim_county` VALUES (530326, '会泽县', 530300, 530000);
INSERT INTO `dim_county` VALUES (530381, '宣威市', 530300, 530000);
INSERT INTO `dim_county` VALUES (530401, '市辖区', 530400, 530000);
INSERT INTO `dim_county` VALUES (530402, '红塔区', 530400, 530000);
INSERT INTO `dim_county` VALUES (530403, '江川区', 530400, 530000);
INSERT INTO `dim_county` VALUES (530422, '澄江县', 530400, 530000);
INSERT INTO `dim_county` VALUES (530423, '通海县', 530400, 530000);
INSERT INTO `dim_county` VALUES (530424, '华宁县', 530400, 530000);
INSERT INTO `dim_county` VALUES (530425, '易门县', 530400, 530000);
INSERT INTO `dim_county` VALUES (530426, '峨山彝族自治县', 530400, 530000);
INSERT INTO `dim_county` VALUES (530427, '新平彝族傣族自治县', 530400, 530000);
INSERT INTO `dim_county` VALUES (530428, '元江哈尼族彝族傣族自治县', 530400, 530000);
INSERT INTO `dim_county` VALUES (530501, '市辖区', 530500, 530000);
INSERT INTO `dim_county` VALUES (530502, '隆阳区', 530500, 530000);
INSERT INTO `dim_county` VALUES (530521, '施甸县', 530500, 530000);
INSERT INTO `dim_county` VALUES (530523, '龙陵县', 530500, 530000);
INSERT INTO `dim_county` VALUES (530524, '昌宁县', 530500, 530000);
INSERT INTO `dim_county` VALUES (530581, '腾冲市', 530500, 530000);
INSERT INTO `dim_county` VALUES (530601, '市辖区', 530600, 530000);
INSERT INTO `dim_county` VALUES (530602, '昭阳区', 530600, 530000);
INSERT INTO `dim_county` VALUES (530621, '鲁甸县', 530600, 530000);
INSERT INTO `dim_county` VALUES (530622, '巧家县', 530600, 530000);
INSERT INTO `dim_county` VALUES (530623, '盐津县', 530600, 530000);
INSERT INTO `dim_county` VALUES (530624, '大关县', 530600, 530000);
INSERT INTO `dim_county` VALUES (530625, '永善县', 530600, 530000);
INSERT INTO `dim_county` VALUES (530626, '绥江县', 530600, 530000);
INSERT INTO `dim_county` VALUES (530627, '镇雄县', 530600, 530000);
INSERT INTO `dim_county` VALUES (530628, '彝良县', 530600, 530000);
INSERT INTO `dim_county` VALUES (530629, '威信县', 530600, 530000);
INSERT INTO `dim_county` VALUES (530630, '水富县', 530600, 530000);
INSERT INTO `dim_county` VALUES (530701, '市辖区', 530700, 530000);
INSERT INTO `dim_county` VALUES (530702, '古城区', 530700, 530000);
INSERT INTO `dim_county` VALUES (530721, '玉龙纳西族自治县', 530700, 530000);
INSERT INTO `dim_county` VALUES (530722, '永胜县', 530700, 530000);
INSERT INTO `dim_county` VALUES (530723, '华坪县', 530700, 530000);
INSERT INTO `dim_county` VALUES (530724, '宁蒗彝族自治县', 530700, 530000);
INSERT INTO `dim_county` VALUES (530801, '市辖区', 530800, 530000);
INSERT INTO `dim_county` VALUES (530802, '思茅区', 530800, 530000);
INSERT INTO `dim_county` VALUES (530821, '宁洱哈尼族彝族自治县', 530800, 530000);
INSERT INTO `dim_county` VALUES (530822, '墨江哈尼族自治县', 530800, 530000);
INSERT INTO `dim_county` VALUES (530823, '景东彝族自治县', 530800, 530000);
INSERT INTO `dim_county` VALUES (530824, '景谷傣族彝族自治县', 530800, 530000);
INSERT INTO `dim_county` VALUES (530825, '镇沅彝族哈尼族拉祜族自治县', 530800, 530000);
INSERT INTO `dim_county` VALUES (530826, '江城哈尼族彝族自治县', 530800, 530000);
INSERT INTO `dim_county` VALUES (530827, '孟连傣族拉祜族佤族自治县', 530800, 530000);
INSERT INTO `dim_county` VALUES (530828, '澜沧拉祜族自治县', 530800, 530000);
INSERT INTO `dim_county` VALUES (530829, '西盟佤族自治县', 530800, 530000);
INSERT INTO `dim_county` VALUES (530901, '市辖区', 530900, 530000);
INSERT INTO `dim_county` VALUES (530902, '临翔区', 530900, 530000);
INSERT INTO `dim_county` VALUES (530921, '凤庆县', 530900, 530000);
INSERT INTO `dim_county` VALUES (530922, '云县', 530900, 530000);
INSERT INTO `dim_county` VALUES (530923, '永德县', 530900, 530000);
INSERT INTO `dim_county` VALUES (530924, '镇康县', 530900, 530000);
INSERT INTO `dim_county` VALUES (530925, '双江拉祜族佤族布朗族傣族自治县', 530900, 530000);
INSERT INTO `dim_county` VALUES (530926, '耿马傣族佤族自治县', 530900, 530000);
INSERT INTO `dim_county` VALUES (530927, '沧源佤族自治县', 530900, 530000);
INSERT INTO `dim_county` VALUES (532301, '楚雄市', 532300, 530000);
INSERT INTO `dim_county` VALUES (532322, '双柏县', 532300, 530000);
INSERT INTO `dim_county` VALUES (532323, '牟定县', 532300, 530000);
INSERT INTO `dim_county` VALUES (532324, '南华县', 532300, 530000);
INSERT INTO `dim_county` VALUES (532325, '姚安县', 532300, 530000);
INSERT INTO `dim_county` VALUES (532326, '大姚县', 532300, 530000);
INSERT INTO `dim_county` VALUES (532327, '永仁县', 532300, 530000);
INSERT INTO `dim_county` VALUES (532328, '元谋县', 532300, 530000);
INSERT INTO `dim_county` VALUES (532329, '武定县', 532300, 530000);
INSERT INTO `dim_county` VALUES (532331, '禄丰县', 532300, 530000);
INSERT INTO `dim_county` VALUES (532501, '个旧市', 532500, 530000);
INSERT INTO `dim_county` VALUES (532502, '开远市', 532500, 530000);
INSERT INTO `dim_county` VALUES (532503, '蒙自市', 532500, 530000);
INSERT INTO `dim_county` VALUES (532504, '弥勒市', 532500, 530000);
INSERT INTO `dim_county` VALUES (532523, '屏边苗族自治县', 532500, 530000);
INSERT INTO `dim_county` VALUES (532524, '建水县', 532500, 530000);
INSERT INTO `dim_county` VALUES (532525, '石屏县', 532500, 530000);
INSERT INTO `dim_county` VALUES (532527, '泸西县', 532500, 530000);
INSERT INTO `dim_county` VALUES (532528, '元阳县', 532500, 530000);
INSERT INTO `dim_county` VALUES (532529, '红河县', 532500, 530000);
INSERT INTO `dim_county` VALUES (532530, '金平苗族瑶族傣族自治县', 532500, 530000);
INSERT INTO `dim_county` VALUES (532531, '绿春县', 532500, 530000);
INSERT INTO `dim_county` VALUES (532532, '河口瑶族自治县', 532500, 530000);
INSERT INTO `dim_county` VALUES (532601, '文山市', 532600, 530000);
INSERT INTO `dim_county` VALUES (532622, '砚山县', 532600, 530000);
INSERT INTO `dim_county` VALUES (532623, '西畴县', 532600, 530000);
INSERT INTO `dim_county` VALUES (532624, '麻栗坡县', 532600, 530000);
INSERT INTO `dim_county` VALUES (532625, '马关县', 532600, 530000);
INSERT INTO `dim_county` VALUES (532626, '丘北县', 532600, 530000);
INSERT INTO `dim_county` VALUES (532627, '广南县', 532600, 530000);
INSERT INTO `dim_county` VALUES (532628, '富宁县', 532600, 530000);
INSERT INTO `dim_county` VALUES (532801, '景洪市', 532800, 530000);
INSERT INTO `dim_county` VALUES (532822, '勐海县', 532800, 530000);
INSERT INTO `dim_county` VALUES (532823, '勐腊县', 532800, 530000);
INSERT INTO `dim_county` VALUES (532901, '大理市', 532900, 530000);
INSERT INTO `dim_county` VALUES (532922, '漾濞彝族自治县', 532900, 530000);
INSERT INTO `dim_county` VALUES (532923, '祥云县', 532900, 530000);
INSERT INTO `dim_county` VALUES (532924, '宾川县', 532900, 530000);
INSERT INTO `dim_county` VALUES (532925, '弥渡县', 532900, 530000);
INSERT INTO `dim_county` VALUES (532926, '南涧彝族自治县', 532900, 530000);
INSERT INTO `dim_county` VALUES (532927, '巍山彝族回族自治县', 532900, 530000);
INSERT INTO `dim_county` VALUES (532928, '永平县', 532900, 530000);
INSERT INTO `dim_county` VALUES (532929, '云龙县', 532900, 530000);
INSERT INTO `dim_county` VALUES (532930, '洱源县', 532900, 530000);
INSERT INTO `dim_county` VALUES (532931, '剑川县', 532900, 530000);
INSERT INTO `dim_county` VALUES (532932, '鹤庆县', 532900, 530000);
INSERT INTO `dim_county` VALUES (533102, '瑞丽市', 533100, 530000);
INSERT INTO `dim_county` VALUES (533103, '芒市', 533100, 530000);
INSERT INTO `dim_county` VALUES (533122, '梁河县', 533100, 530000);
INSERT INTO `dim_county` VALUES (533123, '盈江县', 533100, 530000);
INSERT INTO `dim_county` VALUES (533124, '陇川县', 533100, 530000);
INSERT INTO `dim_county` VALUES (533301, '泸水市', 533300, 530000);
INSERT INTO `dim_county` VALUES (533323, '福贡县', 533300, 530000);
INSERT INTO `dim_county` VALUES (533324, '贡山独龙族怒族自治县', 533300, 530000);
INSERT INTO `dim_county` VALUES (533325, '兰坪白族普米族自治县', 533300, 530000);
INSERT INTO `dim_county` VALUES (533401, '香格里拉市', 533400, 530000);
INSERT INTO `dim_county` VALUES (533422, '德钦县', 533400, 530000);
INSERT INTO `dim_county` VALUES (533423, '维西傈僳族自治县', 533400, 530000);
INSERT INTO `dim_county` VALUES (540101, '市辖区', 540100, 540000);
INSERT INTO `dim_county` VALUES (540102, '城关区', 540100, 540000);
INSERT INTO `dim_county` VALUES (540103, '堆龙德庆区', 540100, 540000);
INSERT INTO `dim_county` VALUES (540121, '林周县', 540100, 540000);
INSERT INTO `dim_county` VALUES (540122, '当雄县', 540100, 540000);
INSERT INTO `dim_county` VALUES (540123, '尼木县', 540100, 540000);
INSERT INTO `dim_county` VALUES (540124, '曲水县', 540100, 540000);
INSERT INTO `dim_county` VALUES (540126, '达孜县', 540100, 540000);
INSERT INTO `dim_county` VALUES (540127, '墨竹工卡县', 540100, 540000);
INSERT INTO `dim_county` VALUES (540202, '桑珠孜区', 540200, 540000);
INSERT INTO `dim_county` VALUES (540221, '南木林县', 540200, 540000);
INSERT INTO `dim_county` VALUES (540222, '江孜县', 540200, 540000);
INSERT INTO `dim_county` VALUES (540223, '定日县', 540200, 540000);
INSERT INTO `dim_county` VALUES (540224, '萨迦县', 540200, 540000);
INSERT INTO `dim_county` VALUES (540225, '拉孜县', 540200, 540000);
INSERT INTO `dim_county` VALUES (540226, '昂仁县', 540200, 540000);
INSERT INTO `dim_county` VALUES (540227, '谢通门县', 540200, 540000);
INSERT INTO `dim_county` VALUES (540228, '白朗县', 540200, 540000);
INSERT INTO `dim_county` VALUES (540229, '仁布县', 540200, 540000);
INSERT INTO `dim_county` VALUES (540230, '康马县', 540200, 540000);
INSERT INTO `dim_county` VALUES (540231, '定结县', 540200, 540000);
INSERT INTO `dim_county` VALUES (540232, '仲巴县', 540200, 540000);
INSERT INTO `dim_county` VALUES (540233, '亚东县', 540200, 540000);
INSERT INTO `dim_county` VALUES (540234, '吉隆县', 540200, 540000);
INSERT INTO `dim_county` VALUES (540235, '聂拉木县', 540200, 540000);
INSERT INTO `dim_county` VALUES (540236, '萨嘎县', 540200, 540000);
INSERT INTO `dim_county` VALUES (540237, '岗巴县', 540200, 540000);
INSERT INTO `dim_county` VALUES (540302, '卡若区', 540300, 540000);
INSERT INTO `dim_county` VALUES (540321, '江达县', 540300, 540000);
INSERT INTO `dim_county` VALUES (540322, '贡觉县', 540300, 540000);
INSERT INTO `dim_county` VALUES (540323, '类乌齐县', 540300, 540000);
INSERT INTO `dim_county` VALUES (540324, '丁青县', 540300, 540000);
INSERT INTO `dim_county` VALUES (540325, '察雅县', 540300, 540000);
INSERT INTO `dim_county` VALUES (540326, '八宿县', 540300, 540000);
INSERT INTO `dim_county` VALUES (540327, '左贡县', 540300, 540000);
INSERT INTO `dim_county` VALUES (540328, '芒康县', 540300, 540000);
INSERT INTO `dim_county` VALUES (540329, '洛隆县', 540300, 540000);
INSERT INTO `dim_county` VALUES (540330, '边坝县', 540300, 540000);
INSERT INTO `dim_county` VALUES (540402, '巴宜区', 540400, 540000);
INSERT INTO `dim_county` VALUES (540421, '工布江达县', 540400, 540000);
INSERT INTO `dim_county` VALUES (540422, '米林县', 540400, 540000);
INSERT INTO `dim_county` VALUES (540423, '墨脱县', 540400, 540000);
INSERT INTO `dim_county` VALUES (540424, '波密县', 540400, 540000);
INSERT INTO `dim_county` VALUES (540425, '察隅县', 540400, 540000);
INSERT INTO `dim_county` VALUES (540426, '朗县', 540400, 540000);
INSERT INTO `dim_county` VALUES (540501, '市辖区', 540500, 540000);
INSERT INTO `dim_county` VALUES (540502, '乃东区', 540500, 540000);
INSERT INTO `dim_county` VALUES (540521, '扎囊县', 540500, 540000);
INSERT INTO `dim_county` VALUES (540522, '贡嘎县', 540500, 540000);
INSERT INTO `dim_county` VALUES (540523, '桑日县', 540500, 540000);
INSERT INTO `dim_county` VALUES (540524, '琼结县', 540500, 540000);
INSERT INTO `dim_county` VALUES (540525, '曲松县', 540500, 540000);
INSERT INTO `dim_county` VALUES (540526, '措美县', 540500, 540000);
INSERT INTO `dim_county` VALUES (540527, '洛扎县', 540500, 540000);
INSERT INTO `dim_county` VALUES (540528, '加查县', 540500, 540000);
INSERT INTO `dim_county` VALUES (540529, '隆子县', 540500, 540000);
INSERT INTO `dim_county` VALUES (540530, '错那县', 540500, 540000);
INSERT INTO `dim_county` VALUES (540531, '浪卡子县', 540500, 540000);
INSERT INTO `dim_county` VALUES (542421, '那曲县', 542400, 540000);
INSERT INTO `dim_county` VALUES (542422, '嘉黎县', 542400, 540000);
INSERT INTO `dim_county` VALUES (542423, '比如县', 542400, 540000);
INSERT INTO `dim_county` VALUES (542424, '聂荣县', 542400, 540000);
INSERT INTO `dim_county` VALUES (542425, '安多县', 542400, 540000);
INSERT INTO `dim_county` VALUES (542426, '申扎县', 542400, 540000);
INSERT INTO `dim_county` VALUES (542427, '索县', 542400, 540000);
INSERT INTO `dim_county` VALUES (542428, '班戈县', 542400, 540000);
INSERT INTO `dim_county` VALUES (542429, '巴青县', 542400, 540000);
INSERT INTO `dim_county` VALUES (542430, '尼玛县', 542400, 540000);
INSERT INTO `dim_county` VALUES (542431, '双湖县', 542400, 540000);
INSERT INTO `dim_county` VALUES (542521, '普兰县', 542500, 540000);
INSERT INTO `dim_county` VALUES (542522, '札达县', 542500, 540000);
INSERT INTO `dim_county` VALUES (542523, '噶尔县', 542500, 540000);
INSERT INTO `dim_county` VALUES (542524, '日土县', 542500, 540000);
INSERT INTO `dim_county` VALUES (542525, '革吉县', 542500, 540000);
INSERT INTO `dim_county` VALUES (542526, '改则县', 542500, 540000);
INSERT INTO `dim_county` VALUES (542527, '措勤县', 542500, 540000);
INSERT INTO `dim_county` VALUES (610101, '市辖区', 610100, 610000);
INSERT INTO `dim_county` VALUES (610102, '新城区', 610100, 610000);
INSERT INTO `dim_county` VALUES (610103, '碑林区', 610100, 610000);
INSERT INTO `dim_county` VALUES (610104, '莲湖区', 610100, 610000);
INSERT INTO `dim_county` VALUES (610111, '灞桥区', 610100, 610000);
INSERT INTO `dim_county` VALUES (610112, '未央区', 610100, 610000);
INSERT INTO `dim_county` VALUES (610113, '雁塔区', 610100, 610000);
INSERT INTO `dim_county` VALUES (610114, '阎良区', 610100, 610000);
INSERT INTO `dim_county` VALUES (610115, '临潼区', 610100, 610000);
INSERT INTO `dim_county` VALUES (610116, '长安区', 610100, 610000);
INSERT INTO `dim_county` VALUES (610117, '高陵区', 610100, 610000);
INSERT INTO `dim_county` VALUES (610122, '蓝田县', 610100, 610000);
INSERT INTO `dim_county` VALUES (610124, '周至县', 610100, 610000);
INSERT INTO `dim_county` VALUES (610125, '户县', 610100, 610000);
INSERT INTO `dim_county` VALUES (610201, '市辖区', 610200, 610000);
INSERT INTO `dim_county` VALUES (610202, '王益区', 610200, 610000);
INSERT INTO `dim_county` VALUES (610203, '印台区', 610200, 610000);
INSERT INTO `dim_county` VALUES (610204, '耀州区', 610200, 610000);
INSERT INTO `dim_county` VALUES (610222, '宜君县', 610200, 610000);
INSERT INTO `dim_county` VALUES (610301, '市辖区', 610300, 610000);
INSERT INTO `dim_county` VALUES (610302, '渭滨区', 610300, 610000);
INSERT INTO `dim_county` VALUES (610303, '金台区', 610300, 610000);
INSERT INTO `dim_county` VALUES (610304, '陈仓区', 610300, 610000);
INSERT INTO `dim_county` VALUES (610322, '凤翔县', 610300, 610000);
INSERT INTO `dim_county` VALUES (610323, '岐山县', 610300, 610000);
INSERT INTO `dim_county` VALUES (610324, '扶风县', 610300, 610000);
INSERT INTO `dim_county` VALUES (610326, '眉县', 610300, 610000);
INSERT INTO `dim_county` VALUES (610327, '陇县', 610300, 610000);
INSERT INTO `dim_county` VALUES (610328, '千阳县', 610300, 610000);
INSERT INTO `dim_county` VALUES (610329, '麟游县', 610300, 610000);
INSERT INTO `dim_county` VALUES (610330, '凤县', 610300, 610000);
INSERT INTO `dim_county` VALUES (610331, '太白县', 610300, 610000);
INSERT INTO `dim_county` VALUES (610401, '市辖区', 610400, 610000);
INSERT INTO `dim_county` VALUES (610402, '秦都区', 610400, 610000);
INSERT INTO `dim_county` VALUES (610403, '杨陵区', 610400, 610000);
INSERT INTO `dim_county` VALUES (610404, '渭城区', 610400, 610000);
INSERT INTO `dim_county` VALUES (610422, '三原县', 610400, 610000);
INSERT INTO `dim_county` VALUES (610423, '泾阳县', 610400, 610000);
INSERT INTO `dim_county` VALUES (610424, '乾县', 610400, 610000);
INSERT INTO `dim_county` VALUES (610425, '礼泉县', 610400, 610000);
INSERT INTO `dim_county` VALUES (610426, '永寿县', 610400, 610000);
INSERT INTO `dim_county` VALUES (610427, '彬县', 610400, 610000);
INSERT INTO `dim_county` VALUES (610428, '长武县', 610400, 610000);
INSERT INTO `dim_county` VALUES (610429, '旬邑县', 610400, 610000);
INSERT INTO `dim_county` VALUES (610430, '淳化县', 610400, 610000);
INSERT INTO `dim_county` VALUES (610431, '武功县', 610400, 610000);
INSERT INTO `dim_county` VALUES (610481, '兴平市', 610400, 610000);
INSERT INTO `dim_county` VALUES (610501, '市辖区', 610500, 610000);
INSERT INTO `dim_county` VALUES (610502, '临渭区', 610500, 610000);
INSERT INTO `dim_county` VALUES (610503, '华州区', 610500, 610000);
INSERT INTO `dim_county` VALUES (610522, '潼关县', 610500, 610000);
INSERT INTO `dim_county` VALUES (610523, '大荔县', 610500, 610000);
INSERT INTO `dim_county` VALUES (610524, '合阳县', 610500, 610000);
INSERT INTO `dim_county` VALUES (610525, '澄城县', 610500, 610000);
INSERT INTO `dim_county` VALUES (610526, '蒲城县', 610500, 610000);
INSERT INTO `dim_county` VALUES (610527, '白水县', 610500, 610000);
INSERT INTO `dim_county` VALUES (610528, '富平县', 610500, 610000);
INSERT INTO `dim_county` VALUES (610581, '韩城市', 610500, 610000);
INSERT INTO `dim_county` VALUES (610582, '华阴市', 610500, 610000);
INSERT INTO `dim_county` VALUES (610601, '市辖区', 610600, 610000);
INSERT INTO `dim_county` VALUES (610602, '宝塔区', 610600, 610000);
INSERT INTO `dim_county` VALUES (610603, '安塞区', 610600, 610000);
INSERT INTO `dim_county` VALUES (610621, '延长县', 610600, 610000);
INSERT INTO `dim_county` VALUES (610622, '延川县', 610600, 610000);
INSERT INTO `dim_county` VALUES (610623, '子长县', 610600, 610000);
INSERT INTO `dim_county` VALUES (610625, '志丹县', 610600, 610000);
INSERT INTO `dim_county` VALUES (610626, '吴起县', 610600, 610000);
INSERT INTO `dim_county` VALUES (610627, '甘泉县', 610600, 610000);
INSERT INTO `dim_county` VALUES (610628, '富县', 610600, 610000);
INSERT INTO `dim_county` VALUES (610629, '洛川县', 610600, 610000);
INSERT INTO `dim_county` VALUES (610630, '宜川县', 610600, 610000);
INSERT INTO `dim_county` VALUES (610631, '黄龙县', 610600, 610000);
INSERT INTO `dim_county` VALUES (610632, '黄陵县', 610600, 610000);
INSERT INTO `dim_county` VALUES (610701, '市辖区', 610700, 610000);
INSERT INTO `dim_county` VALUES (610702, '汉台区', 610700, 610000);
INSERT INTO `dim_county` VALUES (610721, '南郑县', 610700, 610000);
INSERT INTO `dim_county` VALUES (610722, '城固县', 610700, 610000);
INSERT INTO `dim_county` VALUES (610723, '洋县', 610700, 610000);
INSERT INTO `dim_county` VALUES (610724, '西乡县', 610700, 610000);
INSERT INTO `dim_county` VALUES (610725, '勉县', 610700, 610000);
INSERT INTO `dim_county` VALUES (610726, '宁强县', 610700, 610000);
INSERT INTO `dim_county` VALUES (610727, '略阳县', 610700, 610000);
INSERT INTO `dim_county` VALUES (610728, '镇巴县', 610700, 610000);
INSERT INTO `dim_county` VALUES (610729, '留坝县', 610700, 610000);
INSERT INTO `dim_county` VALUES (610730, '佛坪县', 610700, 610000);
INSERT INTO `dim_county` VALUES (610801, '市辖区', 610800, 610000);
INSERT INTO `dim_county` VALUES (610802, '榆阳区', 610800, 610000);
INSERT INTO `dim_county` VALUES (610803, '横山区', 610800, 610000);
INSERT INTO `dim_county` VALUES (610821, '神木县', 610800, 610000);
INSERT INTO `dim_county` VALUES (610822, '府谷县', 610800, 610000);
INSERT INTO `dim_county` VALUES (610824, '靖边县', 610800, 610000);
INSERT INTO `dim_county` VALUES (610825, '定边县', 610800, 610000);
INSERT INTO `dim_county` VALUES (610826, '绥德县', 610800, 610000);
INSERT INTO `dim_county` VALUES (610827, '米脂县', 610800, 610000);
INSERT INTO `dim_county` VALUES (610828, '佳县', 610800, 610000);
INSERT INTO `dim_county` VALUES (610829, '吴堡县', 610800, 610000);
INSERT INTO `dim_county` VALUES (610830, '清涧县', 610800, 610000);
INSERT INTO `dim_county` VALUES (610831, '子洲县', 610800, 610000);
INSERT INTO `dim_county` VALUES (610901, '市辖区', 610900, 610000);
INSERT INTO `dim_county` VALUES (610902, '汉滨区', 610900, 610000);
INSERT INTO `dim_county` VALUES (610921, '汉阴县', 610900, 610000);
INSERT INTO `dim_county` VALUES (610922, '石泉县', 610900, 610000);
INSERT INTO `dim_county` VALUES (610923, '宁陕县', 610900, 610000);
INSERT INTO `dim_county` VALUES (610924, '紫阳县', 610900, 610000);
INSERT INTO `dim_county` VALUES (610925, '岚皋县', 610900, 610000);
INSERT INTO `dim_county` VALUES (610926, '平利县', 610900, 610000);
INSERT INTO `dim_county` VALUES (610927, '镇坪县', 610900, 610000);
INSERT INTO `dim_county` VALUES (610928, '旬阳县', 610900, 610000);
INSERT INTO `dim_county` VALUES (610929, '白河县', 610900, 610000);
INSERT INTO `dim_county` VALUES (611001, '市辖区', 611000, 610000);
INSERT INTO `dim_county` VALUES (611002, '商州区', 611000, 610000);
INSERT INTO `dim_county` VALUES (611021, '洛南县', 611000, 610000);
INSERT INTO `dim_county` VALUES (611022, '丹凤县', 611000, 610000);
INSERT INTO `dim_county` VALUES (611023, '商南县', 611000, 610000);
INSERT INTO `dim_county` VALUES (611024, '山阳县', 611000, 610000);
INSERT INTO `dim_county` VALUES (611025, '镇安县', 611000, 610000);
INSERT INTO `dim_county` VALUES (611026, '柞水县', 611000, 610000);
INSERT INTO `dim_county` VALUES (620101, '市辖区', 620100, 620000);
INSERT INTO `dim_county` VALUES (620102, '城关区', 620100, 620000);
INSERT INTO `dim_county` VALUES (620103, '七里河区', 620100, 620000);
INSERT INTO `dim_county` VALUES (620104, '西固区', 620100, 620000);
INSERT INTO `dim_county` VALUES (620105, '安宁区', 620100, 620000);
INSERT INTO `dim_county` VALUES (620111, '红古区', 620100, 620000);
INSERT INTO `dim_county` VALUES (620121, '永登县', 620100, 620000);
INSERT INTO `dim_county` VALUES (620122, '皋兰县', 620100, 620000);
INSERT INTO `dim_county` VALUES (620123, '榆中县', 620100, 620000);
INSERT INTO `dim_county` VALUES (620201, '市辖区', 620200, 620000);
INSERT INTO `dim_county` VALUES (620301, '市辖区', 620300, 620000);
INSERT INTO `dim_county` VALUES (620302, '金川区', 620300, 620000);
INSERT INTO `dim_county` VALUES (620321, '永昌县', 620300, 620000);
INSERT INTO `dim_county` VALUES (620401, '市辖区', 620400, 620000);
INSERT INTO `dim_county` VALUES (620402, '白银区', 620400, 620000);
INSERT INTO `dim_county` VALUES (620403, '平川区', 620400, 620000);
INSERT INTO `dim_county` VALUES (620421, '靖远县', 620400, 620000);
INSERT INTO `dim_county` VALUES (620422, '会宁县', 620400, 620000);
INSERT INTO `dim_county` VALUES (620423, '景泰县', 620400, 620000);
INSERT INTO `dim_county` VALUES (620501, '市辖区', 620500, 620000);
INSERT INTO `dim_county` VALUES (620502, '秦州区', 620500, 620000);
INSERT INTO `dim_county` VALUES (620503, '麦积区', 620500, 620000);
INSERT INTO `dim_county` VALUES (620521, '清水县', 620500, 620000);
INSERT INTO `dim_county` VALUES (620522, '秦安县', 620500, 620000);
INSERT INTO `dim_county` VALUES (620523, '甘谷县', 620500, 620000);
INSERT INTO `dim_county` VALUES (620524, '武山县', 620500, 620000);
INSERT INTO `dim_county` VALUES (620525, '张家川回族自治县', 620500, 620000);
INSERT INTO `dim_county` VALUES (620601, '市辖区', 620600, 620000);
INSERT INTO `dim_county` VALUES (620602, '凉州区', 620600, 620000);
INSERT INTO `dim_county` VALUES (620621, '民勤县', 620600, 620000);
INSERT INTO `dim_county` VALUES (620622, '古浪县', 620600, 620000);
INSERT INTO `dim_county` VALUES (620623, '天祝藏族自治县', 620600, 620000);
INSERT INTO `dim_county` VALUES (620701, '市辖区', 620700, 620000);
INSERT INTO `dim_county` VALUES (620702, '甘州区', 620700, 620000);
INSERT INTO `dim_county` VALUES (620721, '肃南裕固族自治县', 620700, 620000);
INSERT INTO `dim_county` VALUES (620722, '民乐县', 620700, 620000);
INSERT INTO `dim_county` VALUES (620723, '临泽县', 620700, 620000);
INSERT INTO `dim_county` VALUES (620724, '高台县', 620700, 620000);
INSERT INTO `dim_county` VALUES (620725, '山丹县', 620700, 620000);
INSERT INTO `dim_county` VALUES (620801, '市辖区', 620800, 620000);
INSERT INTO `dim_county` VALUES (620802, '崆峒区', 620800, 620000);
INSERT INTO `dim_county` VALUES (620821, '泾川县', 620800, 620000);
INSERT INTO `dim_county` VALUES (620822, '灵台县', 620800, 620000);
INSERT INTO `dim_county` VALUES (620823, '崇信县', 620800, 620000);
INSERT INTO `dim_county` VALUES (620824, '华亭县', 620800, 620000);
INSERT INTO `dim_county` VALUES (620825, '庄浪县', 620800, 620000);
INSERT INTO `dim_county` VALUES (620826, '静宁县', 620800, 620000);
INSERT INTO `dim_county` VALUES (620901, '市辖区', 620900, 620000);
INSERT INTO `dim_county` VALUES (620902, '肃州区', 620900, 620000);
INSERT INTO `dim_county` VALUES (620921, '金塔县', 620900, 620000);
INSERT INTO `dim_county` VALUES (620922, '瓜州县', 620900, 620000);
INSERT INTO `dim_county` VALUES (620923, '肃北蒙古族自治县', 620900, 620000);
INSERT INTO `dim_county` VALUES (620924, '阿克塞哈萨克族自治县', 620900, 620000);
INSERT INTO `dim_county` VALUES (620981, '玉门市', 620900, 620000);
INSERT INTO `dim_county` VALUES (620982, '敦煌市', 620900, 620000);
INSERT INTO `dim_county` VALUES (621001, '市辖区', 621000, 620000);
INSERT INTO `dim_county` VALUES (621002, '西峰区', 621000, 620000);
INSERT INTO `dim_county` VALUES (621021, '庆城县', 621000, 620000);
INSERT INTO `dim_county` VALUES (621022, '环县', 621000, 620000);
INSERT INTO `dim_county` VALUES (621023, '华池县', 621000, 620000);
INSERT INTO `dim_county` VALUES (621024, '合水县', 621000, 620000);
INSERT INTO `dim_county` VALUES (621025, '正宁县', 621000, 620000);
INSERT INTO `dim_county` VALUES (621026, '宁县', 621000, 620000);
INSERT INTO `dim_county` VALUES (621027, '镇原县', 621000, 620000);
INSERT INTO `dim_county` VALUES (621101, '市辖区', 621100, 620000);
INSERT INTO `dim_county` VALUES (621102, '安定区', 621100, 620000);
INSERT INTO `dim_county` VALUES (621121, '通渭县', 621100, 620000);
INSERT INTO `dim_county` VALUES (621122, '陇西县', 621100, 620000);
INSERT INTO `dim_county` VALUES (621123, '渭源县', 621100, 620000);
INSERT INTO `dim_county` VALUES (621124, '临洮县', 621100, 620000);
INSERT INTO `dim_county` VALUES (621125, '漳县', 621100, 620000);
INSERT INTO `dim_county` VALUES (621126, '岷县', 621100, 620000);
INSERT INTO `dim_county` VALUES (621201, '市辖区', 621200, 620000);
INSERT INTO `dim_county` VALUES (621202, '武都区', 621200, 620000);
INSERT INTO `dim_county` VALUES (621221, '成县', 621200, 620000);
INSERT INTO `dim_county` VALUES (621222, '文县', 621200, 620000);
INSERT INTO `dim_county` VALUES (621223, '宕昌县', 621200, 620000);
INSERT INTO `dim_county` VALUES (621224, '康县', 621200, 620000);
INSERT INTO `dim_county` VALUES (621225, '西和县', 621200, 620000);
INSERT INTO `dim_county` VALUES (621226, '礼县', 621200, 620000);
INSERT INTO `dim_county` VALUES (621227, '徽县', 621200, 620000);
INSERT INTO `dim_county` VALUES (621228, '两当县', 621200, 620000);
INSERT INTO `dim_county` VALUES (622901, '临夏市', 622900, 620000);
INSERT INTO `dim_county` VALUES (622921, '临夏县', 622900, 620000);
INSERT INTO `dim_county` VALUES (622922, '康乐县', 622900, 620000);
INSERT INTO `dim_county` VALUES (622923, '永靖县', 622900, 620000);
INSERT INTO `dim_county` VALUES (622924, '广河县', 622900, 620000);
INSERT INTO `dim_county` VALUES (622925, '和政县', 622900, 620000);
INSERT INTO `dim_county` VALUES (622926, '东乡族自治县', 622900, 620000);
INSERT INTO `dim_county` VALUES (622927, '积石山保安族东乡族撒拉族自治县', 622900, 620000);
INSERT INTO `dim_county` VALUES (623001, '合作市', 623000, 620000);
INSERT INTO `dim_county` VALUES (623021, '临潭县', 623000, 620000);
INSERT INTO `dim_county` VALUES (623022, '卓尼县', 623000, 620000);
INSERT INTO `dim_county` VALUES (623023, '舟曲县', 623000, 620000);
INSERT INTO `dim_county` VALUES (623024, '迭部县', 623000, 620000);
INSERT INTO `dim_county` VALUES (623025, '玛曲县', 623000, 620000);
INSERT INTO `dim_county` VALUES (623026, '碌曲县', 623000, 620000);
INSERT INTO `dim_county` VALUES (623027, '夏河县', 623000, 620000);
INSERT INTO `dim_county` VALUES (630101, '市辖区', 630100, 630000);
INSERT INTO `dim_county` VALUES (630102, '城东区', 630100, 630000);
INSERT INTO `dim_county` VALUES (630103, '城中区', 630100, 630000);
INSERT INTO `dim_county` VALUES (630104, '城西区', 630100, 630000);
INSERT INTO `dim_county` VALUES (630105, '城北区', 630100, 630000);
INSERT INTO `dim_county` VALUES (630121, '大通回族土族自治县', 630100, 630000);
INSERT INTO `dim_county` VALUES (630122, '湟中县', 630100, 630000);
INSERT INTO `dim_county` VALUES (630123, '湟源县', 630100, 630000);
INSERT INTO `dim_county` VALUES (630202, '乐都区', 630200, 630000);
INSERT INTO `dim_county` VALUES (630203, '平安区', 630200, 630000);
INSERT INTO `dim_county` VALUES (630222, '民和回族土族自治县', 630200, 630000);
INSERT INTO `dim_county` VALUES (630223, '互助土族自治县', 630200, 630000);
INSERT INTO `dim_county` VALUES (630224, '化隆回族自治县', 630200, 630000);
INSERT INTO `dim_county` VALUES (630225, '循化撒拉族自治县', 630200, 630000);
INSERT INTO `dim_county` VALUES (632221, '门源回族自治县', 632200, 630000);
INSERT INTO `dim_county` VALUES (632222, '祁连县', 632200, 630000);
INSERT INTO `dim_county` VALUES (632223, '海晏县', 632200, 630000);
INSERT INTO `dim_county` VALUES (632224, '刚察县', 632200, 630000);
INSERT INTO `dim_county` VALUES (632321, '同仁县', 632300, 630000);
INSERT INTO `dim_county` VALUES (632322, '尖扎县', 632300, 630000);
INSERT INTO `dim_county` VALUES (632323, '泽库县', 632300, 630000);
INSERT INTO `dim_county` VALUES (632324, '河南蒙古族自治县', 632300, 630000);
INSERT INTO `dim_county` VALUES (632521, '共和县', 632500, 630000);
INSERT INTO `dim_county` VALUES (632522, '同德县', 632500, 630000);
INSERT INTO `dim_county` VALUES (632523, '贵德县', 632500, 630000);
INSERT INTO `dim_county` VALUES (632524, '兴海县', 632500, 630000);
INSERT INTO `dim_county` VALUES (632525, '贵南县', 632500, 630000);
INSERT INTO `dim_county` VALUES (632621, '玛沁县', 632600, 630000);
INSERT INTO `dim_county` VALUES (632622, '班玛县', 632600, 630000);
INSERT INTO `dim_county` VALUES (632623, '甘德县', 632600, 630000);
INSERT INTO `dim_county` VALUES (632624, '达日县', 632600, 630000);
INSERT INTO `dim_county` VALUES (632625, '久治县', 632600, 630000);
INSERT INTO `dim_county` VALUES (632626, '玛多县', 632600, 630000);
INSERT INTO `dim_county` VALUES (632701, '玉树市', 632700, 630000);
INSERT INTO `dim_county` VALUES (632722, '杂多县', 632700, 630000);
INSERT INTO `dim_county` VALUES (632723, '称多县', 632700, 630000);
INSERT INTO `dim_county` VALUES (632724, '治多县', 632700, 630000);
INSERT INTO `dim_county` VALUES (632725, '囊谦县', 632700, 630000);
INSERT INTO `dim_county` VALUES (632726, '曲麻莱县', 632700, 630000);
INSERT INTO `dim_county` VALUES (632801, '格尔木市', 632800, 630000);
INSERT INTO `dim_county` VALUES (632802, '德令哈市', 632800, 630000);
INSERT INTO `dim_county` VALUES (632821, '乌兰县', 632800, 630000);
INSERT INTO `dim_county` VALUES (632822, '都兰县', 632800, 630000);
INSERT INTO `dim_county` VALUES (632823, '天峻县', 632800, 630000);
INSERT INTO `dim_county` VALUES (640101, '市辖区', 640100, 640000);
INSERT INTO `dim_county` VALUES (640104, '兴庆区', 640100, 640000);
INSERT INTO `dim_county` VALUES (640105, '西夏区', 640100, 640000);
INSERT INTO `dim_county` VALUES (640106, '金凤区', 640100, 640000);
INSERT INTO `dim_county` VALUES (640121, '永宁县', 640100, 640000);
INSERT INTO `dim_county` VALUES (640122, '贺兰县', 640100, 640000);
INSERT INTO `dim_county` VALUES (640181, '灵武市', 640100, 640000);
INSERT INTO `dim_county` VALUES (640201, '市辖区', 640200, 640000);
INSERT INTO `dim_county` VALUES (640202, '大武口区', 640200, 640000);
INSERT INTO `dim_county` VALUES (640205, '惠农区', 640200, 640000);
INSERT INTO `dim_county` VALUES (640221, '平罗县', 640200, 640000);
INSERT INTO `dim_county` VALUES (640301, '市辖区', 640300, 640000);
INSERT INTO `dim_county` VALUES (640302, '利通区', 640300, 640000);
INSERT INTO `dim_county` VALUES (640303, '红寺堡区', 640300, 640000);
INSERT INTO `dim_county` VALUES (640323, '盐池县', 640300, 640000);
INSERT INTO `dim_county` VALUES (640324, '同心县', 640300, 640000);
INSERT INTO `dim_county` VALUES (640381, '青铜峡市', 640300, 640000);
INSERT INTO `dim_county` VALUES (640401, '市辖区', 640400, 640000);
INSERT INTO `dim_county` VALUES (640402, '原州区', 640400, 640000);
INSERT INTO `dim_county` VALUES (640422, '西吉县', 640400, 640000);
INSERT INTO `dim_county` VALUES (640423, '隆德县', 640400, 640000);
INSERT INTO `dim_county` VALUES (640424, '泾源县', 640400, 640000);
INSERT INTO `dim_county` VALUES (640425, '彭阳县', 640400, 640000);
INSERT INTO `dim_county` VALUES (640501, '市辖区', 640500, 640000);
INSERT INTO `dim_county` VALUES (640502, '沙坡头区', 640500, 640000);
INSERT INTO `dim_county` VALUES (640521, '中宁县', 640500, 640000);
INSERT INTO `dim_county` VALUES (640522, '海原县', 640500, 640000);
INSERT INTO `dim_county` VALUES (650101, '市辖区', 650100, 650000);
INSERT INTO `dim_county` VALUES (650102, '天山区', 650100, 650000);
INSERT INTO `dim_county` VALUES (650103, '沙依巴克区', 650100, 650000);
INSERT INTO `dim_county` VALUES (650104, '新市区', 650100, 650000);
INSERT INTO `dim_county` VALUES (650105, '水磨沟区', 650100, 650000);
INSERT INTO `dim_county` VALUES (650106, '头屯河区', 650100, 650000);
INSERT INTO `dim_county` VALUES (650107, '达坂城区', 650100, 650000);
INSERT INTO `dim_county` VALUES (650109, '米东区', 650100, 650000);
INSERT INTO `dim_county` VALUES (650121, '乌鲁木齐县', 650100, 650000);
INSERT INTO `dim_county` VALUES (650201, '市辖区', 650200, 650000);
INSERT INTO `dim_county` VALUES (650202, '独山子区', 650200, 650000);
INSERT INTO `dim_county` VALUES (650203, '克拉玛依区', 650200, 650000);
INSERT INTO `dim_county` VALUES (650204, '白碱滩区', 650200, 650000);
INSERT INTO `dim_county` VALUES (650205, '乌尔禾区', 650200, 650000);
INSERT INTO `dim_county` VALUES (650402, '高昌区', 650400, 650000);
INSERT INTO `dim_county` VALUES (650421, '鄯善县', 650400, 650000);
INSERT INTO `dim_county` VALUES (650422, '托克逊县', 650400, 650000);
INSERT INTO `dim_county` VALUES (650502, '伊州区', 650500, 650000);
INSERT INTO `dim_county` VALUES (650521, '巴里坤哈萨克自治县', 650500, 650000);
INSERT INTO `dim_county` VALUES (650522, '伊吾县', 650500, 650000);
INSERT INTO `dim_county` VALUES (652301, '昌吉市', 652300, 650000);
INSERT INTO `dim_county` VALUES (652302, '阜康市', 652300, 650000);
INSERT INTO `dim_county` VALUES (652323, '呼图壁县', 652300, 650000);
INSERT INTO `dim_county` VALUES (652324, '玛纳斯县', 652300, 650000);
INSERT INTO `dim_county` VALUES (652325, '奇台县', 652300, 650000);
INSERT INTO `dim_county` VALUES (652327, '吉木萨尔县', 652300, 650000);
INSERT INTO `dim_county` VALUES (652328, '木垒哈萨克自治县', 652300, 650000);
INSERT INTO `dim_county` VALUES (652701, '博乐市', 652700, 650000);
INSERT INTO `dim_county` VALUES (652702, '阿拉山口市', 652700, 650000);
INSERT INTO `dim_county` VALUES (652722, '精河县', 652700, 650000);
INSERT INTO `dim_county` VALUES (652723, '温泉县', 652700, 650000);
INSERT INTO `dim_county` VALUES (652801, '库尔勒市', 652800, 650000);
INSERT INTO `dim_county` VALUES (652822, '轮台县', 652800, 650000);
INSERT INTO `dim_county` VALUES (652823, '尉犁县', 652800, 650000);
INSERT INTO `dim_county` VALUES (652824, '若羌县', 652800, 650000);
INSERT INTO `dim_county` VALUES (652825, '且末县', 652800, 650000);
INSERT INTO `dim_county` VALUES (652826, '焉耆回族自治县', 652800, 650000);
INSERT INTO `dim_county` VALUES (652827, '和静县', 652800, 650000);
INSERT INTO `dim_county` VALUES (652828, '和硕县', 652800, 650000);
INSERT INTO `dim_county` VALUES (652829, '博湖县', 652800, 650000);
INSERT INTO `dim_county` VALUES (652901, '阿克苏市', 652900, 650000);
INSERT INTO `dim_county` VALUES (652922, '温宿县', 652900, 650000);
INSERT INTO `dim_county` VALUES (652923, '库车县', 652900, 650000);
INSERT INTO `dim_county` VALUES (652924, '沙雅县', 652900, 650000);
INSERT INTO `dim_county` VALUES (652925, '新和县', 652900, 650000);
INSERT INTO `dim_county` VALUES (652926, '拜城县', 652900, 650000);
INSERT INTO `dim_county` VALUES (652927, '乌什县', 652900, 650000);
INSERT INTO `dim_county` VALUES (652928, '阿瓦提县', 652900, 650000);
INSERT INTO `dim_county` VALUES (652929, '柯坪县', 652900, 650000);
INSERT INTO `dim_county` VALUES (653001, '阿图什市', 653000, 650000);
INSERT INTO `dim_county` VALUES (653022, '阿克陶县', 653000, 650000);
INSERT INTO `dim_county` VALUES (653023, '阿合奇县', 653000, 650000);
INSERT INTO `dim_county` VALUES (653024, '乌恰县', 653000, 650000);
INSERT INTO `dim_county` VALUES (653101, '喀什市', 653100, 650000);
INSERT INTO `dim_county` VALUES (653121, '疏附县', 653100, 650000);
INSERT INTO `dim_county` VALUES (653122, '疏勒县', 653100, 650000);
INSERT INTO `dim_county` VALUES (653123, '英吉沙县', 653100, 650000);
INSERT INTO `dim_county` VALUES (653124, '泽普县', 653100, 650000);
INSERT INTO `dim_county` VALUES (653125, '莎车县', 653100, 650000);
INSERT INTO `dim_county` VALUES (653126, '叶城县', 653100, 650000);
INSERT INTO `dim_county` VALUES (653127, '麦盖提县', 653100, 650000);
INSERT INTO `dim_county` VALUES (653128, '岳普湖县', 653100, 650000);
INSERT INTO `dim_county` VALUES (653129, '伽师县', 653100, 650000);
INSERT INTO `dim_county` VALUES (653130, '巴楚县', 653100, 650000);
INSERT INTO `dim_county` VALUES (653131, '塔什库尔干塔吉克自治县', 653100, 650000);
INSERT INTO `dim_county` VALUES (653201, '和田市', 653200, 650000);
INSERT INTO `dim_county` VALUES (653221, '和田县', 653200, 650000);
INSERT INTO `dim_county` VALUES (653222, '墨玉县', 653200, 650000);
INSERT INTO `dim_county` VALUES (653223, '皮山县', 653200, 650000);
INSERT INTO `dim_county` VALUES (653224, '洛浦县', 653200, 650000);
INSERT INTO `dim_county` VALUES (653225, '策勒县', 653200, 650000);
INSERT INTO `dim_county` VALUES (653226, '于田县', 653200, 650000);
INSERT INTO `dim_county` VALUES (653227, '民丰县', 653200, 650000);
INSERT INTO `dim_county` VALUES (654002, '伊宁市', 654000, 650000);
INSERT INTO `dim_county` VALUES (654003, '奎屯市', 654000, 650000);
INSERT INTO `dim_county` VALUES (654004, '霍尔果斯市', 654000, 650000);
INSERT INTO `dim_county` VALUES (654021, '伊宁县', 654000, 650000);
INSERT INTO `dim_county` VALUES (654022, '察布查尔锡伯自治县', 654000, 650000);
INSERT INTO `dim_county` VALUES (654023, '霍城县', 654000, 650000);
INSERT INTO `dim_county` VALUES (654024, '巩留县', 654000, 650000);
INSERT INTO `dim_county` VALUES (654025, '新源县', 654000, 650000);
INSERT INTO `dim_county` VALUES (654026, '昭苏县', 654000, 650000);
INSERT INTO `dim_county` VALUES (654027, '特克斯县', 654000, 650000);
INSERT INTO `dim_county` VALUES (654028, '尼勒克县', 654000, 650000);
INSERT INTO `dim_county` VALUES (654201, '塔城市', 654200, 650000);
INSERT INTO `dim_county` VALUES (654202, '乌苏市', 654200, 650000);
INSERT INTO `dim_county` VALUES (654221, '额敏县', 654200, 650000);
INSERT INTO `dim_county` VALUES (654223, '沙湾县', 654200, 650000);
INSERT INTO `dim_county` VALUES (654224, '托里县', 654200, 650000);
INSERT INTO `dim_county` VALUES (654225, '裕民县', 654200, 650000);
INSERT INTO `dim_county` VALUES (654226, '和布克赛尔蒙古自治县', 654200, 650000);
INSERT INTO `dim_county` VALUES (654301, '阿勒泰市', 654300, 650000);
INSERT INTO `dim_county` VALUES (654321, '布尔津县', 654300, 650000);
INSERT INTO `dim_county` VALUES (654322, '富蕴县', 654300, 650000);
INSERT INTO `dim_county` VALUES (654323, '福海县', 654300, 650000);
INSERT INTO `dim_county` VALUES (654324, '哈巴河县', 654300, 650000);
INSERT INTO `dim_county` VALUES (654325, '青河县', 654300, 650000);
INSERT INTO `dim_county` VALUES (654326, '吉木乃县', 654300, 650000);
INSERT INTO `dim_county` VALUES (659001, '石河子市', 659000, 650000);
INSERT INTO `dim_county` VALUES (659002, '阿拉尔市', 659000, 650000);
INSERT INTO `dim_county` VALUES (659003, '图木舒克市', 659000, 650000);
INSERT INTO `dim_county` VALUES (659004, '五家渠市', 659000, 650000);
INSERT INTO `dim_county` VALUES (659006, '铁门关市', 659000, 650000);

-- ----------------------------
-- Table structure for dim_province
-- ----------------------------
DROP TABLE IF EXISTS `dim_province`;
CREATE TABLE `dim_province`  (
  `province_code` int(11) NOT NULL COMMENT '省份编码',
  `province_name` varchar(50) CHARACTER SET utf8 COLLATE utf8_general_ci NULL DEFAULT NULL COMMENT '省份名称',
  PRIMARY KEY (`province_code`) USING BTREE
) ENGINE = InnoDB CHARACTER SET = utf8mb4 COLLATE = utf8mb4_general_ci COMMENT = '省份' ROW_FORMAT = Compact;

-- ----------------------------
-- Records of dim_province
-- ----------------------------
INSERT INTO `dim_province` VALUES (110000, '北京市');
INSERT INTO `dim_province` VALUES (120000, '天津市');
INSERT INTO `dim_province` VALUES (130000, '河北省');
INSERT INTO `dim_province` VALUES (140000, '山西省');
INSERT INTO `dim_province` VALUES (150000, '内蒙古自治区');
INSERT INTO `dim_province` VALUES (210000, '辽宁省');
INSERT INTO `dim_province` VALUES (220000, '吉林省');
INSERT INTO `dim_province` VALUES (230000, '黑龙江省');
INSERT INTO `dim_province` VALUES (310000, '上海市');
INSERT INTO `dim_province` VALUES (320000, '江苏省');
INSERT INTO `dim_province` VALUES (330000, '浙江省');
INSERT INTO `dim_province` VALUES (340000, '安徽省');
INSERT INTO `dim_province` VALUES (350000, '福建省');
INSERT INTO `dim_province` VALUES (360000, '江西省');
INSERT INTO `dim_province` VALUES (370000, '山东省');
INSERT INTO `dim_province` VALUES (410000, '河南省');
INSERT INTO `dim_province` VALUES (420000, '湖北省');
INSERT INTO `dim_province` VALUES (430000, '湖南省');
INSERT INTO `dim_province` VALUES (440000, '广东省');
INSERT INTO `dim_province` VALUES (450000, '广西壮族自治区');
INSERT INTO `dim_province` VALUES (460000, '海南省');
INSERT INTO `dim_province` VALUES (500000, '重庆市');
INSERT INTO `dim_province` VALUES (510000, '四川省');
INSERT INTO `dim_province` VALUES (520000, '贵州');
INSERT INTO `dim_province` VALUES (530000, '云南省');
INSERT INTO `dim_province` VALUES (540000, '西藏自治区');
INSERT INTO `dim_province` VALUES (610000, '陕西省');
INSERT INTO `dim_province` VALUES (620000, '甘肃省');
INSERT INTO `dim_province` VALUES (630000, '青海省');
INSERT INTO `dim_province` VALUES (640000, '宁夏回族自治区');
INSERT INTO `dim_province` VALUES (650000, '新疆维吾尔自治区');

-- ----------------------------
-- Table structure for feed_back_info
-- ----------------------------
DROP TABLE IF EXISTS `feed_back_info`;
CREATE TABLE `feed_back_info`  (
  `id` int(10) UNSIGNED NOT NULL AUTO_INCREMENT COMMENT 'id',
  `type` tinyint(4) NULL DEFAULT 0 COMMENT '类型(0-建议1-投诉2-鼓励)',
  `content` varchar(255) CHARACTER SET utf8mb4 COLLATE utf8mb4_general_ci NULL DEFAULT NULL COMMENT '内容',
  `del_flag` tinyint(4) NULL DEFAULT 0 COMMENT '删除状态（0--未删除1--已删除）',
  `create_user` int(11) NULL DEFAULT 0 COMMENT '创建者',
  `create_time` datetime(0) NULL DEFAULT CURRENT_TIMESTAMP(0) COMMENT '创建时间',
  `update_user` int(11) NULL DEFAULT 0 COMMENT '更新人',
  `update_time` datetime(0) NULL DEFAULT CURRENT_TIMESTAMP(0) ON UPDATE CURRENT_TIMESTAMP(0) COMMENT '更新时间',
  PRIMARY KEY (`id`) USING BTREE
) ENGINE = InnoDB AUTO_INCREMENT = 6 CHARACTER SET = utf8mb4 COLLATE = utf8mb4_general_ci ROW_FORMAT = Compact;

-- ----------------------------
-- Records of feed_back_info
-- ----------------------------
INSERT INTO `feed_back_info` VALUES (1, 1, 'sdsadsadsadwqewqead', 0, 1, '2020-09-29 16:10:52', 0, '2020-09-29 16:10:52');
INSERT INTO `feed_back_info` VALUES (2, 2, 'Good job !!', 0, 1, '2020-09-29 17:39:27', 0, '2020-09-29 17:39:27');
INSERT INTO `feed_back_info` VALUES (3, 1, '因为开发者爱上了别的女人 所以影响了我的心情', 0, 1, '2020-09-30 15:21:21', 0, '2020-09-30 15:21:21');
INSERT INTO `feed_back_info` VALUES (4, 1, '开发者因为我刚刚说他爱上别的女人 所以凶我 让我重新写一个', 0, 8, '2020-09-30 15:25:11', 0, '2020-09-30 15:25:11');
INSERT INTO `feed_back_info` VALUES (5, 1, '开发进度怎么一直迟缓', 0, 1, '2020-10-03 21:10:32', 0, '2020-10-03 21:10:32');

-- ----------------------------
-- Table structure for news_info
-- ----------------------------
DROP TABLE IF EXISTS `news_info`;
CREATE TABLE `news_info`  (
  `id` int(11) UNSIGNED NOT NULL AUTO_INCREMENT COMMENT 'id',
  `type` tinyint(4) NULL DEFAULT 0 COMMENT '类型(字典表news_type)',
  `cover` varchar(255) CHARACTER SET utf8mb4 COLLATE utf8mb4_general_ci NULL DEFAULT NULL COMMENT '封面图',
  `title` varchar(255) CHARACTER SET utf8mb4 COLLATE utf8mb4_general_ci NULL DEFAULT NULL COMMENT '标题',
  `content` text CHARACTER SET utf8mb4 COLLATE utf8mb4_general_ci NULL COMMENT '内容',
  `sort` int(8) NULL DEFAULT 0 COMMENT '顺序（越小越靠前）',
  `del_flag` tinyint(4) NULL DEFAULT 0 COMMENT '删除状态（0--未删除1--已删除）',
  `create_user` int(11) NULL DEFAULT 0 COMMENT '创建者',
  `create_time` datetime(0) NULL DEFAULT CURRENT_TIMESTAMP(0) COMMENT '创建时间',
  `update_user` int(11) NULL DEFAULT 0 COMMENT '更新人',
  `update_time` datetime(0) NULL DEFAULT CURRENT_TIMESTAMP(0) ON UPDATE CURRENT_TIMESTAMP(0) COMMENT '更新时间',
  PRIMARY KEY (`id`) USING BTREE
) ENGINE = InnoDB AUTO_INCREMENT = 7 CHARACTER SET = utf8mb4 COLLATE = utf8mb4_general_ci ROW_FORMAT = Compact;

-- ----------------------------
-- Records of news_info
-- ----------------------------
INSERT INTO `news_info` VALUES (1, 0, 'http://47.107.233.154:9000/sbm/news_info/20200930/c24547cf-4440-4346-abd5-fa1dc2812bed.jpg', '毛不易出道三周年致力原创,多首歌曲均成经典', '<p><strong>毛不易出道三周年致力原创,多首歌曲均成经典</strong><br></p><p>　　九月,毛不易全原创线上演唱会和明日家族演唱会接连举办,像是为这个夏天画上了圆满的句号,也让大家再次感受到毛不易的舞台魅力。线上演唱会两个多小时的时间,观众不仅感受到了沉浸式的舞美、颇有故事感的歌声,还免费听到了“毛式”脱口秀!举办了全原创演唱会,拥有两张大爆的原创音乐专辑,获得了无数的音乐奖项,众多的实绩让人几乎忘了毛不易还仅仅是出道三年的“歌坛新人”。作为年轻一代最出色的原创音乐唱作人之一,毛不易确是无比亮眼的存在。</p><p style=\"text-align: center;\"><img _src=\"http://news.yule.com.cn/uploadfile/2020/0929/20200929052202659.jpg\" alt=\"1544_32fe632fb5740e71fa12437f38a2da3a.jpg\" src=\"http://news.yule.com.cn/uploadfile/2020/0929/20200929052202659.jpg\" data-bd-imgshare-binded=\"1\"></p><p>　　<strong>线上演唱会舞美惊艳,原创歌曲广受赞扬</strong></p><p>　　毛不易此次线上演唱会,舞美和歌曲的相得益彰是一大看点。</p><p>　　一曲《小王》,绿色的灯光洒下,制造出时空隧道的既视感,毛不易站在中央,长长的影子拉成线,正贴合现在的“小王”穿越时空和过去的“小王”对话的歌曲内核;《呓语》是和歌曲相契合的梦境挣扎,红衣舞者拼命地奔跑喘息,与身边人无法预测结局的交手,画面与歌声一起直击人心;《等》用困在玻璃盒子里的一鸟一鱼来代表远远相望却无法靠近的两个人,正如歌词唱的那样,“光阴将你我催白了头发”等来等去,却未能等到“他来接你回家”……</p><p style=\"text-align: center;\"><img _src=\"http://news.yule.com.cn/uploadfile/2020/0929/20200929052203162.jpg\" alt=\"1544_ff552f904195669aece3c44ef96e7042.jpg\" src=\"http://news.yule.com.cn/uploadfile/2020/0929/20200929052203162.jpg\" data-bd-imgshare-binded=\"1\"></p><p style=\"text-align: center;\"><img _src=\"http://news.yule.com.cn/uploadfile/2020/0929/20200929052203808.jpg\" alt=\"1544_005b7b655a6364b802eafc63f97e7c83.jpg\" src=\"http://news.yule.com.cn/uploadfile/2020/0929/20200929052203808.jpg\" data-bd-imgshare-binded=\"1\"></p><p style=\"text-align: center;\"><img _src=\"http://news.yule.com.cn/uploadfile/2020/0929/20200929052203488.jpg\" alt=\"1544_0c30e448a12d925aa83a66d6c8b6df93.jpg\" src=\"http://news.yule.com.cn/uploadfile/2020/0929/20200929052203488.jpg\" data-bd-imgshare-binded=\"1\"></p><p>　　也正是毛不易的原创歌曲一词一句皆有画面有故事,才让舞台设计有了更深层的意蕴,让观众收获了一次又一次视听盛宴。</p><p>　　<strong>明日家族演唱会,出道三年再次起航</strong></p><p>　　回顾毛不易出道三年,原创一直是他的武器也是他的铠甲,让他在人才济济的乐坛独留一方天地,出色的音乐成绩让那个唱着《感觉自己是巨星》的明日少年,以惊人的速度成为了真正的巨星。</p><p>　　转眼《明日之子》也已经举办四届,毛不易作为第一届的冠军,一直是其他季选手榜样般的存在,这一次明日家族演唱会,还有选手翻唱了他的《芬芳一生》并发博感谢。而《盛夏》之于《明日之子》更像是《难忘今宵》之于春晚,在家族演唱会的最后,毛不易和各季选手们一起演唱起这首熟悉的旋律,也向所有人展示出他的才华。人们提起毛不易,也不仅仅只有《消愁》,还有敞亮大气的《东北民谣》、多意温柔的《平凡的一天》、深沉悠扬的《深夜一角》……</p><p style=\"text-align: center;\"><img _src=\"http://news.yule.com.cn/uploadfile/2020/0929/20200929052203597.jpg\" alt=\"1544_4deac99a4c470353ec93c1ed85901cc4.jpg\" src=\"http://news.yule.com.cn/uploadfile/2020/0929/20200929052203597.jpg\" data-bd-imgshare-binded=\"1\"></p><p>　　毛不易说夏天是最神奇的季节,第一个夏季,他走进人们的视线,之后的每一个夏季,他一次一次给予人们惊喜,期待巨星不易的下一个三年!</p>', 2, 0, 1, '2020-09-30 11:02:34', 1, '2020-09-30 11:06:23');
INSERT INTO `news_info` VALUES (2, 0, 'http://47.107.233.154:9000/sbm/news_info/20200930/77b60069-1f4c-4561-9021-d65c20072d97.jpg', '宅男女神童欣颖打卡网红店 惹火身材备战古装电影', '<div style=\"text-align: center;\"><img _src=\"http://news.yule.com.cn/uploadfile/2020/0928/20200928022113588.jpg\" alt=\"\" src=\"http://news.yule.com.cn/uploadfile/2020/0928/20200928022113588.jpg\" data-bd-imgshare-binded=\"1\"></div><p>　　上周末，素有宅男女神之称的人气嫩模童欣颖Shining突然现身杭州中山中路一家以艺术收藏为主题的潮玩咖啡店，深邃立体的五官搭配精致的妆容，立刻吸引了店内外无数惊艳的目光。童欣颖与友人喝完下午茶后，还饶有兴致的在店内细细观赏各种艺术收藏品，黑色低胸连衣裙映衬雪白肌肤，性感身材呼之欲出，让人不禁感慨宅男女神确有真材实料。其间被一些顾客认出要求合影，心情不错的童欣颖也欣然答应来者不拒，丝毫没有女神架子。</p><p>　　虽然童欣颖只是日常出街妆扮，并没有刻意摆pose，然而作为平面模特的出色驾驭力还是令她在镜头下熠熠闪光。童欣颖对店内陈列着的米奇、暴力熊等经典卡通形象情有独钟，虽然被网络上无数宅男封为女神，但在她心里依然住着一个长不大的小姑娘。据与她同行的友人透露，有一部电影早在去年底就向童欣颖伸出了橄榄枝，因为众所周知的原因，该剧延迟至近日才被提上拍摄日程，已定于国庆节后在横店开机。当笔者问起童欣颖将在剧中饰演一个怎样的角色时，友人却只微笑透露“到时候就知道了，是一部古装剧”。一直以摩登形象示人的童欣颖首次“触电”竟然是出演古装角色，这多少令人感到有些意外。</p><p>　　临走时，笔者忽见童欣颖手里拿着一本《聊斋志异》，她有点不好意思地笑了笑：“要抽时间补一下古典文学。”难怪网上有人感叹说“世界上最扎心的事就是比你好看的人还比你努力”，每一个看起来光鲜亮丽的成功，背后都付出了你所看不见的百倍努力。</p>', 1, 0, 1, '2020-09-30 11:03:19', 1, '2020-09-30 11:29:46');
INSERT INTO `news_info` VALUES (3, 0, 'http://47.107.233.154:9000/sbm/news_info/20200930/0b098ac6-6c64-4845-85a7-2544df8b2083.jpg', '刘美麟登《全球中文音乐榜上榜》舞台 新歌《醒来》再度打榜', '<p>9月26日,中国内地新生代实力女歌手刘美麟登上《全球中文音乐榜上榜》的舞台,在本期节目中,刘美麟再度为她的新歌《醒来》打榜,同时也演绎了一首经典歌曲《暗香》,刘美麟凭借不俗的唱功与标志性的海豚音,给所有观众们留下了深刻的印象。</p><p style=\"text-align: center;\"><img _src=\"https://p9-tt-ipv6.byteimg.com/large/pgc-image/a06c9b3797fc4caa9f25e1e260fafd59\" alt=\"\" src=\"https://p9-tt-ipv6.byteimg.com/large/pgc-image/a06c9b3797fc4caa9f25e1e260fafd59\" data-bd-imgshare-binded=\"1\"></p><p>　　在节目中刘美麟表示,自己十分喜欢唱现场的感觉,也很感谢有《榜上榜》这样一个机会,所以希望可以再次在舞台上分享这首歌给所有的观众朋友们。作为时隔三年发行的个人新专辑主打歌之一,刘美麟也希望可以把这首歌清新自然的正能量传递给大家。此次《醒来》这首歌曲的舞台布景与9月19日的节目中也是大不相同,此次站在长梯之上演唱的刘美麟还自我调侃道\"每次唱歌都要站的很高\"。</p><p style=\"text-align: center;\"><img _src=\"https://p6-tt-ipv6.byteimg.com/large/pgc-image/b0b528503926435280ed67ff6f030a0a\" alt=\"\" src=\"https://p6-tt-ipv6.byteimg.com/large/pgc-image/b0b528503926435280ed67ff6f030a0a\" data-bd-imgshare-binded=\"1\"></p><p>　　除此之外,刘美麟还在现场为大家带来了一首耳熟能详的经典老歌《暗香》。早在2016年,刘美麟就在《盖世音雄》这档音乐节目中演唱过电音版《暗香》,凭借其独特的声线与标志性的海豚音,这首歌曲在网络平台的点击率已超百万。这次在《全球中文音乐榜上榜》的舞台再次唱响这首歌曲,更是韵味悠长,余音绕梁。</p><p style=\"text-align: center;\"><img _src=\"https://p9-tt-ipv6.byteimg.com/large/pgc-image/0177552841fd43ffafc38655c61502c1\" alt=\"\" src=\"https://p9-tt-ipv6.byteimg.com/large/pgc-image/0177552841fd43ffafc38655c61502c1\" data-bd-imgshare-binded=\"1\"></p><p>　　自出道以来,刘美麟一直在不断地努力与学习,尝试更多的音乐风格并提升自己的唱作实力,我们也更加期待刘美麟即将发行的第三张个人专辑又会给我们带来怎样的惊喜呢,让我们拭目以待吧!</p>', 0, 0, 1, '2020-09-30 11:03:57', 1, '2020-09-30 11:05:30');
INSERT INTO `news_info` VALUES (4, 4, 'http://47.107.233.154:9000/sbm/news_info/20200930/51d353b0-d519-4d63-a7f6-359689326be9.jpg', '两部委发布首个马产业发展规划', '<p align=\"center\"><img alt=\"\" src=\"http://www.people.com.cn/mediafile/pic/BIG/20200930/43/2957617746300340071.jpg\"></p><p align=\"center\" class=\"pictext\">　　近日，在安徽风华桐乡路小学，学生们在操场上零距离体验马术运动</p><p>　　本报讯（记者 张钦）昨天，农业农村部、国家体育总局联合印发的《全国马产业发展规划（2020—2025年）》在农业农村部官网全文发布。这是新中国成立以来针对马产业出台的首份发展规划，明确了今后一段时期我国马产业发展的指导思想、主要目标和重点任务，涉及到与马相关的众多产业，其中不乏马术、赛马等领域。</p><p>　　《规划》在全面梳理我国马产业发展现状、深入分析各方面机遇和挑战的基础上，提出今后一个时期的发展思路是，以发展现代马产业为目标，加快马产业转型升级，夯实产业基础，完善标准体系，健全体制机制，强化人才支撑，发挥赛事活动、文化旅游的引领带动作用，加快建立现代马产业生产体系、经营体系、产业体系，提升马产业专业化、规范化、标准化、市场化水平，促进一二三产业融合发展，培育马产业发展新的经济增长点，提升质量效益竞争力，走中国特色现代马产业发展道路，不断满足人民群众日益增长的美好生活需要。</p><p>　　总体目标是，到2025年，我国现代马产业发展的框架和体系初步形成，一二三产业融合发展格局初步形成，马产业经济效益和社会效益大幅提升，形成相对完备的现代化育种、高效养殖、诊疗保健、疫病防控、调教训练、性能测定、竞赛表演、健身休闲、文化旅游、产品加工和产业服务体系。</p><p>　　为实现这些目标，《规划》在建立现代养殖体系、完善马术运动体系、促进一二三产业融合发展和强化科技人才支撑等4个方面，明确了16项重点任务措施，并根据自然地理、资源分布、文化传统、马术运动发展特点等，有针对性地对不同区域提出马产业开发利用重点，指导地方因地制宜推动产业健康有序发展。</p><p>　　此次发布的规划还特别提及了探索推广赛马运动。我国将研究制定出台全国速度赛马赛事标准和全国赛马运动发展规划，建立与国际接轨的赛马赛事分级制度，完善国家赛马赛事体系。通过提升赛马赛事公信力，优化赛事听证制度，推行职业从业人员准入考核制度，注重职业道德和行为规范。《规划》特别提到完善马匹药品及违禁物品管控制度，逐步建立与国际接轨的马匹福利制度，发布中国赛马运动公信力年度报告。按照“小步、分步、稳步”和“先试点、后推广”的原则，依照即开型体育彩票和大型体育赛事竞猜型彩票发展规律及监管要求，推进速度赛马赛事试点工作。</p><p>　　《规划》还提及复兴马球运动，提出行业协会要结合工作需要依法依规设立马球分支机构，发挥马球专业委员会作用，制定马球运动场地、竞赛、马匹、骑手和教练标准体系，指导地方有序开展马球运动，推动马球运动加快复兴。 供图/视觉中国</p><p>　　分析</p><p>　　为何针对马产业出台专门的规划？</p><p>　　农业农村部畜牧兽医局、国家体育总局体育经济司有关负责人表示，当前，我国存在地方马优良特征未得到充分挖掘，赛事用马主要依赖国外进口，符合市场需求的国产运动马供给不足等问题。《规划》提出了“马业+”的发展模式，推动将马品种、马术运动、文化旅游等资源优势转化为经济优势，增加马业产值比重，构建协同发展机制。</p><p>　　据介绍，现代马产业与猪禽牛羊其他畜牧产业不同，不以生产肉奶蛋等畜产品为主要目的，而是通过体育赛事活动、文化旅游等来带动马匹养殖业的发展，两者相辅相成、密不可分，这与国际马产业发展的基本思路和方向是一致的。因此，现代马产业发展既包括养殖环节，又包括体育运动等相关环节，需要农业农村部门和体育部门立足各自职能，加强协作，共同推动。此次《规划》将马匹养殖和体育运动一起谋划、一起布局，能够起到促进一二三产业融合发展的作用，有专注于我国马产业的健康、可持续发展。</p><p>　　在马术运动方面未来的发展规划是什么？</p><p>　　规划中特别提及了马术运动的发展，提出马术运动是现代马产业发展的重要内容。我国规划要建立中国马术俱乐部等级评定制度，促进马术俱乐部标准化、特色化、品牌化建设，重点培育一批品牌马术俱乐部。以马术推广、普及和提高相结合，充分利用东京奥运会备战平台，大力宣传和推广马术运动。同时，通过举办一系列竞赛、培训活动，促进马术运动竞技水平的提高。举办丰富多彩的马术活动，增强广大民众对马术运动的认知程度。</p><p>　　我国还将积极推进青少年马术运动，加大力度让马术走进校园，让更多青少年喜爱马术运动，并倡议青少年马术教学和低级别比赛中广泛使用中国马。同时，支持新疆、内蒙古等地区开展马术旅游、推广长距离赛马比赛，加大与世界各国特别是“一带一路”沿线国家马文化交流与合作，引入国外有影响力的马文化表演娱乐节目，利用国产马打造一批国内知名马文化演出娱乐节目和产品，激活国内马文化消费市场。</p><p>　　内存</p><p>　　我国马匹数量居世界前列</p><p>　　我国是养马大国，马匹数量居世界前列。2019年，全国马存栏367.1万匹，占世界总存栏的6%，位居第5位。</p><p>　　据行业统计，马业全产业链产值约700亿元。马养殖区域布局相对集中，主要分布在新疆、四川、内蒙古、西藏、云南、贵州、广西等省区，其中新疆、四川、内蒙古分别存栏95.5万匹、75.6万匹、67.1万匹，合计占全国的65%。</p><p>　　就畜牧业而言，我国共有29个地方马品种资源，其中德保矮马等7个品种纳入国家级畜禽遗传资源保护名录实行重点保护，这些品种大多具有独特的性状，是培育新品种的重要遗传素材。此次出台的《规划》提出要从保种场、保护区、基因库三方面着手，实施精准保护。</p>', 0, 0, 1, '2020-09-30 11:31:33', 0, '2020-09-30 11:31:33');
INSERT INTO `news_info` VALUES (5, 3, 'http://47.107.233.154:9000/sbm/news_info/20200930/12470d43-aea8-4423-ad94-c5d7cf98f15a.png', '国庆长假准备结婚？婚前检查先了解一下', '<div class=\"box_pic\" style=\"text-align: center;\"><table width=\"450\" cellspacing=\"0\" cellpadding=\"3\" align=\"center\" class=\"layui-table\"><tbody><tr><td align=\"center\"><img src=\"http://lxjk.people.cn/NMediaFile/2020/0930/MAIN202009300819000000287592388.png\" alt=\"国庆长假准备结婚？婚前检查先了解一下\"></td></tr><tr><td align=\"center\"><font color=\"#000000\"></font></td></tr></tbody></table></div><div class=\"zdfy clearfix\" style=\"text-align: center;\"></div><center><table border=\"0\" align=\"center\" width=\"40%\" class=\"layui-table\"><tbody><tr></tr></tbody></table></center><div class=\"box_pic\" style=\"text-align: center;\"><table width=\"450\" cellspacing=\"0\" cellpadding=\"3\" align=\"center\" class=\"layui-table\"><tbody><tr><td align=\"center\"><img src=\"http://lxjk.people.cn/NMediaFile/2020/0930/MAIN202009300819000010841692651.png\" alt=\"\"></td></tr><tr><td align=\"center\"><font color=\"#000000\"></font></td></tr></tbody></table><table width=\"450\" cellspacing=\"0\" cellpadding=\"3\" align=\"center\" class=\"layui-table\"><tbody><tr><td align=\"center\"><img src=\"http://lxjk.people.cn/NMediaFile/2020/0930/MAIN202009300819000024499233951.png\" alt=\"\"></td></tr><tr><td align=\"center\"><font color=\"#000000\"></font></td></tr></tbody></table><table width=\"450\" cellspacing=\"0\" cellpadding=\"3\" align=\"center\" class=\"layui-table\"><tbody><tr><td align=\"center\"><img src=\"http://lxjk.people.cn/NMediaFile/2020/0930/MAIN202009300819000014357569284.png\" alt=\"\"></td></tr><tr><td align=\"center\"><font color=\"#000000\"></font></td></tr></tbody></table><table width=\"450\" cellspacing=\"0\" cellpadding=\"3\" align=\"center\" class=\"layui-table\"><tbody><tr><td align=\"center\"><img src=\"http://lxjk.people.cn/NMediaFile/2020/0930/MAIN202009300819000027984116094.png\" alt=\"\"></td></tr><tr><td align=\"center\"><font color=\"#000000\"></font></td></tr></tbody></table><table width=\"450\" cellspacing=\"0\" cellpadding=\"3\" align=\"center\" class=\"layui-table\"><tbody><tr><td align=\"center\"><img src=\"http://lxjk.people.cn/NMediaFile/2020/0930/MAIN202009300819000020359716678.png\" alt=\"\"></td></tr><tr><td align=\"center\"><font color=\"#000000\"></font></td></tr></tbody></table><table width=\"450\" cellspacing=\"0\" cellpadding=\"3\" align=\"center\" class=\"layui-table\"><tbody><tr><td align=\"center\"><img src=\"http://lxjk.people.cn/NMediaFile/2020/0930/MAIN202009300819000029560361848.png\" alt=\"\"></td></tr><tr><td align=\"center\"><font color=\"#000000\"></font></td></tr></tbody></table><table width=\"450\" cellspacing=\"0\" cellpadding=\"3\" align=\"center\" class=\"layui-table\"><tbody><tr><td align=\"center\"><img src=\"http://lxjk.people.cn/NMediaFile/2020/0930/MAIN202009300819000036638975587.png\" alt=\"\"></td></tr><tr><td align=\"center\"><font color=\"#000000\"></font></td></tr></tbody></table><table width=\"450\" cellspacing=\"0\" cellpadding=\"3\" align=\"center\" class=\"layui-table\"><tbody><tr><td align=\"center\"><img src=\"http://lxjk.people.cn/NMediaFile/2020/0930/MAIN202009300819000034052937776.png\" alt=\"\"></td></tr><tr><td align=\"center\"><font color=\"#000000\"></font></td></tr></tbody></table></div><div class=\"textcode\" style=\"text-align: center;\"><a href=\"http://kpzg.people.com.cn/\" target=\"_blank\"><img src=\"http://lxjk.people.cn/NMediaFile/2017/1011/MAIN201710110832004649224213837.jpg\" alt=\"\"></a></div>', 0, 0, 1, '2020-09-30 11:33:42', 0, '2020-09-30 11:33:42');
INSERT INTO `news_info` VALUES (6, 4, 'http://47.107.233.154:9000/sbm/news_info/20200930/f5be1503-d7b6-43f1-b280-848e7107c6cd.jpg', '蓬佩奥扬言构建反华全球联盟 外交部：痴人说梦', '<div class=\"box_pic\" style=\"text-align: center;\"><table width=\"450\" cellspacing=\"0\" cellpadding=\"3\" align=\"center\" class=\"layui-table\"><tbody><tr><td align=\"center\"><img src=\"http://world.people.com.cn/NMediaFile/2020/0929/MAIN202009291947000424545731213.jpg\" alt=\"蓬佩奥扬言构建反华全球联盟 外交部：痴人说梦\"></td></tr><tr><td align=\"center\"><font color=\"#000000\"></font></td></tr></tbody></table></div><p>　　人民网北京9月29日电 据外交部网站消息，外交部发言人汪文斌主持例行记者会。</p><p>　　记者会实录如下：</p><p><strong>　　《环球时报》记者：据报道，中国国家互联网应急中心日前发布的2020年上半年中国互联网网络安全监测数据分析报告显示，中国遭受来自境外的网络攻击持续增加，美国是针对中国网络攻击的最大来源国。中方对此有何评论？</strong></p><p>　　汪文斌：我们注意到这份报告。报告内容反映了中国在网络安全领域面临的一些突出挑战。首先，中国仍是网络攻击的主要受害者之一，在疫情期间遭受的网络攻击有增无减。其次，美国是针对中国网络攻击的最大来源国。从境外计算机恶意程序捕获次数、境外恶意程序控制服务器数量、境外拒绝服务攻击（DDoS）次数、向中国境内网站植入后门等多项指标看，美国都高居首位。第三，针对中国关键信息基础设施的网络侦察值得关注。报告显示，中国工业控制系统的网络资产持续遭受来自境外的扫瞄嗅探，日均超过2万次，目标涉及境内能源、制造、通信等重点行业的联网工业控制设备和系统。与其他类型网络攻击相比，上述网络侦察行动更可能具有较强的政府背景。在此情况下，中方更有理由对此前美国媒体关于美大力推行网络空间“持续交手”战略、降低授权门槛肆意对他国关键信息基础设施发动攻击的报道表示担忧。</p><p>　　我想强调的是，网络攻击是各国面临的共同挑战，中国一贯主张各国在相互尊重、平等互利的基础上加强对话合作，共同应对这一挑战。我们也呼吁各国在网络空间采取负责任的行为。中国将采取必要措施，增进自身网络安全，特别是保护关键信息基础设施免受威胁和破坏。</p><p><strong>　　新华社记者：据报道，第十七届中国—东盟博览会、中国—东盟商务与投资峰会将于11月在广西举行。在疫情加剧世界经济下行压力的背景下，中方如何评价与东盟在包括经贸等领域的合作？</strong></p><p>　　汪文斌：商务部日前已经就第十七届中国—东盟博览会、中国—东盟商务与投资峰会的筹备情况做了详细介绍。</p><p>　　中国—东盟关系在东盟同对话伙伴关系中最具活力，也最富内涵。新冠肺炎疫情发生以来，中国和东盟国家相互支持、共克时艰，走在了全球抗击疫情和疫后复苏的前列。今年也是中国—东盟合作的大年，不仅是中国—东盟数字经济合作年，也是中国—东盟自由贸易区建成的第10个年头。今年上半年中国与东盟国家克服疫情影响，双方经贸投资合作逆势上扬，东盟首次成为中国第一大贸易伙伴，形成了中国与东盟互为第一大贸易伙伴的良好局面，彰显出双方合作的巨大潜力和广阔前景。</p><p>　　中方愿同东盟各国一道，加强疫苗研发等方面合作，携手早日彻底战胜疫情；共同建设区域“快捷通道”和“绿色通道”网络，维护地区产业链供应链畅通稳定；推动年内签署区域全面经济伙伴关系协定，提升区域经济一体化，促进地区发展繁荣。我们还将以明年中国—东盟建立对话关系30周年为契机，与东盟各国一道充实双方战略伙伴关系内涵，打造更为紧密的中国—东盟命运共同体。</p><p><strong>　　路透社记者：据报道，印度把在中印边境拉达克地区修建高海拔、全天候高速公路作为优先事项，中方对此有何评论？</strong></p><p>　　汪文斌：中方不承认印度非法设立的所谓“拉达克中央直辖区”，反对在边境争议地区开展以军事争控为目的的基础设施建设。根据中印双方近期达成的共识，任何一方都不应在边境地区采取任何导致局势复杂化的行动，以避免影响双方为缓和局势所作的努力。</p><p><strong>　　《北京日报》记者：据报道，美国国务卿蓬佩奥27日接受采访时称，美国面临的中长期最大外部威胁来自中共政权。特朗普与他本人回调美方自尼克松和基辛格访华以来50年的对华政策，在战略上终止对华绥靖政策。美方正构建全球联盟来对冲中国影响。中方对此有何评论？</strong></p><p>　　汪文斌：蓬佩奥扬言构建反华全球联盟，这是痴人说梦。他是等不到那一天了，他的继任者们也等不到那一天，因为那一天就不会到来。</p><p>　　印度报业托拉斯记者：关于印方在拉达克地区修建公路，印国内和国际上几家智库称，中方已经在实控线中方一侧建设了大量基础设施。印方只是想在其视为实控线的印方一侧进行建设，以追赶中方。为什么中方反对印方的行为？</p><p>　　汪文斌：首先我要告诉你，一些机构曾经发布中国在实控线附近建设新的军事基地或设施的报告。有关报告所描绘的情况完全不属实，是别有用心的。</p><p>　　第二，中方一贯严格遵守中印两国签署的有关协定，致力于维护中印边境地区的和平稳定，同时坚定维护国家领土主权和安全。长期以来，中国边防部队在实控线中方一侧活动，严格遵守两国间相关协定协议。我们希望印方同中方相向而行，共同推动边境局势缓和降温，避免为双方为缓和局势的努力增添干扰因素。</p><p><strong>　　《北京青年报》记者：据悉，中国派往黎巴嫩的维和工兵分队将前往贝鲁特爆炸港口执行灾后援助任务，你能否介绍有关情况？</strong></p><p>　　汪文斌：中国第19批赴黎巴嫩维和工兵分队于9月27日和29日派出两批人员携带各型机械、车辆装备赴贝鲁特执行灾后重建援助任务。这是中国赴黎巴嫩维和部队首次奉命跨任务区执行授权任务。中国工兵分队将同联黎部队其他分队一道，为推进贝鲁特港口重建、恢复生产秩序和维护当地和平稳定发挥积极作用。</p><p>　　今年是中国军队参加联合国维和行动30周年，中国累计已经派出维和官兵4万余人次，参加25项维和行动。作为安理会常任理事国，中国将一如既往地以实际行动践行对《联合国宪章》精神的庄严承诺，继续做世界和平的建设者、全球发展的贡献者、国际秩序的维护者。</p><p><strong>　　彭博社记者：日本计划于下周主办美日印澳四国外长会。中方对此有何评论？</strong></p><p>　　汪文斌：我们认为，和平发展、合作共赢是当今时代潮流和世界大势。任何多边、诸边合作都应当秉持开放、包容、透明的精神，而不是搞封闭、排他的“小圈子”；都应当有助于增进地区国家间的相互理解与信任，而不是针对第三方或损害第三方利益。</p><p>　　我们希望有关国家从地区国家共同利益出发，多做有利于地区和平、稳定与发展的事，而不是相反。</p><p>　　共同社记者：昨天我的同事曾问及王毅国务委员是否会在今年10月访问日本。近日有报道称，此次访问并非日方主动提出，而是中方在推动。你能否证实？能否提供详细信息？</p><p>　　汪文斌：我昨天已经回答了相关问题。</p>', 0, 0, 1, '2020-09-30 11:36:01', 0, '2020-09-30 11:36:01');

-- ----------------------------
-- Table structure for notice_info
-- ----------------------------
DROP TABLE IF EXISTS `notice_info`;
CREATE TABLE `notice_info`  (
  `id` int(11) UNSIGNED NOT NULL AUTO_INCREMENT COMMENT 'id',
  `title` varchar(255) CHARACTER SET utf8mb4 COLLATE utf8mb4_general_ci NULL DEFAULT NULL COMMENT '标题',
  `type` tinyint(4) NULL DEFAULT 0 COMMENT '类型(0--默认1--指定内容2--指定链接)',
  `content` text CHARACTER SET utf8mb4 COLLATE utf8mb4_general_ci NULL COMMENT '指定内容',
  `link` varchar(255) CHARACTER SET utf8mb4 COLLATE utf8mb4_general_ci NULL DEFAULT NULL COMMENT '指定链接',
  `del_flag` tinyint(4) NULL DEFAULT 0 COMMENT '删除状态（0--未删除1--已删除）',
  `create_user` int(11) NULL DEFAULT 0 COMMENT '创建者',
  `create_time` datetime(0) NULL DEFAULT CURRENT_TIMESTAMP(0) COMMENT '创建时间',
  `update_user` int(11) NULL DEFAULT 0 COMMENT '更新人',
  `update_time` datetime(0) NULL DEFAULT CURRENT_TIMESTAMP(0) ON UPDATE CURRENT_TIMESTAMP(0) COMMENT '更新时间',
  PRIMARY KEY (`id`) USING BTREE
) ENGINE = InnoDB AUTO_INCREMENT = 6 CHARACTER SET = utf8mb4 COLLATE = utf8mb4_general_ci ROW_FORMAT = Compact;

-- ----------------------------
-- Records of notice_info
-- ----------------------------
INSERT INTO `notice_info` VALUES (1, 'Springboot-mini APP 正在紧张开发中', 0, '', '', 0, 1, '2020-09-28 15:19:25', 0, '2020-09-28 15:19:25');
INSERT INTO `notice_info` VALUES (2, '国庆+中秋，总共放假八天', 1, '<h2>一、背景</h2><p>SpringBoot 为我们快速开发提供了很好的架子，使得我们只需要少量配置就能开始我们的开发工作，但是当我们需要打包上传部署时，却是很神伤的一个问题，因为打出来的 Jar 包少则十几兆，多则一百来兆，我们需要上传至公网服务器时，是非常慢的，这就引出了今天的主题，SpringBoot项目Jar包如何瘦身部署</p><h3><a name=\"t1\"></a><a name=\"t1\"></a><a id=\"1_2\"></a>1、思路</h3><ul><li>分析 jar，我们可以看出，jar 包里面分为以下三个模块<br><img src=\"https://img-blog.csdnimg.cn/20200904103142575.png#pic_center\" alt=\"jar包\"><br>分为 BOOT-INF，META-INF，org 三个部分，打开 BOOT-INF<br><img src=\"https://img-blog.csdnimg.cn/2020090410331781.png#pic_center\" alt=\"boot-inf\"><br>可以看到有 classes，lib 两个文件夹，我们编译好的代码是放在 classes 里面的，而我们所依赖的 jar 包都是放在 lib 文件夹下</li><li>classes 部分是非常小的（我的是3M左右），lib部分是非常大的（我的是70M左右），所以上传很慢</li><li>那我们可以将我们自己写的代码部分与所依赖的 maven jar 包部分拆开上传，每次只需要上传我们自己写的代码部分即可</li></ul><h2><a name=\"t2\"></a><a name=\"t2\"></a><a id=\"_10\"></a>二、瘦身部署</h2><h3><a name=\"t3\"></a><a name=\"t3\"></a><a id=\"1_11\"></a>1、正常打包</h3><p>首先，我们项目的 pom.xml 文件中的打包方式如下：</p><pre class=\"prettyprint\"><code class=\"prism language-java has-numbering\"><span class=\"token generics function\"><span class=\"token punctuation\">&lt;</span>build<span class=\"token punctuation\">&gt;</span></span>\n    <span class=\"token generics function\"><span class=\"token punctuation\">&lt;</span>plugins<span class=\"token punctuation\">&gt;</span></span>\n        <span class=\"token generics function\"><span class=\"token punctuation\">&lt;</span>plugin<span class=\"token punctuation\">&gt;</span></span>\n            <span class=\"token generics function\"><span class=\"token punctuation\">&lt;</span>groupId<span class=\"token punctuation\">&gt;</span></span>org<span class=\"token punctuation\">.</span>springframework<span class=\"token punctuation\">.</span>boot<span class=\"token operator\">&lt;</span><span class=\"token operator\">/</span>groupId<span class=\"token operator\">&gt;</span>\n            <span class=\"token generics function\"><span class=\"token punctuation\">&lt;</span>artifactId<span class=\"token punctuation\">&gt;</span></span>spring<span class=\"token operator\">-</span>boot<span class=\"token operator\">-</span>maven<span class=\"token operator\">-</span>plugin<span class=\"token operator\">&lt;</span><span class=\"token operator\">/</span>artifactId<span class=\"token operator\">&gt;</span>\n        <span class=\"token operator\">&lt;</span><span class=\"token operator\">/</span>plugin<span class=\"token operator\">&gt;</span>\n    <span class=\"token operator\">&lt;</span><span class=\"token operator\">/</span>plugins<span class=\"token operator\">&gt;</span>\n<span class=\"token operator\">&lt;</span><span class=\"token operator\">/</span>build<span class=\"token operator\">&gt;</span>\n</code><ul class=\"pre-numbering\" style=\"text-align: right;\"><li>1</li><li>2</li><li>3</li><li>4</li><li>5</li><li>6</li><li>7</li><li>8</li></ul></pre><ul><li>这是 SpringBoot 中默认的打包方式，我们先按照这种方式打包出来，得到一个 jar 包，</li><li>我们将 jar 包解压，如果不能直接解压，则将后缀改为 zip 再进行解压</li><li>我们只需要拿到 BOOT-INF 中的 lib 目录即可</li></ul>', '', 0, 1, '2020-09-28 15:20:37', 0, '2020-09-28 15:20:37');
INSERT INTO `notice_info` VALUES (3, '你我翻滚过的榻榻米味道熟悉', 2, '', 'http://www.baidu.com', 0, 1, '2020-09-28 15:20:45', 0, '2020-09-28 15:21:00');
INSERT INTO `notice_info` VALUES (4, '中部战区总医院感染科主任医师江晓静：直缘多艺用心劳', 0, '', '', 0, 1, '2020-09-28 17:07:36', 0, '2020-09-28 17:07:36');
INSERT INTO `notice_info` VALUES (5, '美官员就疫情向中国甩锅 外交部：行有不得反求诸己', 0, '', '', 0, 1, '2020-09-28 17:07:41', 0, '2020-09-28 17:07:41');

-- ----------------------------
-- Table structure for sys_configure
-- ----------------------------
DROP TABLE IF EXISTS `sys_configure`;
CREATE TABLE `sys_configure`  (
  `id` int(11) UNSIGNED NOT NULL AUTO_INCREMENT COMMENT 'id',
  `system_name` varchar(10) CHARACTER SET utf8mb4 COLLATE utf8mb4_general_ci NULL DEFAULT NULL COMMENT '系统名称(简称)',
  `system_full_name` varchar(64) CHARACTER SET utf8mb4 COLLATE utf8mb4_general_ci NULL DEFAULT NULL COMMENT '系统名称(全称)',
  `system_logo` varchar(255) CHARACTER SET utf8mb4 COLLATE utf8mb4_general_ci NULL DEFAULT NULL COMMENT '系统logo',
  `website_title` varchar(255) CHARACTER SET utf8mb4 COLLATE utf8mb4_general_ci NULL DEFAULT NULL COMMENT '网站标题',
  `website_icon` varchar(255) CHARACTER SET utf8mb4 COLLATE utf8mb4_general_ci NULL DEFAULT NULL COMMENT '网站图标',
  `website_keywords` varchar(255) CHARACTER SET utf8mb4 COLLATE utf8mb4_general_ci NULL DEFAULT NULL COMMENT '网站关键字',
  `website_description` varchar(255) CHARACTER SET utf8mb4 COLLATE utf8mb4_general_ci NULL DEFAULT NULL COMMENT '网站描述',
  `record_no` varchar(32) CHARACTER SET utf8mb4 COLLATE utf8mb4_general_ci NULL DEFAULT NULL COMMENT '网站备案号',
  `copyright` varchar(255) CHARACTER SET utf8mb4 COLLATE utf8mb4_general_ci NULL DEFAULT NULL COMMENT '网站版权信息',
  `del_flag` tinyint(4) NULL DEFAULT 0 COMMENT '删除状态（0--未删除1--已删除）',
  `create_user` int(11) NULL DEFAULT 0 COMMENT '创建者',
  `create_time` datetime(0) NULL DEFAULT CURRENT_TIMESTAMP(0) COMMENT '创建时间',
  `update_user` int(11) NULL DEFAULT 0 COMMENT '更新人',
  `update_time` datetime(0) NULL DEFAULT CURRENT_TIMESTAMP(0) ON UPDATE CURRENT_TIMESTAMP(0) COMMENT '更新时间',
  PRIMARY KEY (`id`) USING BTREE
) ENGINE = InnoDB AUTO_INCREMENT = 2 CHARACTER SET = utf8mb4 COLLATE = utf8mb4_general_ci COMMENT = '系统配置' ROW_FORMAT = Dynamic;

-- ----------------------------
-- Records of sys_configure
-- ----------------------------
INSERT INTO `sys_configure` VALUES (1, 'LAYUI MINI', 'SpringBoot后台管理模板', 'http://47.107.233.154:9000/sbm/sys_configure/20201020/df087ef7-7dd1-4416-b2bb-4079009d70e7.png', '管理系统-SpringBoot后台管理模板', 'http://47.107.233.154:9000/sbm/sys_configure/20201020/15fc0811-4779-4a12-8c8a-489651c26da7.ico', '管理系统,SpringBoot,解决方案,开发脚手架', '本项目本着避免重复造轮子的原则建立一套快速开发JavaWEB项目', '粤ICP备20046900号-1', 'Copyright© 1999-2020 SpringBoot 版权所有', 0, 1, '2020-10-20 21:58:50', 1, '2020-10-21 13:54:58');

-- ----------------------------
-- Table structure for sys_dict
-- ----------------------------
DROP TABLE IF EXISTS `sys_dict`;
CREATE TABLE `sys_dict`  (
  `id` int(11) UNSIGNED NOT NULL AUTO_INCREMENT COMMENT '主键id',
  `code` varchar(32) CHARACTER SET utf8mb4 COLLATE utf8mb4_general_ci NULL DEFAULT NULL COMMENT '编码',
  `name` varchar(32) CHARACTER SET utf8mb4 COLLATE utf8mb4_general_ci NULL DEFAULT NULL COMMENT '名称',
  `descript` varchar(64) CHARACTER SET utf8mb4 COLLATE utf8mb4_general_ci NULL DEFAULT NULL COMMENT '描述',
  `status` tinyint(4) NULL DEFAULT 0 COMMENT '状态（0--正常1--冻结）',
  `del_flag` tinyint(4) NULL DEFAULT 0 COMMENT '删除状态（0，正常，1已删除）',
  `create_user` int(11) NULL DEFAULT 0 COMMENT '创建人',
  `create_time` datetime(0) NULL DEFAULT CURRENT_TIMESTAMP(0) COMMENT '创建时间',
  `update_user` int(11) NULL DEFAULT 0 COMMENT '更新人',
  `update_time` datetime(0) NULL DEFAULT CURRENT_TIMESTAMP(0) ON UPDATE CURRENT_TIMESTAMP(0) COMMENT '更新时间',
  PRIMARY KEY (`id`) USING BTREE
) ENGINE = InnoDB AUTO_INCREMENT = 13 CHARACTER SET = utf8mb4 COLLATE = utf8mb4_general_ci COMMENT = '字典管理' ROW_FORMAT = Compact;

-- ----------------------------
-- Records of sys_dict
-- ----------------------------
INSERT INTO `sys_dict` VALUES (1, 'user_sex', '性别', '性别的数据字典', 0, 0, 0, '2020-07-15 16:32:49', 0, '2020-10-21 11:35:35');
INSERT INTO `sys_dict` VALUES (2, 'user_status', '用户状态', '用户的禁/启用状态', 0, 0, 0, '2020-07-15 16:37:04', 0, '2020-10-21 11:36:17');
INSERT INTO `sys_dict` VALUES (3, 'menu_type', '权限类型', '权限数据的类型', 0, 0, 0, '2020-07-20 21:20:22', 0, '2020-09-21 10:50:46');
INSERT INTO `sys_dict` VALUES (4, 'quartz_status', '定时任务启动状态', '定时任务启动状态', 0, 0, 0, '2020-07-21 10:10:41', 0, '2020-09-21 10:50:46');
INSERT INTO `sys_dict` VALUES (5, 'login_status', '登录状态', '登录日志的记录状态', 0, 0, 1, '2020-07-28 10:04:05', 0, '2020-09-21 10:50:46');
INSERT INTO `sys_dict` VALUES (6, 'notice_type', '公告类型', '', 0, 0, 1, '2020-09-28 14:18:18', 0, '2020-09-28 14:18:18');
INSERT INTO `sys_dict` VALUES (7, 'banner_type', '轮播类型', '', 0, 0, 1, '2020-09-28 14:18:30', 0, '2020-09-28 14:18:30');
INSERT INTO `sys_dict` VALUES (8, 'feed_back_type', '意见反馈类型', '', 0, 0, 1, '2020-09-29 16:12:32', 0, '2020-09-29 16:12:32');
INSERT INTO `sys_dict` VALUES (9, 'news_type', '新闻资讯类别', '', 0, 0, 1, '2020-09-30 10:52:36', 0, '2020-09-30 10:52:36');
INSERT INTO `sys_dict` VALUES (10, 'role_status', '角色状态', '角色的禁/启用状态', 0, 0, 0, '2020-07-15 16:37:04', 0, '2020-10-21 11:36:29');
INSERT INTO `sys_dict` VALUES (11, 'quartz_data_status', '定时任务状态', '定时任务的禁/启用状态', 0, 0, 0, '2020-07-15 16:37:04', 0, '2020-10-21 11:36:29');
INSERT INTO `sys_dict` VALUES (12, 'dict_status', '数据字典状态', '数据字典的禁/启用状态', 0, 0, 0, '2020-07-15 16:37:04', 0, '2020-10-21 11:36:29');

-- ----------------------------
-- Table structure for sys_dict_detail
-- ----------------------------
DROP TABLE IF EXISTS `sys_dict_detail`;
CREATE TABLE `sys_dict_detail`  (
  `id` int(11) UNSIGNED NOT NULL AUTO_INCREMENT COMMENT '主键id',
  `dict_code` varchar(32) CHARACTER SET utf8mb4 COLLATE utf8mb4_general_ci NULL DEFAULT NULL COMMENT '字典编码',
  `code` varchar(32) CHARACTER SET utf8mb4 COLLATE utf8mb4_general_ci NULL DEFAULT NULL COMMENT '编号',
  `name` varchar(32) CHARACTER SET utf8mb4 COLLATE utf8mb4_general_ci NULL DEFAULT NULL COMMENT '名称',
  `create_user` int(11) NULL DEFAULT 0 COMMENT '创建者',
  `create_time` datetime(0) NULL DEFAULT CURRENT_TIMESTAMP(0) COMMENT '创建时间',
  `update_user` int(11) NULL DEFAULT 0 COMMENT '更新人',
  `update_time` datetime(0) NULL DEFAULT CURRENT_TIMESTAMP(0) ON UPDATE CURRENT_TIMESTAMP(0) COMMENT '更新时间',
  PRIMARY KEY (`id`) USING BTREE
) ENGINE = InnoDB AUTO_INCREMENT = 35 CHARACTER SET = utf8mb4 COLLATE = utf8mb4_general_ci COMMENT = '字典配置' ROW_FORMAT = Compact;

-- ----------------------------
-- Records of sys_dict_detail
-- ----------------------------
INSERT INTO `sys_dict_detail` VALUES (1, 'user_sex', '0', '未知', 0, '2020-09-21 10:49:43', 0, '2020-10-21 11:35:43');
INSERT INTO `sys_dict_detail` VALUES (2, 'user_sex', '1', '男', 0, '2020-09-21 10:49:43', 0, '2020-10-21 11:35:45');
INSERT INTO `sys_dict_detail` VALUES (3, 'user_sex', '2', '女', 0, '2020-09-21 10:49:43', 0, '2020-10-21 11:35:47');
INSERT INTO `sys_dict_detail` VALUES (4, 'user_status', '0', '正常', 0, '2020-09-21 10:49:43', 0, '2020-10-21 11:36:35');
INSERT INTO `sys_dict_detail` VALUES (5, 'user_status', '1', '禁用', 0, '2020-09-21 10:49:43', 0, '2020-10-21 11:36:36');
INSERT INTO `sys_dict_detail` VALUES (7, 'menu_type', '0', '目录', 0, '2020-09-21 10:49:43', 0, '2020-09-21 11:32:36');
INSERT INTO `sys_dict_detail` VALUES (8, 'menu_type', '1', '菜单', 0, '2020-09-21 10:49:43', 0, '2020-09-21 11:32:36');
INSERT INTO `sys_dict_detail` VALUES (9, 'menu_type', '2', '按钮', 0, '2020-09-21 10:49:43', 0, '2020-09-21 11:32:36');
INSERT INTO `sys_dict_detail` VALUES (10, 'quartz_status', '0', '启动', 0, '2020-09-21 10:49:43', 0, '2020-09-21 11:32:36');
INSERT INTO `sys_dict_detail` VALUES (11, 'quartz_status', '1', '停止', 0, '2020-09-21 10:49:43', 0, '2020-09-21 11:32:36');
INSERT INTO `sys_dict_detail` VALUES (12, 'login_status', '0', '成功', 0, '2020-09-21 10:49:43', 0, '2020-09-21 11:32:36');
INSERT INTO `sys_dict_detail` VALUES (13, 'login_status', '1', '失败', 0, '2020-09-21 10:49:43', 0, '2020-09-21 11:32:36');
INSERT INTO `sys_dict_detail` VALUES (14, 'banner_type', '0', '默认', 1, '2020-09-28 14:18:36', 0, '2020-09-28 14:18:36');
INSERT INTO `sys_dict_detail` VALUES (15, 'banner_type', '1', '指定内容', 1, '2020-09-28 14:18:42', 0, '2020-09-28 14:18:42');
INSERT INTO `sys_dict_detail` VALUES (16, 'banner_type', '2', '指定链接', 1, '2020-09-28 14:18:48', 0, '2020-09-28 14:18:48');
INSERT INTO `sys_dict_detail` VALUES (17, 'notice_type', '0', '默认', 1, '2020-09-28 14:18:57', 0, '2020-09-28 14:18:57');
INSERT INTO `sys_dict_detail` VALUES (18, 'notice_type', '1', '指定内容', 1, '2020-09-28 14:19:05', 0, '2020-09-28 14:19:05');
INSERT INTO `sys_dict_detail` VALUES (19, 'notice_type', '2', '指定链接', 1, '2020-09-28 14:19:11', 0, '2020-09-28 14:19:11');
INSERT INTO `sys_dict_detail` VALUES (20, 'feed_back_type', '0', '建议', 1, '2020-09-29 16:12:40', 0, '2020-09-29 16:12:40');
INSERT INTO `sys_dict_detail` VALUES (21, 'feed_back_type', '1', '投诉', 1, '2020-09-29 16:12:57', 0, '2020-09-29 16:12:57');
INSERT INTO `sys_dict_detail` VALUES (22, 'feed_back_type', '2', '支持', 1, '2020-09-29 16:13:03', 1, '2020-09-29 17:18:14');
INSERT INTO `sys_dict_detail` VALUES (23, 'feed_back_type', '3', '其它', 1, '2020-09-29 16:13:03', 1, '2020-09-29 16:13:09');
INSERT INTO `sys_dict_detail` VALUES (24, 'news_type', '0', '娱乐', 1, '2020-09-30 10:53:34', 0, '2020-09-30 10:53:34');
INSERT INTO `sys_dict_detail` VALUES (25, 'news_type', '1', '体育', 1, '2020-09-30 10:53:38', 0, '2020-09-30 10:53:38');
INSERT INTO `sys_dict_detail` VALUES (26, 'news_type', '2', '财经', 1, '2020-09-30 10:53:43', 0, '2020-09-30 10:53:43');
INSERT INTO `sys_dict_detail` VALUES (27, 'news_type', '3', '民生', 1, '2020-09-30 10:53:57', 1, '2020-09-30 11:32:54');
INSERT INTO `sys_dict_detail` VALUES (28, 'news_type', '4', '时政', 1, '2020-09-30 11:30:27', 0, '2020-09-30 11:30:27');
INSERT INTO `sys_dict_detail` VALUES (29, 'role_status', '0', '正常', 0, '2020-09-21 10:49:43', 0, '2020-10-21 11:37:20');
INSERT INTO `sys_dict_detail` VALUES (30, 'role_status', '1', '禁用', 0, '2020-09-21 10:49:43', 0, '2020-10-21 11:37:21');
INSERT INTO `sys_dict_detail` VALUES (31, 'quartz_data_status', '0', '正常', 0, '2020-09-21 10:49:43', 0, '2020-10-21 11:37:20');
INSERT INTO `sys_dict_detail` VALUES (32, 'quartz_data_status', '1', '禁用', 0, '2020-09-21 10:49:43', 0, '2020-10-21 16:11:02');
INSERT INTO `sys_dict_detail` VALUES (33, 'dict_status', '0', '正常', 0, '2020-09-21 10:49:43', 0, '2020-10-21 11:37:20');
INSERT INTO `sys_dict_detail` VALUES (34, 'dict_status', '1', '禁用', 0, '2020-09-21 10:49:43', 0, '2020-10-21 16:17:57');

-- ----------------------------
-- Table structure for sys_handle_log
-- ----------------------------
DROP TABLE IF EXISTS `sys_handle_log`;
CREATE TABLE `sys_handle_log`  (
  `id` int(11) UNSIGNED NOT NULL AUTO_INCREMENT,
  `model` varchar(32) CHARACTER SET utf8mb4 COLLATE utf8mb4_general_ci NULL DEFAULT NULL COMMENT '操作模块',
  `url` varchar(255) CHARACTER SET utf8mb4 COLLATE utf8mb4_general_ci NULL DEFAULT NULL COMMENT '请求地址',
  `param` varchar(255) CHARACTER SET utf8mb4 COLLATE utf8mb4_general_ci NULL DEFAULT NULL COMMENT '携带参数',
  `ip` varchar(255) CHARACTER SET utf8mb4 COLLATE utf8mb4_general_ci NULL DEFAULT NULL COMMENT '用户ip',
  `location` varchar(32) CHARACTER SET utf8mb4 COLLATE utf8mb4_general_ci NULL DEFAULT NULL COMMENT '位置',
  `spend_time` int(11) NULL DEFAULT 0 COMMENT '耗时',
  `create_user` int(11) NULL DEFAULT 0 COMMENT '创建者',
  `create_time` datetime(0) NULL DEFAULT CURRENT_TIMESTAMP(0) COMMENT '创建时间',
  PRIMARY KEY (`id`) USING BTREE
) ENGINE = InnoDB AUTO_INCREMENT = 6 CHARACTER SET = utf8mb4 COLLATE = utf8mb4_general_ci ROW_FORMAT = Compact;

-- ----------------------------
-- Records of sys_handle_log
-- ----------------------------
INSERT INTO `sys_handle_log` VALUES (1, '用户登录', '/doLogin', '[15286779044, 123456, m87g, false, org.apache.shiro.web.servlet.ShiroHttpServletRequest@5053eb5]', '0:0:0:0:0:0:0:1', NULL, 5, 1, '2020-08-31 16:46:32');
INSERT INTO `sys_handle_log` VALUES (2, '用户登录', '/doLogin', '[15286779044, 123456, 4epe, false, org.apache.shiro.web.servlet.ShiroHttpServletRequest@57c629c7]', '0:0:0:0:0:0:0:1', NULL, 15413, 1, '2020-08-31 16:47:05');
INSERT INTO `sys_handle_log` VALUES (3, '用户登录', '/doLogin', '[15286779044, 123456, n3fx, false, org.apache.shiro.web.servlet.ShiroHttpServletRequest@7d6b187f]', '0:0:0:0:0:0:0:1', NULL, 400, 1, '2020-08-31 16:50:17');
INSERT INTO `sys_handle_log` VALUES (4, '用户登录', '/doLogin', '[15286779044, 123456, g3ma, false, org.apache.shiro.web.servlet.ShiroHttpServletRequest@5741fd8f]', '0:0:0:0:0:0:0:1', '获取位置失败', 0, 1, '2020-08-31 16:56:33');
INSERT INTO `sys_handle_log` VALUES (5, '用户登录', '/doLogin', '[15286779044, 123456, myc8, false, org.apache.shiro.web.servlet.ShiroHttpServletRequest@7a7a2ad4]', '0:0:0:0:0:0:0:1', '获取位置失败', 444, 1, '2020-08-31 16:56:39');

-- ----------------------------
-- Table structure for sys_login_log
-- ----------------------------
DROP TABLE IF EXISTS `sys_login_log`;
CREATE TABLE `sys_login_log`  (
  `id` int(11) UNSIGNED NOT NULL AUTO_INCREMENT COMMENT '主键id',
  `ip` varchar(16) CHARACTER SET utf8mb4 COLLATE utf8mb4_general_ci NULL DEFAULT NULL COMMENT 'IP地址',
  `descript` varchar(32) CHARACTER SET utf8 COLLATE utf8_general_ci NULL DEFAULT NULL COMMENT '内容',
  `status` tinyint(4) NULL DEFAULT 0 COMMENT '状态（0--成功1--失败）',
  `location` varchar(32) CHARACTER SET utf8mb4 COLLATE utf8mb4_general_ci NULL DEFAULT NULL COMMENT '位置',
  `account` varchar(32) CHARACTER SET utf8mb4 COLLATE utf8mb4_general_ci NULL DEFAULT NULL COMMENT '账号',
  `create_time` datetime(0) NULL DEFAULT CURRENT_TIMESTAMP(0) COMMENT '创建时间',
  PRIMARY KEY (`id`) USING BTREE
) ENGINE = InnoDB AUTO_INCREMENT = 1381 CHARACTER SET = utf8mb4 COLLATE = utf8mb4_general_ci COMMENT = '登录日志' ROW_FORMAT = Compact;

-- ----------------------------
-- Records of sys_login_log
-- ----------------------------
INSERT INTO `sys_login_log` VALUES (1, '0:0:0:0:0:0:0:1', '密码不正确', 1, NULL, '0', '2020-07-28 11:27:14');
INSERT INTO `sys_login_log` VALUES (2, '0:0:0:0:0:0:0:1', '账户不存在', 1, NULL, '0', '2020-07-28 11:27:34');
INSERT INTO `sys_login_log` VALUES (3, '0:0:0:0:0:0:0:1', '用户登录成功', 0, NULL, '0', '2020-07-28 11:27:42');
INSERT INTO `sys_login_log` VALUES (4, '127.0.0.1', '用户登录成功', 0, NULL, '0', '2020-07-28 11:32:26');
INSERT INTO `sys_login_log` VALUES (5, '0:0:0:0:0:0:0:1', '用户登录成功', 0, NULL, '0', '2020-07-28 11:34:47');
INSERT INTO `sys_login_log` VALUES (6, '0:0:0:0:0:0:0:1', '用户登录成功', 0, NULL, '0', '2020-07-28 11:42:24');
INSERT INTO `sys_login_log` VALUES (7, '0:0:0:0:0:0:0:1', '登录密码不正确', 1, NULL, '0', '2020-07-28 11:42:50');
INSERT INTO `sys_login_log` VALUES (8, '0:0:0:0:0:0:0:1', '用户登录成功', 0, NULL, '0', '2020-07-28 11:42:59');
INSERT INTO `sys_login_log` VALUES (9, '58.16.58.87', '用户登录成功', 0, NULL, '0', '2020-07-28 11:50:21');
INSERT INTO `sys_login_log` VALUES (10, '58.16.58.87', '用户登录成功', 0, NULL, '0', '2020-07-28 13:58:40');
INSERT INTO `sys_login_log` VALUES (11, '0:0:0:0:0:0:0:1', '用户登录成功', 0, NULL, '0', '2020-07-28 14:04:37');
INSERT INTO `sys_login_log` VALUES (12, '0:0:0:0:0:0:0:1', '用户登录成功', 0, NULL, '0', '2020-07-28 15:24:04');
INSERT INTO `sys_login_log` VALUES (13, '0:0:0:0:0:0:0:1', '用户登录成功', 0, NULL, '0', '2020-07-28 15:31:16');
INSERT INTO `sys_login_log` VALUES (14, '0:0:0:0:0:0:0:1', '登录密码不正确', 1, NULL, '0', '2020-07-28 15:31:40');
INSERT INTO `sys_login_log` VALUES (15, '0:0:0:0:0:0:0:1', '用户登录成功', 0, NULL, '0', '2020-07-28 15:31:49');
INSERT INTO `sys_login_log` VALUES (16, '0:0:0:0:0:0:0:1', '登录密码不正确', 1, NULL, '0', '2020-07-28 15:32:17');
INSERT INTO `sys_login_log` VALUES (17, '0:0:0:0:0:0:0:1', '用户登录成功', 0, NULL, '0', '2020-07-28 15:32:24');
INSERT INTO `sys_login_log` VALUES (18, '58.16.58.87', '用户登录成功', 0, NULL, '0', '2020-07-28 15:39:52');
INSERT INTO `sys_login_log` VALUES (19, '58.16.58.87', '用户登录成功', 0, NULL, '0', '2020-07-28 16:25:11');
INSERT INTO `sys_login_log` VALUES (20, '58.16.58.87', '用户登录成功', 0, NULL, '0', '2020-07-28 16:35:46');
INSERT INTO `sys_login_log` VALUES (21, '58.16.58.87', '用户登录成功', 0, '贵州省贵阳市 联通', '0', '2020-07-28 17:13:18');
INSERT INTO `sys_login_log` VALUES (22, '58.16.58.87', '用户登录成功', 0, '贵州省贵阳市 联通', '0', '2020-07-28 17:17:54');
INSERT INTO `sys_login_log` VALUES (23, '183.67.51.152', '用户登录成功', 0, '重庆市重庆市 电信', '0', '2020-07-28 17:19:14');
INSERT INTO `sys_login_log` VALUES (24, '220.197.185.79', '用户登录成功', 0, '贵州省贵阳市 联通', '0', '2020-07-28 20:07:52');
INSERT INTO `sys_login_log` VALUES (25, '220.197.185.79', '用户登录成功', 0, '贵州省贵阳市 联通', '0', '2020-07-28 22:37:38');
INSERT INTO `sys_login_log` VALUES (26, '58.16.58.87', '用户登录成功', 0, '贵州省贵阳市 联通', '0', '2020-07-29 11:26:23');
INSERT INTO `sys_login_log` VALUES (27, '127.0.0.1', '用户登录成功', 0, '局域网，无法获取位置', '0', '2020-07-29 16:33:07');
INSERT INTO `sys_login_log` VALUES (28, '58.16.58.87', '用户登录成功', 0, '贵州省贵阳市 联通', '0', '2020-07-31 13:08:57');
INSERT INTO `sys_login_log` VALUES (29, '58.16.58.87', '用户登录成功', 0, '贵州省贵阳市 联通', '0', '2020-07-31 13:55:41');
INSERT INTO `sys_login_log` VALUES (30, '58.16.58.87', '用户登录成功', 0, '贵州省贵阳市 联通', '0', '2020-07-31 15:53:08');
INSERT INTO `sys_login_log` VALUES (31, '127.0.0.1', '用户登录成功', 0, '局域网，无法获取位置', '0', '2020-07-31 15:57:24');
INSERT INTO `sys_login_log` VALUES (32, '58.16.58.87', '用户登录成功', 0, '贵州省贵阳市 联通', '0', '2020-07-31 17:46:09');
INSERT INTO `sys_login_log` VALUES (33, '111.85.26.183', '用户登录成功', 0, '贵州省贵阳市 联通', '0', '2020-07-31 23:39:30');
INSERT INTO `sys_login_log` VALUES (34, '223.104.94.250', '用户登录成功', 0, '贵州省 移动', '0', '2020-08-01 09:57:17');
INSERT INTO `sys_login_log` VALUES (35, '127.0.0.1', '用户登录成功', 0, '局域网，无法获取位置', '0', '2020-08-03 10:12:00');
INSERT INTO `sys_login_log` VALUES (36, '127.0.0.1', '用户登录成功', 0, '局域网，无法获取位置', '0', '2020-08-03 10:35:49');
INSERT INTO `sys_login_log` VALUES (37, '58.16.58.87', '用户登录成功', 0, '贵州省贵阳市 联通', '0', '2020-08-03 10:55:14');
INSERT INTO `sys_login_log` VALUES (38, '58.16.58.87', '用户登录成功', 0, '贵州省贵阳市 联通', '0', '2020-08-03 13:08:33');
INSERT INTO `sys_login_log` VALUES (39, '58.16.58.87', '用户登录成功', 0, '贵州省贵阳市 联通', '0', '2020-08-03 13:30:27');
INSERT INTO `sys_login_log` VALUES (40, '127.0.0.1', '用户登录成功', 0, '局域网，无法获取位置', '0', '2020-08-03 16:24:52');
INSERT INTO `sys_login_log` VALUES (41, '127.0.0.1', '用户登录成功', 0, '局域网，无法获取位置', '0', '2020-08-03 17:18:38');
INSERT INTO `sys_login_log` VALUES (42, '127.0.0.1', '用户登录成功', 0, '局域网，无法获取位置', '0', '2020-08-03 17:21:49');
INSERT INTO `sys_login_log` VALUES (43, '127.0.0.1', '用户登录成功', 0, '局域网，无法获取位置', '0', '2020-08-03 17:26:19');
INSERT INTO `sys_login_log` VALUES (44, '127.0.0.1', '用户登录成功', 0, '局域网，无法获取位置', '0', '2020-08-03 17:27:15');
INSERT INTO `sys_login_log` VALUES (45, '58.16.58.87', '用户登录成功', 0, '贵州省贵阳市 联通', '0', '2020-08-03 17:44:01');
INSERT INTO `sys_login_log` VALUES (46, '127.0.0.1', '用户登录成功', 0, '局域网，无法获取位置', '0', '2020-08-03 22:50:47');
INSERT INTO `sys_login_log` VALUES (47, '220.197.189.222', '用户登录成功', 0, '贵州省贵阳市 联通', '0', '2020-08-03 22:52:46');
INSERT INTO `sys_login_log` VALUES (48, '58.16.58.87', '用户登录成功', 0, '贵州省贵阳市 联通', '0', '2020-08-04 09:53:53');
INSERT INTO `sys_login_log` VALUES (49, '221.13.1.13', '用户登录成功', 0, '贵州省 联通', '0', '2020-08-04 11:33:44');
INSERT INTO `sys_login_log` VALUES (50, '218.201.194.152', '用户登录成功', 0, '贵州省贵阳市 移动', '0', '2020-08-04 11:33:45');
INSERT INTO `sys_login_log` VALUES (51, '222.85.243.161', '用户登录成功', 0, '贵州省贵阳市 电信', '0', '2020-08-04 11:34:12');
INSERT INTO `sys_login_log` VALUES (52, '58.16.58.87', '用户登录成功', 0, '贵州省贵阳市 联通', '0', '2020-08-04 11:40:36');
INSERT INTO `sys_login_log` VALUES (53, '220.191.37.83', '用户登录成功', 0, '浙江省杭州市 电信', '0', '2020-08-04 15:03:32');
INSERT INTO `sys_login_log` VALUES (54, '220.197.189.222', '用户登录成功', 0, '贵州省贵阳市 联通', '0', '2020-08-04 21:11:13');
INSERT INTO `sys_login_log` VALUES (55, '58.16.58.87', '用户登录成功', 0, '贵州省贵阳市 联通', '0', '2020-08-05 10:07:21');
INSERT INTO `sys_login_log` VALUES (56, '127.0.0.1', '用户登录成功', 0, '局域网，无法获取位置', '0', '2020-08-05 17:04:49');
INSERT INTO `sys_login_log` VALUES (57, '220.197.188.134', '用户登录成功', 0, '贵州省贵阳市 联通', '0', '2020-08-05 20:16:20');
INSERT INTO `sys_login_log` VALUES (58, '127.0.0.1', '用户登录成功', 0, '局域网，无法获取位置', '0', '2020-08-05 20:26:55');
INSERT INTO `sys_login_log` VALUES (59, '127.0.0.1', '用户登录成功', 0, '局域网，无法获取位置', '0', '2020-08-06 10:31:41');
INSERT INTO `sys_login_log` VALUES (60, '127.0.0.1', '用户登录成功', 0, '局域网，无法获取位置', '0', '2020-08-06 14:21:45');
INSERT INTO `sys_login_log` VALUES (61, '127.0.0.1', '用户登录成功', 0, '局域网，无法获取位置', '0', '2020-08-07 15:41:46');
INSERT INTO `sys_login_log` VALUES (62, '220.197.183.123', '用户登录成功', 0, '贵州省贵阳市 联通', '0', '2020-08-09 09:49:45');
INSERT INTO `sys_login_log` VALUES (63, '127.0.0.1', '用户登录成功', 0, '局域网，无法获取位置', '0', '2020-08-10 15:54:47');
INSERT INTO `sys_login_log` VALUES (64, '58.16.58.87', '用户登录成功', 0, '贵州省贵阳市 联通', '0', '2020-08-11 14:55:24');
INSERT INTO `sys_login_log` VALUES (65, '127.0.0.1', '用户登录成功', 0, '局域网，无法获取位置', '0', '2020-08-11 15:01:55');
INSERT INTO `sys_login_log` VALUES (66, '127.0.0.1', '用户登录成功', 0, '局域网，无法获取位置', '0', '2020-08-11 15:03:54');
INSERT INTO `sys_login_log` VALUES (67, '127.0.0.1', '用户登录成功', 0, '局域网，无法获取位置', '0', '2020-08-11 17:03:08');
INSERT INTO `sys_login_log` VALUES (68, '127.0.0.1', '用户登录成功', 0, '局域网，无法获取位置', '0', '2020-08-11 17:43:24');
INSERT INTO `sys_login_log` VALUES (69, '127.0.0.1', '用户登录成功', 0, '局域网，无法获取位置', '0', '2020-08-11 23:35:04');
INSERT INTO `sys_login_log` VALUES (70, '220.197.183.250', '用户登录成功', 0, '贵州省贵阳市 联通', '0', '2020-08-11 23:56:54');
INSERT INTO `sys_login_log` VALUES (71, '58.16.58.87', '用户登录成功', 0, '贵州省贵阳市 联通', '0', '2020-08-12 09:46:40');
INSERT INTO `sys_login_log` VALUES (72, '58.16.58.87', '用户登录成功', 0, '贵州省贵阳市 联通', '0', '2020-08-12 12:18:32');
INSERT INTO `sys_login_log` VALUES (73, '127.0.0.1', '用户登录成功', 0, '局域网，无法获取位置', '0', '2020-08-12 16:02:13');
INSERT INTO `sys_login_log` VALUES (74, '127.0.0.1', '用户登录成功', 0, '局域网，无法获取位置', '0', '2020-08-12 16:06:35');
INSERT INTO `sys_login_log` VALUES (75, '127.0.0.1', '用户登录成功', 0, '局域网，无法获取位置', '0', '2020-08-14 15:41:30');
INSERT INTO `sys_login_log` VALUES (76, '127.0.0.1', '用户登录成功', 0, '局域网，无法获取位置', '0', '2020-08-14 16:38:31');
INSERT INTO `sys_login_log` VALUES (77, '127.0.0.1', '用户登录成功', 0, '局域网，无法获取位置', '0', '2020-08-17 17:52:49');
INSERT INTO `sys_login_log` VALUES (78, '127.0.0.1', '用户登录成功', 0, '局域网，无法获取位置', '0', '2020-08-18 09:49:59');
INSERT INTO `sys_login_log` VALUES (79, '127.0.0.1', '用户登录成功', 0, '局域网，无法获取位置', '0', '2020-08-31 16:40:07');
INSERT INTO `sys_login_log` VALUES (80, '127.0.0.1', '用户登录成功', 0, '局域网，无法获取位置', '0', '2020-08-31 16:44:41');
INSERT INTO `sys_login_log` VALUES (81, '127.0.0.1', '用户登录成功', 0, '局域网，无法获取位置', '0', '2020-08-31 16:46:54');
INSERT INTO `sys_login_log` VALUES (82, '127.0.0.1', '用户登录成功', 0, '局域网，无法获取位置', '0', '2020-08-31 16:50:13');
INSERT INTO `sys_login_log` VALUES (83, '127.0.0.1', '用户登录成功', 0, '局域网，无法获取位置', '0', '2020-08-31 16:51:42');
INSERT INTO `sys_login_log` VALUES (84, '127.0.0.1', '用户登录成功', 0, '局域网，无法获取位置', '0', '2020-08-31 16:54:50');
INSERT INTO `sys_login_log` VALUES (85, '0:0:0:0:0:0:0:1', '用户登录成功', 0, '获取位置失败', '0', '2020-08-31 16:56:38');
INSERT INTO `sys_login_log` VALUES (86, '0:0:0:0:0:0:0:1', '用户登录成功', 0, '获取位置失败', '0', '2020-08-31 17:15:14');
INSERT INTO `sys_login_log` VALUES (87, '0:0:0:0:0:0:0:1', '用户登录成功', 0, '获取位置失败', '0', '2020-08-31 17:17:19');
INSERT INTO `sys_login_log` VALUES (88, '0:0:0:0:0:0:0:1', '用户登录成功', 0, '获取位置失败', '0', '2020-09-01 10:21:33');
INSERT INTO `sys_login_log` VALUES (89, '0:0:0:0:0:0:0:1', '用户登录成功', 0, '获取位置失败', '0', '2020-09-01 10:32:15');
INSERT INTO `sys_login_log` VALUES (90, '0:0:0:0:0:0:0:1', '用户登录成功', 0, '获取位置失败', '0', '2020-09-01 10:34:48');
INSERT INTO `sys_login_log` VALUES (91, '0:0:0:0:0:0:0:1', '用户登录成功', 0, '获取位置失败', '0', '2020-09-01 10:35:18');
INSERT INTO `sys_login_log` VALUES (92, '0:0:0:0:0:0:0:1', '用户登录成功', 0, '获取位置失败', '0', '2020-09-01 10:35:52');
INSERT INTO `sys_login_log` VALUES (93, '0:0:0:0:0:0:0:1', '用户登录成功', 0, '获取位置失败', '0', '2020-09-01 10:36:27');
INSERT INTO `sys_login_log` VALUES (94, '0:0:0:0:0:0:0:1', '用户登录成功', 0, '获取位置失败', '0', '2020-09-02 10:53:56');
INSERT INTO `sys_login_log` VALUES (95, '0:0:0:0:0:0:0:1', '用户登录成功', 0, '获取位置失败', '0', '2020-09-02 11:00:48');
INSERT INTO `sys_login_log` VALUES (96, '0:0:0:0:0:0:0:1', '用户登录成功', 0, '获取位置失败', '0', '2020-09-03 17:03:26');
INSERT INTO `sys_login_log` VALUES (97, '0:0:0:0:0:0:0:1', '用户登录成功', 0, '获取位置失败', '0', '2020-09-03 17:10:49');
INSERT INTO `sys_login_log` VALUES (98, '0:0:0:0:0:0:0:1', '用户登录成功', 0, '获取位置失败', '0', '2020-09-03 17:24:41');
INSERT INTO `sys_login_log` VALUES (99, '0:0:0:0:0:0:0:1', '用户登录成功', 0, '获取位置失败', '0', '2020-09-03 17:44:16');
INSERT INTO `sys_login_log` VALUES (100, '0:0:0:0:0:0:0:1', '用户登录成功', 0, '获取位置失败', '0', '2020-09-03 17:45:22');
INSERT INTO `sys_login_log` VALUES (101, '0:0:0:0:0:0:0:1', '用户登录成功', 0, '获取位置失败', '0', '2020-09-03 17:50:51');
INSERT INTO `sys_login_log` VALUES (102, '0:0:0:0:0:0:0:1', '用户登录成功', 0, '获取位置失败', '0', '2020-09-03 17:54:27');
INSERT INTO `sys_login_log` VALUES (103, '0:0:0:0:0:0:0:1', '用户登录成功', 0, '获取位置失败', '0', '2020-09-03 17:55:19');
INSERT INTO `sys_login_log` VALUES (104, '0:0:0:0:0:0:0:1', '用户登录成功', 0, '获取位置失败', '0', '2020-09-03 18:14:45');
INSERT INTO `sys_login_log` VALUES (105, '0:0:0:0:0:0:0:1', '用户登录成功', 0, '获取位置失败', '0', '2020-09-03 18:19:51');
INSERT INTO `sys_login_log` VALUES (106, '0:0:0:0:0:0:0:1', '用户登录成功', 0, '获取位置失败', '0', '2020-09-03 18:32:18');
INSERT INTO `sys_login_log` VALUES (107, '0:0:0:0:0:0:0:1', '用户登录成功', 0, '获取位置失败', '0', '2020-09-03 20:53:55');
INSERT INTO `sys_login_log` VALUES (108, '220.197.183.88', '登录账户不存在', 1, '贵州省贵阳市南明区 联通', '0', '2020-09-03 21:03:52');
INSERT INTO `sys_login_log` VALUES (109, '220.197.183.88', '用户登录成功', 0, '贵州省贵阳市 联通', '0', '2020-09-03 21:04:05');
INSERT INTO `sys_login_log` VALUES (110, '127.0.0.1', '登录账户不存在', 1, '局域网，无法获取位置', '0', '2020-09-04 14:37:07');
INSERT INTO `sys_login_log` VALUES (111, '127.0.0.1', '登录账户不存在', 1, '局域网，无法获取位置', '0', '2020-09-04 14:37:23');
INSERT INTO `sys_login_log` VALUES (112, '127.0.0.1', '登录账户不存在', 1, '局域网，无法获取位置', '0', '2020-09-04 15:33:49');
INSERT INTO `sys_login_log` VALUES (113, '127.0.0.1', '用户登录成功', 0, '局域网，无法获取位置', '0', '2020-09-04 15:33:56');
INSERT INTO `sys_login_log` VALUES (114, '127.0.0.1', '用户登录成功', 0, '局域网，无法获取位置', '0', '2020-09-04 19:46:57');
INSERT INTO `sys_login_log` VALUES (115, '127.0.0.1', '用户登录成功', 0, '局域网，无法获取位置', '0', '2020-09-04 20:40:21');
INSERT INTO `sys_login_log` VALUES (116, '0:0:0:0:0:0:0:1', '登录账户不存在', 1, '获取位置失败', '0', '2020-09-04 20:45:59');
INSERT INTO `sys_login_log` VALUES (117, '0:0:0:0:0:0:0:1', '用户登录成功', 0, '获取位置失败', '0', '2020-09-04 20:46:52');
INSERT INTO `sys_login_log` VALUES (118, '0:0:0:0:0:0:0:1', '用户登录成功', 0, '获取位置失败', '0', '2020-09-04 20:56:05');
INSERT INTO `sys_login_log` VALUES (119, '127.0.0.1', '登录账户不存在', 1, '局域网，无法获取位置', '0', '2020-09-05 01:54:28');
INSERT INTO `sys_login_log` VALUES (120, '127.0.0.1', '用户登录成功', 0, '局域网，无法获取位置', '0', '2020-09-05 09:42:14');
INSERT INTO `sys_login_log` VALUES (121, '220.197.188.53', '用户登录成功', 0, '贵州省贵阳市 联通', '0', '2020-09-05 09:43:59');
INSERT INTO `sys_login_log` VALUES (122, '127.0.0.1', '用户登录成功', 0, '局域网，无法获取位置', '0', '2020-09-05 09:48:15');
INSERT INTO `sys_login_log` VALUES (123, '127.0.0.1', '登录账户不存在', 1, '局域网，无法获取位置', '0', '2020-09-05 10:43:09');
INSERT INTO `sys_login_log` VALUES (124, '127.0.0.1', '登录账户不存在', 1, '局域网，无法获取位置', '0', '2020-09-05 10:44:16');
INSERT INTO `sys_login_log` VALUES (125, '127.0.0.1', '登录账户不存在', 1, '局域网，无法获取位置', '0', '2020-09-05 10:44:24');
INSERT INTO `sys_login_log` VALUES (126, '127.0.0.1', '登录账户不存在', 1, '局域网，无法获取位置', '0', '2020-09-05 13:33:49');
INSERT INTO `sys_login_log` VALUES (127, '127.0.0.1', '登录账户不存在', 1, '局域网，无法获取位置', '0', '2020-09-05 13:33:54');
INSERT INTO `sys_login_log` VALUES (128, '127.0.0.1', '用户登录成功', 0, '局域网，无法获取位置', '0', '2020-09-05 19:20:16');
INSERT INTO `sys_login_log` VALUES (129, '127.0.0.1', '登录账户不存在', 1, '局域网，无法获取位置', '0', '2020-09-06 14:55:51');
INSERT INTO `sys_login_log` VALUES (130, '127.0.0.1', '登录账户不存在', 1, '局域网，无法获取位置', '0', '2020-09-06 14:56:31');
INSERT INTO `sys_login_log` VALUES (131, '127.0.0.1', '登录账户不存在', 1, '局域网，无法获取位置', '0', '2020-09-06 14:56:58');
INSERT INTO `sys_login_log` VALUES (132, '127.0.0.1', '登录账户不存在', 1, '局域网，无法获取位置', '0', '2020-09-06 18:00:02');
INSERT INTO `sys_login_log` VALUES (133, '127.0.0.1', '登录账户不存在', 1, '局域网，无法获取位置', '0', '2020-09-06 18:00:18');
INSERT INTO `sys_login_log` VALUES (134, '0:0:0:0:0:0:0:1', '用户登录成功', 0, '获取位置失败', '0', '2020-09-06 19:07:43');
INSERT INTO `sys_login_log` VALUES (135, '0:0:0:0:0:0:0:1', '用户登录成功', 0, '获取位置失败', '0', '2020-09-06 19:25:10');
INSERT INTO `sys_login_log` VALUES (136, '0:0:0:0:0:0:0:1', '用户登录成功', 0, '获取位置失败', '0', '2020-09-06 19:44:34');
INSERT INTO `sys_login_log` VALUES (137, '127.0.0.1', '登录账户不存在', 1, '局域网，无法获取位置', '0', '2020-09-06 20:42:46');
INSERT INTO `sys_login_log` VALUES (138, '127.0.0.1', '登录账户不存在', 1, '局域网，无法获取位置', '0', '2020-09-06 20:43:20');
INSERT INTO `sys_login_log` VALUES (139, '127.0.0.1', '登录账户不存在', 1, '局域网，无法获取位置', '0', '2020-09-07 08:11:07');
INSERT INTO `sys_login_log` VALUES (140, '127.0.0.1', '登录账户不存在', 1, '局域网，无法获取位置', '0', '2020-09-07 09:14:50');
INSERT INTO `sys_login_log` VALUES (141, '127.0.0.1', '登录账户不存在', 1, '局域网，无法获取位置', '0', '2020-09-07 09:15:16');
INSERT INTO `sys_login_log` VALUES (142, '127.0.0.1', '登录账户不存在', 1, '局域网，无法获取位置', '0', '2020-09-07 09:15:24');
INSERT INTO `sys_login_log` VALUES (143, '127.0.0.1', '登录账户不存在', 1, '局域网，无法获取位置', '0', '2020-09-07 09:15:32');
INSERT INTO `sys_login_log` VALUES (144, '127.0.0.1', '登录账户不存在', 1, '局域网，无法获取位置', '0', '2020-09-07 09:15:38');
INSERT INTO `sys_login_log` VALUES (145, '127.0.0.1', '登录账户不存在', 1, '局域网，无法获取位置', '0', '2020-09-07 09:15:47');
INSERT INTO `sys_login_log` VALUES (146, '127.0.0.1', '登录账户不存在', 1, '局域网，无法获取位置', '0', '2020-09-07 10:33:08');
INSERT INTO `sys_login_log` VALUES (147, '127.0.0.1', '登录账户不存在', 1, '局域网，无法获取位置', '0', '2020-09-07 10:35:05');
INSERT INTO `sys_login_log` VALUES (148, '127.0.0.1', '登录账户不存在', 1, '局域网，无法获取位置', '0', '2020-09-07 10:35:24');
INSERT INTO `sys_login_log` VALUES (149, '127.0.0.1', '登录账户不存在', 1, '局域网，无法获取位置', '0', '2020-09-07 13:57:58');
INSERT INTO `sys_login_log` VALUES (150, '127.0.0.1', '登录账户不存在', 1, '局域网，无法获取位置', '0', '2020-09-07 13:58:18');
INSERT INTO `sys_login_log` VALUES (151, '127.0.0.1', '登录账户不存在', 1, '局域网，无法获取位置', '0', '2020-09-07 13:58:25');
INSERT INTO `sys_login_log` VALUES (152, '127.0.0.1', '登录账户不存在', 1, '局域网，无法获取位置', '0', '2020-09-07 13:59:04');
INSERT INTO `sys_login_log` VALUES (153, '127.0.0.1', '登录账户不存在', 1, '局域网，无法获取位置', '0', '2020-09-07 14:08:54');
INSERT INTO `sys_login_log` VALUES (154, '127.0.0.1', '登录账户不存在', 1, '局域网，无法获取位置', '0', '2020-09-07 14:09:16');
INSERT INTO `sys_login_log` VALUES (155, '127.0.0.1', '登录账户不存在', 1, '局域网，无法获取位置', '0', '2020-09-07 15:06:00');
INSERT INTO `sys_login_log` VALUES (156, '127.0.0.1', '登录账户不存在', 1, '局域网，无法获取位置', '0', '2020-09-07 15:06:56');
INSERT INTO `sys_login_log` VALUES (157, '127.0.0.1', '登录账户不存在', 1, '局域网，无法获取位置', '0', '2020-09-07 15:07:10');
INSERT INTO `sys_login_log` VALUES (158, '127.0.0.1', '登录账户不存在', 1, '局域网，无法获取位置', '0', '2020-09-07 15:07:32');
INSERT INTO `sys_login_log` VALUES (159, '127.0.0.1', '登录账户不存在', 1, '局域网，无法获取位置', '0', '2020-09-07 18:42:20');
INSERT INTO `sys_login_log` VALUES (160, '127.0.0.1', '登录账户不存在', 1, '局域网，无法获取位置', '0', '2020-09-07 18:42:27');
INSERT INTO `sys_login_log` VALUES (161, '127.0.0.1', '登录账户不存在', 1, '局域网，无法获取位置', '0', '2020-09-08 00:58:35');
INSERT INTO `sys_login_log` VALUES (162, '127.0.0.1', '登录账户不存在', 1, '局域网，无法获取位置', '0', '2020-09-08 00:59:13');
INSERT INTO `sys_login_log` VALUES (163, '127.0.0.1', '登录账户不存在', 1, '局域网，无法获取位置', '0', '2020-09-08 07:05:05');
INSERT INTO `sys_login_log` VALUES (164, '127.0.0.1', '登录账户不存在', 1, '局域网，无法获取位置', '0', '2020-09-08 07:43:09');
INSERT INTO `sys_login_log` VALUES (165, '127.0.0.1', '登录账户不存在', 1, '局域网，无法获取位置', '0', '2020-09-08 07:43:26');
INSERT INTO `sys_login_log` VALUES (166, '127.0.0.1', '登录账户不存在', 1, '局域网，无法获取位置', '0', '2020-09-08 08:10:47');
INSERT INTO `sys_login_log` VALUES (167, '127.0.0.1', '登录账户不存在', 1, '局域网，无法获取位置', '0', '2020-09-08 08:11:30');
INSERT INTO `sys_login_log` VALUES (168, '127.0.0.1', '登录账户不存在', 1, '局域网，无法获取位置', '0', '2020-09-08 08:11:38');
INSERT INTO `sys_login_log` VALUES (169, '127.0.0.1', '登录账户不存在', 1, '局域网，无法获取位置', '0', '2020-09-08 08:21:15');
INSERT INTO `sys_login_log` VALUES (170, '127.0.0.1', '登录账户不存在', 1, '局域网，无法获取位置', '0', '2020-09-08 08:21:27');
INSERT INTO `sys_login_log` VALUES (171, '10.151.110.105', '登录账户不存在', 1, '本地局域网', '0', '2020-09-08 08:21:28');
INSERT INTO `sys_login_log` VALUES (172, '10.151.110.105', '登录账户不存在', 1, '本地局域网', '0', '2020-09-08 08:21:51');
INSERT INTO `sys_login_log` VALUES (173, '127.0.0.1', '登录账户不存在', 1, '局域网，无法获取位置', '0', '2020-09-08 08:23:08');
INSERT INTO `sys_login_log` VALUES (174, '127.0.0.1', '登录账户不存在', 1, '局域网，无法获取位置', '0', '2020-09-08 08:23:27');
INSERT INTO `sys_login_log` VALUES (175, '127.0.0.1', '登录账户不存在', 1, '局域网，无法获取位置', '0', '2020-09-08 08:23:45');
INSERT INTO `sys_login_log` VALUES (176, '127.0.0.1', '登录账户不存在', 1, '局域网，无法获取位置', '0', '2020-09-08 08:37:38');
INSERT INTO `sys_login_log` VALUES (177, '127.0.0.1', '登录账户不存在', 1, '局域网，无法获取位置', '0', '2020-09-08 08:38:06');
INSERT INTO `sys_login_log` VALUES (178, '127.0.0.1', '登录账户不存在', 1, '局域网，无法获取位置', '0', '2020-09-08 08:39:32');
INSERT INTO `sys_login_log` VALUES (179, '127.0.0.1', '登录账户不存在', 1, '局域网，无法获取位置', '0', '2020-09-08 08:39:56');
INSERT INTO `sys_login_log` VALUES (180, '127.0.0.1', '登录账户不存在', 1, '局域网，无法获取位置', '0', '2020-09-08 08:41:29');
INSERT INTO `sys_login_log` VALUES (181, '127.0.0.1', '登录账户不存在', 1, '局域网，无法获取位置', '0', '2020-09-08 08:54:55');
INSERT INTO `sys_login_log` VALUES (182, '127.0.0.1', '登录账户不存在', 1, '局域网，无法获取位置', '0', '2020-09-08 09:11:57');
INSERT INTO `sys_login_log` VALUES (183, '127.0.0.1', '登录账户不存在', 1, '局域网，无法获取位置', '0', '2020-09-08 09:12:21');
INSERT INTO `sys_login_log` VALUES (184, '127.0.0.1', '登录账户不存在', 1, '局域网，无法获取位置', '0', '2020-09-08 09:14:50');
INSERT INTO `sys_login_log` VALUES (185, '127.0.0.1', '登录账户不存在', 1, '局域网，无法获取位置', '0', '2020-09-08 09:15:09');
INSERT INTO `sys_login_log` VALUES (186, '127.0.0.1', '登录账户不存在', 1, '局域网，无法获取位置', '0', '2020-09-08 09:15:20');
INSERT INTO `sys_login_log` VALUES (187, '127.0.0.1', '登录账户不存在', 1, '局域网，无法获取位置', '0', '2020-09-08 09:15:35');
INSERT INTO `sys_login_log` VALUES (188, '127.0.0.1', '登录账户不存在', 1, '局域网，无法获取位置', '0', '2020-09-08 09:17:09');
INSERT INTO `sys_login_log` VALUES (189, '127.0.0.1', '登录账户不存在', 1, '局域网，无法获取位置', '0', '2020-09-08 09:17:28');
INSERT INTO `sys_login_log` VALUES (190, '127.0.0.1', '登录账户不存在', 1, '局域网，无法获取位置', '0', '2020-09-08 09:21:49');
INSERT INTO `sys_login_log` VALUES (191, '127.0.0.1', '登录账户不存在', 1, '局域网，无法获取位置', '0', '2020-09-08 09:22:02');
INSERT INTO `sys_login_log` VALUES (192, '127.0.0.1', '登录账户不存在', 1, '局域网，无法获取位置', '0', '2020-09-08 09:22:15');
INSERT INTO `sys_login_log` VALUES (193, '127.0.0.1', '登录账户不存在', 1, '局域网，无法获取位置', '0', '2020-09-08 09:22:26');
INSERT INTO `sys_login_log` VALUES (194, '127.0.0.1', '登录账户不存在', 1, '局域网，无法获取位置', '0', '2020-09-08 09:22:35');
INSERT INTO `sys_login_log` VALUES (195, '127.0.0.1', '登录账户不存在', 1, '局域网，无法获取位置', '0', '2020-09-08 09:22:44');
INSERT INTO `sys_login_log` VALUES (196, '127.0.0.1', '登录账户不存在', 1, '局域网，无法获取位置', '0', '2020-09-08 09:28:30');
INSERT INTO `sys_login_log` VALUES (197, '127.0.0.1', '登录账户不存在', 1, '局域网，无法获取位置', '0', '2020-09-08 09:29:30');
INSERT INTO `sys_login_log` VALUES (198, '127.0.0.1', '登录账户不存在', 1, '局域网，无法获取位置', '0', '2020-09-08 09:29:43');
INSERT INTO `sys_login_log` VALUES (199, '127.0.0.1', '登录账户不存在', 1, '局域网，无法获取位置', '0', '2020-09-08 09:30:23');
INSERT INTO `sys_login_log` VALUES (200, '127.0.0.1', '登录账户不存在', 1, '局域网，无法获取位置', '0', '2020-09-08 09:31:01');
INSERT INTO `sys_login_log` VALUES (201, '127.0.0.1', '登录账户不存在', 1, '局域网，无法获取位置', '0', '2020-09-08 09:47:41');
INSERT INTO `sys_login_log` VALUES (202, '127.0.0.1', '登录账户不存在', 1, '局域网，无法获取位置', '0', '2020-09-08 09:48:08');
INSERT INTO `sys_login_log` VALUES (203, '127.0.0.1', '登录账户不存在', 1, '局域网，无法获取位置', '0', '2020-09-08 09:48:23');
INSERT INTO `sys_login_log` VALUES (204, '127.0.0.1', '登录账户不存在', 1, '局域网，无法获取位置', '0', '2020-09-08 09:52:01');
INSERT INTO `sys_login_log` VALUES (205, '127.0.0.1', '登录账户不存在', 1, '局域网，无法获取位置', '0', '2020-09-08 09:52:16');
INSERT INTO `sys_login_log` VALUES (206, '127.0.0.1', '登录账户不存在', 1, '局域网，无法获取位置', '0', '2020-09-08 09:53:13');
INSERT INTO `sys_login_log` VALUES (207, '127.0.0.1', '登录账户不存在', 1, '局域网，无法获取位置', '0', '2020-09-08 09:57:00');
INSERT INTO `sys_login_log` VALUES (208, '127.0.0.1', '登录账户不存在', 1, '局域网，无法获取位置', '0', '2020-09-08 09:57:14');
INSERT INTO `sys_login_log` VALUES (209, '127.0.0.1', '登录账户不存在', 1, '局域网，无法获取位置', '0', '2020-09-08 09:57:37');
INSERT INTO `sys_login_log` VALUES (210, '127.0.0.1', '登录账户不存在', 1, '局域网，无法获取位置', '0', '2020-09-08 10:01:19');
INSERT INTO `sys_login_log` VALUES (211, '127.0.0.1', '登录账户不存在', 1, '局域网，无法获取位置', '0', '2020-09-08 10:01:37');
INSERT INTO `sys_login_log` VALUES (212, '127.0.0.1', '登录账户不存在', 1, '局域网，无法获取位置', '0', '2020-09-08 10:08:56');
INSERT INTO `sys_login_log` VALUES (213, '127.0.0.1', '登录账户不存在', 1, '局域网，无法获取位置', '0', '2020-09-08 10:09:05');
INSERT INTO `sys_login_log` VALUES (214, '127.0.0.1', '登录账户不存在', 1, '局域网，无法获取位置', '0', '2020-09-08 10:09:18');
INSERT INTO `sys_login_log` VALUES (215, '127.0.0.1', '登录账户不存在', 1, '局域网，无法获取位置', '0', '2020-09-08 10:09:27');
INSERT INTO `sys_login_log` VALUES (216, '127.0.0.1', '登录账户不存在', 1, '局域网，无法获取位置', '0', '2020-09-08 10:09:36');
INSERT INTO `sys_login_log` VALUES (217, '127.0.0.1', '登录账户不存在', 1, '局域网，无法获取位置', '0', '2020-09-08 10:09:57');
INSERT INTO `sys_login_log` VALUES (218, '127.0.0.1', '登录账户不存在', 1, '局域网，无法获取位置', '0', '2020-09-08 10:15:18');
INSERT INTO `sys_login_log` VALUES (219, '127.0.0.1', '登录账户不存在', 1, '局域网，无法获取位置', '0', '2020-09-08 10:15:23');
INSERT INTO `sys_login_log` VALUES (220, '127.0.0.1', '登录账户不存在', 1, '局域网，无法获取位置', '0', '2020-09-08 10:15:42');
INSERT INTO `sys_login_log` VALUES (221, '127.0.0.1', '登录账户不存在', 1, '局域网，无法获取位置', '0', '2020-09-08 10:19:04');
INSERT INTO `sys_login_log` VALUES (222, '127.0.0.1', '登录账户不存在', 1, '局域网，无法获取位置', '0', '2020-09-08 10:19:35');
INSERT INTO `sys_login_log` VALUES (223, '127.0.0.1', '登录账户不存在', 1, '局域网，无法获取位置', '0', '2020-09-08 10:23:14');
INSERT INTO `sys_login_log` VALUES (224, '127.0.0.1', '登录账户不存在', 1, '局域网，无法获取位置', '0', '2020-09-08 10:23:31');
INSERT INTO `sys_login_log` VALUES (225, '127.0.0.1', '登录账户不存在', 1, '局域网，无法获取位置', '0', '2020-09-08 10:23:37');
INSERT INTO `sys_login_log` VALUES (226, '127.0.0.1', '登录账户不存在', 1, '局域网，无法获取位置', '0', '2020-09-08 10:24:54');
INSERT INTO `sys_login_log` VALUES (227, '127.0.0.1', '登录账户不存在', 1, '局域网，无法获取位置', '0', '2020-09-08 10:25:29');
INSERT INTO `sys_login_log` VALUES (228, '127.0.0.1', '登录账户不存在', 1, '局域网，无法获取位置', '0', '2020-09-08 10:26:44');
INSERT INTO `sys_login_log` VALUES (229, '127.0.0.1', '登录账户不存在', 1, '局域网，无法获取位置', '0', '2020-09-08 10:27:02');
INSERT INTO `sys_login_log` VALUES (230, '127.0.0.1', '登录账户不存在', 1, '局域网，无法获取位置', '0', '2020-09-08 10:27:22');
INSERT INTO `sys_login_log` VALUES (231, '127.0.0.1', '登录账户不存在', 1, '局域网，无法获取位置', '0', '2020-09-08 10:27:39');
INSERT INTO `sys_login_log` VALUES (232, '127.0.0.1', '登录账户不存在', 1, '局域网，无法获取位置', '0', '2020-09-08 10:28:28');
INSERT INTO `sys_login_log` VALUES (233, '127.0.0.1', '登录账户不存在', 1, '局域网，无法获取位置', '0', '2020-09-08 10:29:07');
INSERT INTO `sys_login_log` VALUES (234, '127.0.0.1', '登录账户不存在', 1, '局域网，无法获取位置', '0', '2020-09-08 10:30:57');
INSERT INTO `sys_login_log` VALUES (235, '127.0.0.1', '登录账户不存在', 1, '局域网，无法获取位置', '0', '2020-09-08 10:33:15');
INSERT INTO `sys_login_log` VALUES (236, '127.0.0.1', '登录账户不存在', 1, '局域网，无法获取位置', '0', '2020-09-08 10:33:23');
INSERT INTO `sys_login_log` VALUES (237, '127.0.0.1', '登录账户不存在', 1, '局域网，无法获取位置', '0', '2020-09-08 10:41:06');
INSERT INTO `sys_login_log` VALUES (238, '127.0.0.1', '登录账户不存在', 1, '局域网，无法获取位置', '0', '2020-09-08 10:41:30');
INSERT INTO `sys_login_log` VALUES (239, '127.0.0.1', '登录账户不存在', 1, '局域网，无法获取位置', '0', '2020-09-08 10:42:50');
INSERT INTO `sys_login_log` VALUES (240, '127.0.0.1', '登录账户不存在', 1, '局域网，无法获取位置', '0', '2020-09-08 10:43:34');
INSERT INTO `sys_login_log` VALUES (241, '127.0.0.1', '登录账户不存在', 1, '局域网，无法获取位置', '0', '2020-09-08 10:50:48');
INSERT INTO `sys_login_log` VALUES (242, '127.0.0.1', '登录账户不存在', 1, '局域网，无法获取位置', '0', '2020-09-08 10:51:37');
INSERT INTO `sys_login_log` VALUES (243, '127.0.0.1', '登录账户不存在', 1, '局域网，无法获取位置', '0', '2020-09-08 10:51:57');
INSERT INTO `sys_login_log` VALUES (244, '127.0.0.1', '登录账户不存在', 1, '局域网，无法获取位置', '0', '2020-09-08 10:53:48');
INSERT INTO `sys_login_log` VALUES (245, '127.0.0.1', '登录账户不存在', 1, '局域网，无法获取位置', '0', '2020-09-08 11:09:27');
INSERT INTO `sys_login_log` VALUES (246, '127.0.0.1', '登录账户不存在', 1, '局域网，无法获取位置', '0', '2020-09-08 11:09:54');
INSERT INTO `sys_login_log` VALUES (247, '127.0.0.1', '登录账户不存在', 1, '局域网，无法获取位置', '0', '2020-09-08 11:09:58');
INSERT INTO `sys_login_log` VALUES (248, '127.0.0.1', '登录账户不存在', 1, '局域网，无法获取位置', '0', '2020-09-08 11:10:00');
INSERT INTO `sys_login_log` VALUES (249, '127.0.0.1', '登录账户不存在', 1, '局域网，无法获取位置', '0', '2020-09-08 11:10:17');
INSERT INTO `sys_login_log` VALUES (250, '127.0.0.1', '登录账户不存在', 1, '局域网，无法获取位置', '0', '2020-09-08 11:10:20');
INSERT INTO `sys_login_log` VALUES (251, '127.0.0.1', '登录账户不存在', 1, '局域网，无法获取位置', '0', '2020-09-08 11:11:52');
INSERT INTO `sys_login_log` VALUES (252, '127.0.0.1', '登录账户不存在', 1, '局域网，无法获取位置', '0', '2020-09-08 11:12:55');
INSERT INTO `sys_login_log` VALUES (253, '127.0.0.1', '登录账户不存在', 1, '局域网，无法获取位置', '0', '2020-09-08 11:13:30');
INSERT INTO `sys_login_log` VALUES (254, '127.0.0.1', '登录账户不存在', 1, '局域网，无法获取位置', '0', '2020-09-08 11:14:56');
INSERT INTO `sys_login_log` VALUES (255, '127.0.0.1', '登录账户不存在', 1, '局域网，无法获取位置', '0', '2020-09-08 11:15:14');
INSERT INTO `sys_login_log` VALUES (256, '127.0.0.1', '登录账户不存在', 1, '局域网，无法获取位置', '0', '2020-09-08 11:16:52');
INSERT INTO `sys_login_log` VALUES (257, '127.0.0.1', '登录账户不存在', 1, '局域网，无法获取位置', '0', '2020-09-08 11:17:13');
INSERT INTO `sys_login_log` VALUES (258, '127.0.0.1', '登录账户不存在', 1, '局域网，无法获取位置', '0', '2020-09-08 11:20:21');
INSERT INTO `sys_login_log` VALUES (259, '127.0.0.1', '登录账户不存在', 1, '局域网，无法获取位置', '0', '2020-09-08 11:31:52');
INSERT INTO `sys_login_log` VALUES (260, '127.0.0.1', '登录账户不存在', 1, '局域网，无法获取位置', '0', '2020-09-08 11:32:04');
INSERT INTO `sys_login_log` VALUES (261, '127.0.0.1', '登录账户不存在', 1, '局域网，无法获取位置', '0', '2020-09-08 11:32:08');
INSERT INTO `sys_login_log` VALUES (262, '127.0.0.1', '登录账户不存在', 1, '局域网，无法获取位置', '0', '2020-09-08 11:32:22');
INSERT INTO `sys_login_log` VALUES (263, '0:0:0:0:0:0:0:1', '用户登录成功', 0, '获取位置失败', '0', '2020-09-08 11:50:04');
INSERT INTO `sys_login_log` VALUES (264, '127.0.0.1', '登录账户不存在', 1, '局域网，无法获取位置', '0', '2020-09-08 11:54:12');
INSERT INTO `sys_login_log` VALUES (265, '127.0.0.1', '登录账户不存在', 1, '局域网，无法获取位置', '0', '2020-09-08 11:54:35');
INSERT INTO `sys_login_log` VALUES (266, '127.0.0.1', '登录账户不存在', 1, '局域网，无法获取位置', '0', '2020-09-08 11:54:46');
INSERT INTO `sys_login_log` VALUES (267, '127.0.0.1', '登录账户不存在', 1, '局域网，无法获取位置', '0', '2020-09-08 11:55:01');
INSERT INTO `sys_login_log` VALUES (268, '0:0:0:0:0:0:0:1', '用户登录成功', 0, '获取位置失败', '0', '2020-09-08 11:58:19');
INSERT INTO `sys_login_log` VALUES (269, '0:0:0:0:0:0:0:1', '用户登录成功', 0, '获取位置失败', '0', '2020-09-08 11:59:15');
INSERT INTO `sys_login_log` VALUES (270, '127.0.0.1', '登录账户不存在', 1, '局域网，无法获取位置', '0', '2020-09-08 12:06:42');
INSERT INTO `sys_login_log` VALUES (271, '127.0.0.1', '登录账户不存在', 1, '局域网，无法获取位置', '0', '2020-09-08 12:06:57');
INSERT INTO `sys_login_log` VALUES (272, '127.0.0.1', '登录账户不存在', 1, '局域网，无法获取位置', '0', '2020-09-08 12:08:25');
INSERT INTO `sys_login_log` VALUES (273, '127.0.0.1', '登录账户不存在', 1, '局域网，无法获取位置', '0', '2020-09-08 12:08:52');
INSERT INTO `sys_login_log` VALUES (274, '127.0.0.1', '登录账户不存在', 1, '局域网，无法获取位置', '0', '2020-09-08 12:12:37');
INSERT INTO `sys_login_log` VALUES (275, '127.0.0.1', '登录账户不存在', 1, '局域网，无法获取位置', '0', '2020-09-08 13:16:31');
INSERT INTO `sys_login_log` VALUES (276, '127.0.0.1', '登录账户不存在', 1, '局域网，无法获取位置', '0', '2020-09-08 13:16:42');
INSERT INTO `sys_login_log` VALUES (277, '127.0.0.1', '登录账户不存在', 1, '局域网，无法获取位置', '0', '2020-09-08 13:34:59');
INSERT INTO `sys_login_log` VALUES (278, '127.0.0.1', '登录账户不存在', 1, '局域网，无法获取位置', '0', '2020-09-08 13:35:07');
INSERT INTO `sys_login_log` VALUES (279, '127.0.0.1', '登录账户不存在', 1, '局域网，无法获取位置', '0', '2020-09-08 13:51:06');
INSERT INTO `sys_login_log` VALUES (280, '127.0.0.1', '登录账户不存在', 1, '局域网，无法获取位置', '0', '2020-09-08 13:51:28');
INSERT INTO `sys_login_log` VALUES (281, '127.0.0.1', '登录账户不存在', 1, '局域网，无法获取位置', '0', '2020-09-08 14:01:00');
INSERT INTO `sys_login_log` VALUES (282, '127.0.0.1', '登录账户不存在', 1, '局域网，无法获取位置', '0', '2020-09-08 14:01:17');
INSERT INTO `sys_login_log` VALUES (283, '127.0.0.1', '登录账户不存在', 1, '局域网，无法获取位置', '0', '2020-09-08 14:02:55');
INSERT INTO `sys_login_log` VALUES (284, '127.0.0.1', '登录账户不存在', 1, '局域网，无法获取位置', '0', '2020-09-08 14:03:19');
INSERT INTO `sys_login_log` VALUES (285, '127.0.0.1', '登录账户不存在', 1, '局域网，无法获取位置', '0', '2020-09-08 14:33:04');
INSERT INTO `sys_login_log` VALUES (286, '127.0.0.1', '登录账户不存在', 1, '局域网，无法获取位置', '0', '2020-09-08 14:33:05');
INSERT INTO `sys_login_log` VALUES (287, '127.0.0.1', '登录账户不存在', 1, '局域网，无法获取位置', '0', '2020-09-08 14:33:30');
INSERT INTO `sys_login_log` VALUES (288, '127.0.0.1', '登录账户不存在', 1, '局域网，无法获取位置', '0', '2020-09-08 14:33:53');
INSERT INTO `sys_login_log` VALUES (289, '127.0.0.1', '登录账户不存在', 1, '局域网，无法获取位置', '0', '2020-09-08 14:44:24');
INSERT INTO `sys_login_log` VALUES (290, '127.0.0.1', '登录账户不存在', 1, '局域网，无法获取位置', '0', '2020-09-08 14:44:47');
INSERT INTO `sys_login_log` VALUES (291, '127.0.0.1', '登录账户不存在', 1, '局域网，无法获取位置', '0', '2020-09-08 14:45:09');
INSERT INTO `sys_login_log` VALUES (292, '127.0.0.1', '登录账户不存在', 1, '局域网，无法获取位置', '0', '2020-09-08 14:57:04');
INSERT INTO `sys_login_log` VALUES (293, '127.0.0.1', '登录账户不存在', 1, '局域网，无法获取位置', '0', '2020-09-08 14:57:30');
INSERT INTO `sys_login_log` VALUES (294, '127.0.0.1', '登录账户不存在', 1, '局域网，无法获取位置', '0', '2020-09-08 15:09:09');
INSERT INTO `sys_login_log` VALUES (295, '127.0.0.1', '登录账户不存在', 1, '局域网，无法获取位置', '0', '2020-09-08 15:09:17');
INSERT INTO `sys_login_log` VALUES (296, '127.0.0.1', '登录账户不存在', 1, '局域网，无法获取位置', '0', '2020-09-08 15:09:43');
INSERT INTO `sys_login_log` VALUES (297, '127.0.0.1', '登录账户不存在', 1, '局域网，无法获取位置', '0', '2020-09-08 15:09:48');
INSERT INTO `sys_login_log` VALUES (298, '127.0.0.1', '登录账户不存在', 1, '局域网，无法获取位置', '0', '2020-09-08 15:09:54');
INSERT INTO `sys_login_log` VALUES (299, '127.0.0.1', '登录账户不存在', 1, '局域网，无法获取位置', '0', '2020-09-08 15:10:02');
INSERT INTO `sys_login_log` VALUES (300, '127.0.0.1', '登录账户不存在', 1, '局域网，无法获取位置', '0', '2020-09-08 15:10:08');
INSERT INTO `sys_login_log` VALUES (301, '127.0.0.1', '登录账户不存在', 1, '局域网，无法获取位置', '0', '2020-09-08 15:10:18');
INSERT INTO `sys_login_log` VALUES (302, '127.0.0.1', '登录账户不存在', 1, '局域网，无法获取位置', '0', '2020-09-08 15:20:46');
INSERT INTO `sys_login_log` VALUES (303, '127.0.0.1', '登录账户不存在', 1, '局域网，无法获取位置', '0', '2020-09-08 15:20:54');
INSERT INTO `sys_login_log` VALUES (304, '127.0.0.1', '登录账户不存在', 1, '局域网，无法获取位置', '0', '2020-09-08 15:32:52');
INSERT INTO `sys_login_log` VALUES (305, '127.0.0.1', '登录账户不存在', 1, '局域网，无法获取位置', '0', '2020-09-08 15:33:00');
INSERT INTO `sys_login_log` VALUES (306, '127.0.0.1', '登录账户不存在', 1, '局域网，无法获取位置', '0', '2020-09-08 15:41:01');
INSERT INTO `sys_login_log` VALUES (307, '127.0.0.1', '登录账户不存在', 1, '局域网，无法获取位置', '0', '2020-09-08 15:44:57');
INSERT INTO `sys_login_log` VALUES (308, '127.0.0.1', '登录账户不存在', 1, '局域网，无法获取位置', '0', '2020-09-08 15:45:17');
INSERT INTO `sys_login_log` VALUES (309, '127.0.0.1', '登录账户不存在', 1, '局域网，无法获取位置', '0', '2020-09-08 15:46:31');
INSERT INTO `sys_login_log` VALUES (310, '127.0.0.1', '登录账户不存在', 1, '局域网，无法获取位置', '0', '2020-09-08 16:08:10');
INSERT INTO `sys_login_log` VALUES (311, '127.0.0.1', '登录账户不存在', 1, '局域网，无法获取位置', '0', '2020-09-08 16:08:34');
INSERT INTO `sys_login_log` VALUES (312, '127.0.0.1', '登录账户不存在', 1, '局域网，无法获取位置', '0', '2020-09-08 16:08:43');
INSERT INTO `sys_login_log` VALUES (313, '127.0.0.1', '登录账户不存在', 1, '局域网，无法获取位置', '0', '2020-09-08 16:11:56');
INSERT INTO `sys_login_log` VALUES (314, '127.0.0.1', '登录账户不存在', 1, '局域网，无法获取位置', '0', '2020-09-08 16:12:28');
INSERT INTO `sys_login_log` VALUES (315, '127.0.0.1', '登录账户不存在', 1, '局域网，无法获取位置', '0', '2020-09-08 16:19:33');
INSERT INTO `sys_login_log` VALUES (316, '127.0.0.1', '登录账户不存在', 1, '局域网，无法获取位置', '0', '2020-09-08 16:21:35');
INSERT INTO `sys_login_log` VALUES (317, '127.0.0.1', '登录账户不存在', 1, '局域网，无法获取位置', '0', '2020-09-08 16:22:38');
INSERT INTO `sys_login_log` VALUES (318, '127.0.0.1', '登录账户不存在', 1, '局域网，无法获取位置', '0', '2020-09-08 16:22:43');
INSERT INTO `sys_login_log` VALUES (319, '127.0.0.1', '登录账户不存在', 1, '局域网，无法获取位置', '0', '2020-09-08 16:27:15');
INSERT INTO `sys_login_log` VALUES (320, '127.0.0.1', '登录账户不存在', 1, '局域网，无法获取位置', '0', '2020-09-08 16:27:28');
INSERT INTO `sys_login_log` VALUES (321, '127.0.0.1', '登录账户不存在', 1, '局域网，无法获取位置', '0', '2020-09-08 16:28:21');
INSERT INTO `sys_login_log` VALUES (322, '127.0.0.1', '登录账户不存在', 1, '局域网，无法获取位置', '0', '2020-09-08 16:38:12');
INSERT INTO `sys_login_log` VALUES (323, '127.0.0.1', '登录账户不存在', 1, '局域网，无法获取位置', '0', '2020-09-08 16:38:26');
INSERT INTO `sys_login_log` VALUES (324, '127.0.0.1', '登录账户不存在', 1, '局域网，无法获取位置', '0', '2020-09-08 16:48:07');
INSERT INTO `sys_login_log` VALUES (325, '127.0.0.1', '登录账户不存在', 1, '局域网，无法获取位置', '0', '2020-09-08 16:48:19');
INSERT INTO `sys_login_log` VALUES (326, '127.0.0.1', '登录账户不存在', 1, '局域网，无法获取位置', '0', '2020-09-08 16:48:35');
INSERT INTO `sys_login_log` VALUES (327, '127.0.0.1', '登录账户不存在', 1, '局域网，无法获取位置', '0', '2020-09-08 16:48:42');
INSERT INTO `sys_login_log` VALUES (328, '127.0.0.1', '登录账户不存在', 1, '局域网，无法获取位置', '0', '2020-09-08 16:48:55');
INSERT INTO `sys_login_log` VALUES (329, '127.0.0.1', '登录账户不存在', 1, '局域网，无法获取位置', '0', '2020-09-08 17:21:33');
INSERT INTO `sys_login_log` VALUES (330, '127.0.0.1', '登录账户不存在', 1, '局域网，无法获取位置', '0', '2020-09-08 17:21:53');
INSERT INTO `sys_login_log` VALUES (331, '127.0.0.1', '登录账户不存在', 1, '局域网，无法获取位置', '0', '2020-09-08 17:22:21');
INSERT INTO `sys_login_log` VALUES (332, '127.0.0.1', '登录账户不存在', 1, '局域网，无法获取位置', '0', '2020-09-08 17:22:27');
INSERT INTO `sys_login_log` VALUES (333, '127.0.0.1', '登录账户不存在', 1, '局域网，无法获取位置', '0', '2020-09-08 17:23:40');
INSERT INTO `sys_login_log` VALUES (334, '127.0.0.1', '登录账户不存在', 1, '局域网，无法获取位置', '0', '2020-09-08 17:27:08');
INSERT INTO `sys_login_log` VALUES (335, '127.0.0.1', '登录账户不存在', 1, '局域网，无法获取位置', '0', '2020-09-08 17:27:27');
INSERT INTO `sys_login_log` VALUES (336, '127.0.0.1', '登录账户不存在', 1, '局域网，无法获取位置', '0', '2020-09-08 17:35:02');
INSERT INTO `sys_login_log` VALUES (337, '127.0.0.1', '登录账户不存在', 1, '局域网，无法获取位置', '0', '2020-09-08 17:35:24');
INSERT INTO `sys_login_log` VALUES (338, '127.0.0.1', '登录账户不存在', 1, '局域网，无法获取位置', '0', '2020-09-08 17:35:38');
INSERT INTO `sys_login_log` VALUES (339, '127.0.0.1', '登录账户不存在', 1, '局域网，无法获取位置', '0', '2020-09-08 17:40:25');
INSERT INTO `sys_login_log` VALUES (340, '127.0.0.1', '登录账户不存在', 1, '局域网，无法获取位置', '0', '2020-09-08 17:57:37');
INSERT INTO `sys_login_log` VALUES (341, '127.0.0.1', '登录账户不存在', 1, '局域网，无法获取位置', '0', '2020-09-08 17:58:01');
INSERT INTO `sys_login_log` VALUES (342, '127.0.0.1', '用户登录成功', 0, '局域网，无法获取位置', '0', '2020-09-08 18:21:55');
INSERT INTO `sys_login_log` VALUES (343, '127.0.0.1', '登录账户不存在', 1, '局域网，无法获取位置', '0', '2020-09-08 18:29:42');
INSERT INTO `sys_login_log` VALUES (344, '127.0.0.1', '登录账户不存在', 1, '局域网，无法获取位置', '0', '2020-09-08 18:29:55');
INSERT INTO `sys_login_log` VALUES (345, '127.0.0.1', '登录账户不存在', 1, '局域网，无法获取位置', '0', '2020-09-08 18:30:06');
INSERT INTO `sys_login_log` VALUES (346, '127.0.0.1', '用户登录成功', 0, '局域网，无法获取位置', '0', '2020-09-08 18:31:32');
INSERT INTO `sys_login_log` VALUES (347, '127.0.0.1', '登录账户不存在', 1, '局域网，无法获取位置', '0', '2020-09-08 18:35:14');
INSERT INTO `sys_login_log` VALUES (348, '127.0.0.1', '登录账户不存在', 1, '局域网，无法获取位置', '0', '2020-09-08 18:35:55');
INSERT INTO `sys_login_log` VALUES (349, '127.0.0.1', '登录账户不存在', 1, '局域网，无法获取位置', '0', '2020-09-08 19:45:09');
INSERT INTO `sys_login_log` VALUES (350, '127.0.0.1', '登录账户不存在', 1, '局域网，无法获取位置', '0', '2020-09-08 19:45:24');
INSERT INTO `sys_login_log` VALUES (351, '127.0.0.1', '登录账户不存在', 1, '局域网，无法获取位置', '0', '2020-09-08 22:59:34');
INSERT INTO `sys_login_log` VALUES (352, '127.0.0.1', '登录账户不存在', 1, '局域网，无法获取位置', '0', '2020-09-08 23:00:06');
INSERT INTO `sys_login_log` VALUES (353, '127.0.0.1', '用户登录成功', 0, '局域网，无法获取位置', '0', '2020-09-08 23:16:12');
INSERT INTO `sys_login_log` VALUES (354, '127.0.0.1', '登录账户不存在', 1, '局域网，无法获取位置', '0', '2020-09-08 23:21:18');
INSERT INTO `sys_login_log` VALUES (355, '127.0.0.1', '登录账户不存在', 1, '局域网，无法获取位置', '0', '2020-09-08 23:22:26');
INSERT INTO `sys_login_log` VALUES (356, '127.0.0.1', '登录账户不存在', 1, '局域网，无法获取位置', '0', '2020-09-08 23:22:34');
INSERT INTO `sys_login_log` VALUES (357, '127.0.0.1', '登录账户不存在', 1, '局域网，无法获取位置', '0', '2020-09-08 23:22:44');
INSERT INTO `sys_login_log` VALUES (358, '117.177.196.194', '登录账户不存在', 1, '四川省宜宾市 移动', '0', '2020-09-08 23:53:29');
INSERT INTO `sys_login_log` VALUES (359, '117.177.196.194', '登录账户不存在', 1, '四川省宜宾市 移动', '0', '2020-09-08 23:53:51');
INSERT INTO `sys_login_log` VALUES (360, '117.177.196.194', '登录账户不存在', 1, '四川省宜宾市 移动', '0', '2020-09-08 23:54:24');
INSERT INTO `sys_login_log` VALUES (361, '127.0.0.1', '登录账户不存在', 1, '局域网，无法获取位置', '0', '2020-09-09 00:22:27');
INSERT INTO `sys_login_log` VALUES (362, '127.0.0.1', '登录账户不存在', 1, '局域网，无法获取位置', '0', '2020-09-09 00:23:15');
INSERT INTO `sys_login_log` VALUES (363, '127.0.0.1', '用户登录成功', 0, '局域网，无法获取位置', '0', '2020-09-09 00:28:32');
INSERT INTO `sys_login_log` VALUES (364, '127.0.0.1', '登录账户不存在', 1, '局域网，无法获取位置', '0', '2020-09-09 01:10:19');
INSERT INTO `sys_login_log` VALUES (365, '127.0.0.1', '登录账户不存在', 1, '局域网，无法获取位置', '0', '2020-09-09 08:15:30');
INSERT INTO `sys_login_log` VALUES (366, '127.0.0.1', '登录账户不存在', 1, '局域网，无法获取位置', '0', '2020-09-09 08:15:54');
INSERT INTO `sys_login_log` VALUES (367, '127.0.0.1', '登录账户不存在', 1, '局域网，无法获取位置', '0', '2020-09-09 08:38:18');
INSERT INTO `sys_login_log` VALUES (368, '127.0.0.1', '登录账户不存在', 1, '局域网，无法获取位置', '0', '2020-09-09 08:38:34');
INSERT INTO `sys_login_log` VALUES (369, '127.0.0.1', '登录账户不存在', 1, '局域网，无法获取位置', '0', '2020-09-09 08:39:38');
INSERT INTO `sys_login_log` VALUES (370, '127.0.0.1', '登录账户不存在', 1, '局域网，无法获取位置', '0', '2020-09-09 08:39:55');
INSERT INTO `sys_login_log` VALUES (371, '127.0.0.1', '登录账户不存在', 1, '局域网，无法获取位置', '0', '2020-09-09 08:40:02');
INSERT INTO `sys_login_log` VALUES (372, '127.0.0.1', '登录账户不存在', 1, '局域网，无法获取位置', '0', '2020-09-09 08:40:08');
INSERT INTO `sys_login_log` VALUES (373, '127.0.0.1', '登录账户不存在', 1, '局域网，无法获取位置', '0', '2020-09-09 08:48:36');
INSERT INTO `sys_login_log` VALUES (374, '127.0.0.1', '登录账户不存在', 1, '局域网，无法获取位置', '0', '2020-09-09 08:48:47');
INSERT INTO `sys_login_log` VALUES (375, '127.0.0.1', '登录账户不存在', 1, '局域网，无法获取位置', '0', '2020-09-09 08:49:15');
INSERT INTO `sys_login_log` VALUES (376, '127.0.0.1', '登录账户不存在', 1, '局域网，无法获取位置', '0', '2020-09-09 08:49:17');
INSERT INTO `sys_login_log` VALUES (377, '127.0.0.1', '登录账户不存在', 1, '局域网，无法获取位置', '0', '2020-09-09 08:49:27');
INSERT INTO `sys_login_log` VALUES (378, '127.0.0.1', '登录账户不存在', 1, '局域网，无法获取位置', '0', '2020-09-09 08:49:36');
INSERT INTO `sys_login_log` VALUES (379, '127.0.0.1', '登录账户不存在', 1, '局域网，无法获取位置', '0', '2020-09-09 09:06:54');
INSERT INTO `sys_login_log` VALUES (380, '127.0.0.1', '登录账户不存在', 1, '局域网，无法获取位置', '0', '2020-09-09 09:07:17');
INSERT INTO `sys_login_log` VALUES (381, '127.0.0.1', '登录账户不存在', 1, '局域网，无法获取位置', '0', '2020-09-09 09:07:55');
INSERT INTO `sys_login_log` VALUES (382, '127.0.0.1', '登录账户不存在', 1, '局域网，无法获取位置', '0', '2020-09-09 09:10:27');
INSERT INTO `sys_login_log` VALUES (383, '127.0.0.1', '登录账户不存在', 1, '局域网，无法获取位置', '0', '2020-09-09 09:10:41');
INSERT INTO `sys_login_log` VALUES (384, '127.0.0.1', '登录账户不存在', 1, '局域网，无法获取位置', '0', '2020-09-09 09:14:05');
INSERT INTO `sys_login_log` VALUES (385, '127.0.0.1', '登录账户不存在', 1, '局域网，无法获取位置', '0', '2020-09-09 09:14:33');
INSERT INTO `sys_login_log` VALUES (386, '127.0.0.1', '登录账户不存在', 1, '局域网，无法获取位置', '0', '2020-09-09 09:14:45');
INSERT INTO `sys_login_log` VALUES (387, '127.0.0.1', '登录账户不存在', 1, '局域网，无法获取位置', '0', '2020-09-09 09:24:15');
INSERT INTO `sys_login_log` VALUES (388, '127.0.0.1', '登录账户不存在', 1, '局域网，无法获取位置', '0', '2020-09-09 09:25:39');
INSERT INTO `sys_login_log` VALUES (389, '127.0.0.1', '用户登录成功', 0, '局域网，无法获取位置', '0', '2020-09-09 09:31:05');
INSERT INTO `sys_login_log` VALUES (390, '127.0.0.1', '登录账户不存在', 1, '局域网，无法获取位置', '0', '2020-09-09 09:33:34');
INSERT INTO `sys_login_log` VALUES (391, '127.0.0.1', '登录账户不存在', 1, '局域网，无法获取位置', '0', '2020-09-09 09:57:24');
INSERT INTO `sys_login_log` VALUES (392, '127.0.0.1', '登录账户不存在', 1, '局域网，无法获取位置', '0', '2020-09-09 09:58:37');
INSERT INTO `sys_login_log` VALUES (393, '127.0.0.1', '登录账户不存在', 1, '局域网，无法获取位置', '0', '2020-09-09 09:59:08');
INSERT INTO `sys_login_log` VALUES (394, '36.19.245.92', '登录账户不存在', 1, '浙江省 电信', '0', '2020-09-09 10:00:56');
INSERT INTO `sys_login_log` VALUES (395, '36.19.245.92', '登录账户不存在', 1, '浙江省 电信', '0', '2020-09-09 10:01:22');
INSERT INTO `sys_login_log` VALUES (396, '127.0.0.1', '登录账户不存在', 1, '局域网，无法获取位置', '0', '2020-09-09 10:05:25');
INSERT INTO `sys_login_log` VALUES (397, '127.0.0.1', '登录账户不存在', 1, '局域网，无法获取位置', '0', '2020-09-09 10:05:46');
INSERT INTO `sys_login_log` VALUES (398, '127.0.0.1', '登录账户不存在', 1, '局域网，无法获取位置', '0', '2020-09-09 10:06:10');
INSERT INTO `sys_login_log` VALUES (399, '127.0.0.1', '登录账户不存在', 1, '局域网，无法获取位置', '0', '2020-09-09 10:11:39');
INSERT INTO `sys_login_log` VALUES (400, '127.0.0.1', '登录账户不存在', 1, '局域网，无法获取位置', '0', '2020-09-09 10:11:47');
INSERT INTO `sys_login_log` VALUES (401, '127.0.0.1', '登录账户不存在', 1, '局域网，无法获取位置', '0', '2020-09-09 10:12:01');
INSERT INTO `sys_login_log` VALUES (402, '127.0.0.1', '用户登录成功', 0, '局域网，无法获取位置', '0', '2020-09-09 10:15:46');
INSERT INTO `sys_login_log` VALUES (403, '0:0:0:0:0:0:0:1', '用户登录成功', 0, '获取位置失败', '0', '2020-09-09 10:20:45');
INSERT INTO `sys_login_log` VALUES (404, '127.0.0.1', '登录账户不存在', 1, '局域网，无法获取位置', '0', '2020-09-09 10:38:21');
INSERT INTO `sys_login_log` VALUES (405, '127.0.0.1', '登录账户不存在', 1, '局域网，无法获取位置', '0', '2020-09-09 10:38:30');
INSERT INTO `sys_login_log` VALUES (406, '127.0.0.1', '登录账户不存在', 1, '局域网，无法获取位置', '0', '2020-09-09 10:57:39');
INSERT INTO `sys_login_log` VALUES (407, '127.0.0.1', '登录账户不存在', 1, '局域网，无法获取位置', '0', '2020-09-09 10:57:48');
INSERT INTO `sys_login_log` VALUES (408, '127.0.0.1', '登录账户不存在', 1, '局域网，无法获取位置', '0', '2020-09-09 10:58:21');
INSERT INTO `sys_login_log` VALUES (409, '127.0.0.1', '登录账户不存在', 1, '局域网，无法获取位置', '0', '2020-09-09 10:59:20');
INSERT INTO `sys_login_log` VALUES (410, '127.0.0.1', '登录账户不存在', 1, '局域网，无法获取位置', '0', '2020-09-09 10:59:45');
INSERT INTO `sys_login_log` VALUES (411, '127.0.0.1', '登录账户不存在', 1, '局域网，无法获取位置', '0', '2020-09-09 11:12:29');
INSERT INTO `sys_login_log` VALUES (412, '127.0.0.1', '登录账户不存在', 1, '局域网，无法获取位置', '0', '2020-09-09 11:12:50');
INSERT INTO `sys_login_log` VALUES (413, '127.0.0.1', '登录账户不存在', 1, '局域网，无法获取位置', '0', '2020-09-09 11:33:15');
INSERT INTO `sys_login_log` VALUES (414, '127.0.0.1', '登录账户不存在', 1, '局域网，无法获取位置', '0', '2020-09-09 11:33:49');
INSERT INTO `sys_login_log` VALUES (415, '127.0.0.1', '登录账户不存在', 1, '局域网，无法获取位置', '0', '2020-09-09 11:34:15');
INSERT INTO `sys_login_log` VALUES (416, '127.0.0.1', '用户登录成功', 0, '局域网，无法获取位置', '0', '2020-09-09 11:46:04');
INSERT INTO `sys_login_log` VALUES (417, '127.0.0.1', '用户登录成功', 0, '局域网，无法获取位置', '0', '2020-09-09 11:49:43');
INSERT INTO `sys_login_log` VALUES (418, '0:0:0:0:0:0:0:1', '用户登录成功', 0, '获取位置失败', '0', '2020-09-09 11:51:37');
INSERT INTO `sys_login_log` VALUES (419, '0:0:0:0:0:0:0:1', '用户登录成功', 0, '获取位置失败', '0', '2020-09-09 11:54:31');
INSERT INTO `sys_login_log` VALUES (420, '127.0.0.1', '用户登录成功', 0, '局域网，无法获取位置', '0', '2020-09-09 12:00:25');
INSERT INTO `sys_login_log` VALUES (421, '0:0:0:0:0:0:0:1', '用户登录成功', 0, '获取位置失败', '0', '2020-09-09 12:02:50');
INSERT INTO `sys_login_log` VALUES (422, '127.0.0.1', '登录账户不存在', 1, '局域网，无法获取位置', '0', '2020-09-09 12:26:25');
INSERT INTO `sys_login_log` VALUES (423, '127.0.0.1', '登录账户不存在', 1, '局域网，无法获取位置', '0', '2020-09-09 12:26:41');
INSERT INTO `sys_login_log` VALUES (424, '127.0.0.1', '用户登录成功', 0, '局域网，无法获取位置', '0', '2020-09-09 12:35:49');
INSERT INTO `sys_login_log` VALUES (425, '127.0.0.1', '用户登录成功', 0, '局域网，无法获取位置', '0', '2020-09-09 12:36:57');
INSERT INTO `sys_login_log` VALUES (426, '0:0:0:0:0:0:0:1', '用户登录成功', 0, '获取位置失败', '0', '2020-09-09 12:37:23');
INSERT INTO `sys_login_log` VALUES (427, '0:0:0:0:0:0:0:1', '用户登录成功', 0, '获取位置失败', '0', '2020-09-09 12:56:15');
INSERT INTO `sys_login_log` VALUES (428, '0:0:0:0:0:0:0:1', '用户登录成功', 0, '获取位置失败', '0', '2020-09-09 12:57:15');
INSERT INTO `sys_login_log` VALUES (429, '0:0:0:0:0:0:0:1', '用户登录成功', 0, '获取位置失败', '0', '2020-09-09 12:59:03');
INSERT INTO `sys_login_log` VALUES (430, '127.0.0.1', '登录账户不存在', 1, '局域网，无法获取位置', '0', '2020-09-09 13:10:52');
INSERT INTO `sys_login_log` VALUES (431, '127.0.0.1', '登录账户不存在', 1, '局域网，无法获取位置', '0', '2020-09-09 13:11:10');
INSERT INTO `sys_login_log` VALUES (432, '0:0:0:0:0:0:0:1', '用户登录成功', 0, '获取位置失败', '0', '2020-09-09 13:36:02');
INSERT INTO `sys_login_log` VALUES (433, '0:0:0:0:0:0:0:1', '用户登录成功', 0, '获取位置失败', '0', '2020-09-09 13:40:36');
INSERT INTO `sys_login_log` VALUES (434, '0:0:0:0:0:0:0:1', '用户登录成功', 0, '获取位置失败', '0', '2020-09-09 13:43:27');
INSERT INTO `sys_login_log` VALUES (435, '127.0.0.1', '登录账户不存在', 1, '局域网，无法获取位置', '0', '2020-09-09 13:47:12');
INSERT INTO `sys_login_log` VALUES (436, '127.0.0.1', '登录账户不存在', 1, '局域网，无法获取位置', '0', '2020-09-09 13:47:25');
INSERT INTO `sys_login_log` VALUES (437, '0:0:0:0:0:0:0:1', '用户登录成功', 0, '获取位置失败', '0', '2020-09-09 13:56:38');
INSERT INTO `sys_login_log` VALUES (438, '127.0.0.1', '登录账户不存在', 1, '局域网，无法获取位置', '0', '2020-09-09 13:58:40');
INSERT INTO `sys_login_log` VALUES (439, '127.0.0.1', '登录账户不存在', 1, '局域网，无法获取位置', '0', '2020-09-09 13:58:59');
INSERT INTO `sys_login_log` VALUES (440, '127.0.0.1', '登录账户不存在', 1, '局域网，无法获取位置', '0', '2020-09-09 13:59:51');
INSERT INTO `sys_login_log` VALUES (441, '127.0.0.1', '用户登录成功', 0, '局域网，无法获取位置', '0', '2020-09-09 14:12:39');
INSERT INTO `sys_login_log` VALUES (442, '127.0.0.1', '用户登录成功', 0, '局域网，无法获取位置', '0', '2020-09-09 14:12:58');
INSERT INTO `sys_login_log` VALUES (443, '127.0.0.1', '登录账户不存在', 1, '局域网，无法获取位置', '0', '2020-09-09 14:24:37');
INSERT INTO `sys_login_log` VALUES (444, '127.0.0.1', '登录账户不存在', 1, '局域网，无法获取位置', '0', '2020-09-09 14:25:00');
INSERT INTO `sys_login_log` VALUES (445, '127.0.0.1', '登录账户不存在', 1, '局域网，无法获取位置', '0', '2020-09-09 14:27:15');
INSERT INTO `sys_login_log` VALUES (446, '127.0.0.1', '登录账户不存在', 1, '局域网，无法获取位置', '0', '2020-09-09 14:35:43');
INSERT INTO `sys_login_log` VALUES (447, '127.0.0.1', '登录账户不存在', 1, '局域网，无法获取位置', '0', '2020-09-09 14:36:05');
INSERT INTO `sys_login_log` VALUES (448, '127.0.0.1', '登录账户不存在', 1, '局域网，无法获取位置', '0', '2020-09-09 14:38:21');
INSERT INTO `sys_login_log` VALUES (449, '127.0.0.1', '登录账户不存在', 1, '局域网，无法获取位置', '0', '2020-09-09 14:38:36');
INSERT INTO `sys_login_log` VALUES (450, '127.0.0.1', '登录账户不存在', 1, '局域网，无法获取位置', '0', '2020-09-09 14:42:27');
INSERT INTO `sys_login_log` VALUES (451, '127.0.0.1', '登录账户不存在', 1, '局域网，无法获取位置', '0', '2020-09-09 14:43:19');
INSERT INTO `sys_login_log` VALUES (452, '127.0.0.1', '登录账户不存在', 1, '局域网，无法获取位置', '0', '2020-09-09 14:46:44');
INSERT INTO `sys_login_log` VALUES (453, '127.0.0.1', '登录账户不存在', 1, '局域网，无法获取位置', '0', '2020-09-09 14:46:49');
INSERT INTO `sys_login_log` VALUES (454, '127.0.0.1', '登录账户不存在', 1, '局域网，无法获取位置', '0', '2020-09-09 14:46:59');
INSERT INTO `sys_login_log` VALUES (455, '127.0.0.1', '登录账户不存在', 1, '局域网，无法获取位置', '0', '2020-09-09 14:47:23');
INSERT INTO `sys_login_log` VALUES (456, '127.0.0.1', '登录账户不存在', 1, '局域网，无法获取位置', '0', '2020-09-09 14:48:53');
INSERT INTO `sys_login_log` VALUES (457, '127.0.0.1', '登录账户不存在', 1, '局域网，无法获取位置', '0', '2020-09-09 15:06:43');
INSERT INTO `sys_login_log` VALUES (458, '127.0.0.1', '登录账户不存在', 1, '局域网，无法获取位置', '0', '2020-09-09 15:06:59');
INSERT INTO `sys_login_log` VALUES (459, '127.0.0.1', '登录账户不存在', 1, '局域网，无法获取位置', '0', '2020-09-09 15:10:58');
INSERT INTO `sys_login_log` VALUES (460, '127.0.0.1', '登录账户不存在', 1, '局域网，无法获取位置', '0', '2020-09-09 15:11:12');
INSERT INTO `sys_login_log` VALUES (461, '127.0.0.1', '用户登录成功', 0, '局域网，无法获取位置', '0', '2020-09-09 15:12:28');
INSERT INTO `sys_login_log` VALUES (462, '127.0.0.1', '登录账户不存在', 1, '局域网，无法获取位置', '0', '2020-09-09 15:14:19');
INSERT INTO `sys_login_log` VALUES (463, '127.0.0.1', '登录账户不存在', 1, '局域网，无法获取位置', '0', '2020-09-09 15:14:27');
INSERT INTO `sys_login_log` VALUES (464, '127.0.0.1', '登录账户不存在', 1, '局域网，无法获取位置', '0', '2020-09-09 15:14:50');
INSERT INTO `sys_login_log` VALUES (465, '127.0.0.1', '用户登录成功', 0, '局域网，无法获取位置', '0', '2020-09-09 15:44:21');
INSERT INTO `sys_login_log` VALUES (466, '127.0.0.1', '登录账户不存在', 1, '局域网，无法获取位置', '0', '2020-09-09 15:45:51');
INSERT INTO `sys_login_log` VALUES (467, '127.0.0.1', '登录账户不存在', 1, '局域网，无法获取位置', '0', '2020-09-09 15:46:08');
INSERT INTO `sys_login_log` VALUES (468, '127.0.0.1', '登录账户不存在', 1, '局域网，无法获取位置', '0', '2020-09-09 15:46:35');
INSERT INTO `sys_login_log` VALUES (469, '127.0.0.1', '登录账户不存在', 1, '局域网，无法获取位置', '0', '2020-09-09 15:47:40');
INSERT INTO `sys_login_log` VALUES (470, '127.0.0.1', '登录账户不存在', 1, '局域网，无法获取位置', '0', '2020-09-09 16:16:22');
INSERT INTO `sys_login_log` VALUES (471, '127.0.0.1', '登录账户不存在', 1, '局域网，无法获取位置', '0', '2020-09-09 16:16:39');
INSERT INTO `sys_login_log` VALUES (472, '127.0.0.1', '登录账户不存在', 1, '局域网，无法获取位置', '0', '2020-09-09 16:29:58');
INSERT INTO `sys_login_log` VALUES (473, '127.0.0.1', '登录账户不存在', 1, '局域网，无法获取位置', '0', '2020-09-09 16:30:14');
INSERT INTO `sys_login_log` VALUES (474, '127.0.0.1', '登录账户不存在', 1, '局域网，无法获取位置', '0', '2020-09-09 16:30:29');
INSERT INTO `sys_login_log` VALUES (475, '127.0.0.1', '登录账户不存在', 1, '局域网，无法获取位置', '0', '2020-09-09 16:30:40');
INSERT INTO `sys_login_log` VALUES (476, '127.0.0.1', '登录账户不存在', 1, '局域网，无法获取位置', '0', '2020-09-09 16:33:12');
INSERT INTO `sys_login_log` VALUES (477, '127.0.0.1', '登录账户不存在', 1, '局域网，无法获取位置', '0', '2020-09-09 16:33:33');
INSERT INTO `sys_login_log` VALUES (478, '127.0.0.1', '登录账户不存在', 1, '局域网，无法获取位置', '0', '2020-09-09 16:33:46');
INSERT INTO `sys_login_log` VALUES (479, '127.0.0.1', '登录账户不存在', 1, '局域网，无法获取位置', '0', '2020-09-09 16:34:32');
INSERT INTO `sys_login_log` VALUES (480, '127.0.0.1', '用户登录成功', 0, '局域网，无法获取位置', '0', '2020-09-09 16:34:35');
INSERT INTO `sys_login_log` VALUES (481, '127.0.0.1', '登录账户不存在', 1, '局域网，无法获取位置', '0', '2020-09-09 16:35:00');
INSERT INTO `sys_login_log` VALUES (482, '127.0.0.1', '用户登录成功', 0, '局域网，无法获取位置', '0', '2020-09-09 16:36:12');
INSERT INTO `sys_login_log` VALUES (483, '127.0.0.1', '用户登录成功', 0, '局域网，无法获取位置', '0', '2020-09-09 16:37:58');
INSERT INTO `sys_login_log` VALUES (484, '0:0:0:0:0:0:0:1', '用户登录成功', 0, '获取位置失败', '0', '2020-09-09 16:42:45');
INSERT INTO `sys_login_log` VALUES (485, '0:0:0:0:0:0:0:1', '用户登录成功', 0, '获取位置失败', '0', '2020-09-09 16:54:31');
INSERT INTO `sys_login_log` VALUES (486, '127.0.0.1', '登录账户不存在', 1, '局域网，无法获取位置', '0', '2020-09-09 16:54:45');
INSERT INTO `sys_login_log` VALUES (487, '127.0.0.1', '登录账户不存在', 1, '局域网，无法获取位置', '0', '2020-09-09 16:54:58');
INSERT INTO `sys_login_log` VALUES (488, '0:0:0:0:0:0:0:1', '用户登录成功', 0, '获取位置失败', '0', '2020-09-09 16:59:01');
INSERT INTO `sys_login_log` VALUES (489, '127.0.0.1', '登录账户不存在', 1, '局域网，无法获取位置', '0', '2020-09-09 17:12:45');
INSERT INTO `sys_login_log` VALUES (490, '127.0.0.1', '登录账户不存在', 1, '局域网，无法获取位置', '0', '2020-09-09 17:12:59');
INSERT INTO `sys_login_log` VALUES (491, '127.0.0.1', '登录账户不存在', 1, '局域网，无法获取位置', '0', '2020-09-09 17:13:29');
INSERT INTO `sys_login_log` VALUES (492, '127.0.0.1', '登录账户不存在', 1, '局域网，无法获取位置', '0', '2020-09-09 17:13:43');
INSERT INTO `sys_login_log` VALUES (493, '127.0.0.1', '用户登录成功', 0, '局域网，无法获取位置', '0', '2020-09-09 17:14:43');
INSERT INTO `sys_login_log` VALUES (494, '127.0.0.1', '登录账户不存在', 1, '局域网，无法获取位置', '0', '2020-09-09 17:15:25');
INSERT INTO `sys_login_log` VALUES (495, '127.0.0.1', '登录账户不存在', 1, '局域网，无法获取位置', '0', '2020-09-09 17:15:52');
INSERT INTO `sys_login_log` VALUES (496, '127.0.0.1', '登录账户不存在', 1, '局域网，无法获取位置', '0', '2020-09-09 17:23:01');
INSERT INTO `sys_login_log` VALUES (497, '127.0.0.1', '登录账户不存在', 1, '局域网，无法获取位置', '0', '2020-09-09 17:23:27');
INSERT INTO `sys_login_log` VALUES (498, '0:0:0:0:0:0:0:1', '用户登录成功', 0, '获取位置失败', '0', '2020-09-09 17:24:09');
INSERT INTO `sys_login_log` VALUES (499, '127.0.0.1', '登录账户不存在', 1, '局域网，无法获取位置', '0', '2020-09-09 17:27:57');
INSERT INTO `sys_login_log` VALUES (500, '127.0.0.1', '用户登录成功', 0, '局域网，无法获取位置', '0', '2020-09-09 17:30:38');
INSERT INTO `sys_login_log` VALUES (501, '127.0.0.1', '登录账户不存在', 1, '局域网，无法获取位置', '0', '2020-09-09 17:35:19');
INSERT INTO `sys_login_log` VALUES (502, '127.0.0.1', '用户登录成功', 0, '局域网，无法获取位置', '0', '2020-09-09 17:37:01');
INSERT INTO `sys_login_log` VALUES (503, '127.0.0.1', '登录账户不存在', 1, '局域网，无法获取位置', '0', '2020-09-09 17:42:52');
INSERT INTO `sys_login_log` VALUES (504, '127.0.0.1', '登录账户不存在', 1, '局域网，无法获取位置', '0', '2020-09-09 17:43:09');
INSERT INTO `sys_login_log` VALUES (505, '127.0.0.1', '用户登录成功', 0, '局域网，无法获取位置', '0', '2020-09-09 17:47:16');
INSERT INTO `sys_login_log` VALUES (506, '127.0.0.1', '登录账户不存在', 1, '局域网，无法获取位置', '0', '2020-09-09 17:51:34');
INSERT INTO `sys_login_log` VALUES (507, '127.0.0.1', '登录账户不存在', 1, '局域网，无法获取位置', '0', '2020-09-09 17:51:51');
INSERT INTO `sys_login_log` VALUES (508, '127.0.0.1', '登录账户不存在', 1, '局域网，无法获取位置', '0', '2020-09-09 17:52:12');
INSERT INTO `sys_login_log` VALUES (509, '127.0.0.1', '用户登录成功', 0, '局域网，无法获取位置', '0', '2020-09-09 17:56:02');
INSERT INTO `sys_login_log` VALUES (510, '127.0.0.1', '用户登录成功', 0, '局域网，无法获取位置', '0', '2020-09-09 17:58:05');
INSERT INTO `sys_login_log` VALUES (511, '127.0.0.1', '登录账户不存在', 1, '局域网，无法获取位置', '0', '2020-09-09 19:14:45');
INSERT INTO `sys_login_log` VALUES (512, '127.0.0.1', '登录账户不存在', 1, '局域网，无法获取位置', '0', '2020-09-09 19:14:52');
INSERT INTO `sys_login_log` VALUES (513, '127.0.0.1', '登录账户不存在', 1, '局域网，无法获取位置', '0', '2020-09-09 19:15:06');
INSERT INTO `sys_login_log` VALUES (514, '127.0.0.1', '登录账户不存在', 1, '局域网，无法获取位置', '0', '2020-09-09 19:16:07');
INSERT INTO `sys_login_log` VALUES (515, '127.0.0.1', '登录账户不存在', 1, '局域网，无法获取位置', '0', '2020-09-09 20:01:44');
INSERT INTO `sys_login_log` VALUES (516, '127.0.0.1', '登录账户不存在', 1, '局域网，无法获取位置', '0', '2020-09-09 20:02:30');
INSERT INTO `sys_login_log` VALUES (517, '127.0.0.1', '登录账户不存在', 1, '局域网，无法获取位置', '0', '2020-09-09 20:02:41');
INSERT INTO `sys_login_log` VALUES (518, '127.0.0.1', '用户登录成功', 0, '局域网，无法获取位置', '0', '2020-09-09 20:04:10');
INSERT INTO `sys_login_log` VALUES (519, '127.0.0.1', '登录账户不存在', 1, '局域网，无法获取位置', '0', '2020-09-09 20:13:20');
INSERT INTO `sys_login_log` VALUES (520, '127.0.0.1', '用户登录成功', 0, '局域网，无法获取位置', '0', '2020-09-09 20:13:52');
INSERT INTO `sys_login_log` VALUES (521, '127.0.0.1', '登录账户不存在', 1, '局域网，无法获取位置', '0', '2020-09-09 20:17:18');
INSERT INTO `sys_login_log` VALUES (522, '127.0.0.1', '登录账户不存在', 1, '局域网，无法获取位置', '0', '2020-09-09 20:17:49');
INSERT INTO `sys_login_log` VALUES (523, '127.0.0.1', '用户登录成功', 0, '局域网，无法获取位置', '0', '2020-09-09 20:31:13');
INSERT INTO `sys_login_log` VALUES (524, '127.0.0.1', '用户登录成功', 0, '局域网，无法获取位置', '0', '2020-09-09 20:32:46');
INSERT INTO `sys_login_log` VALUES (525, '127.0.0.1', '登录账户不存在', 1, '局域网，无法获取位置', '0', '2020-09-09 21:12:45');
INSERT INTO `sys_login_log` VALUES (526, '127.0.0.1', '登录账户不存在', 1, '局域网，无法获取位置', '0', '2020-09-09 21:13:06');
INSERT INTO `sys_login_log` VALUES (527, '127.0.0.1', '登录账户不存在', 1, '局域网，无法获取位置', '0', '2020-09-09 21:13:20');
INSERT INTO `sys_login_log` VALUES (528, '127.0.0.1', '登录账户不存在', 1, '局域网，无法获取位置', '0', '2020-09-09 21:24:17');
INSERT INTO `sys_login_log` VALUES (529, '127.0.0.1', '登录账户不存在', 1, '局域网，无法获取位置', '0', '2020-09-09 21:24:37');
INSERT INTO `sys_login_log` VALUES (530, '127.0.0.1', '登录账户不存在', 1, '局域网，无法获取位置', '0', '2020-09-09 21:24:55');
INSERT INTO `sys_login_log` VALUES (531, '127.0.0.1', '用户登录成功', 0, '局域网，无法获取位置', '0', '2020-09-09 21:29:08');
INSERT INTO `sys_login_log` VALUES (532, '127.0.0.1', '用户登录成功', 0, '局域网，无法获取位置', '0', '2020-09-09 23:08:23');
INSERT INTO `sys_login_log` VALUES (533, '127.0.0.1', '用户登录成功', 0, '局域网，无法获取位置', '0', '2020-09-09 23:08:44');
INSERT INTO `sys_login_log` VALUES (534, '127.0.0.1', '登录账户不存在', 1, '局域网，无法获取位置', '0', '2020-09-10 01:10:18');
INSERT INTO `sys_login_log` VALUES (535, '127.0.0.1', '登录账户不存在', 1, '局域网，无法获取位置', '0', '2020-09-10 01:10:32');
INSERT INTO `sys_login_log` VALUES (536, '127.0.0.1', '登录账户不存在', 1, '局域网，无法获取位置', '0', '2020-09-10 08:04:29');
INSERT INTO `sys_login_log` VALUES (537, '127.0.0.1', '用户登录成功', 0, '局域网，无法获取位置', '0', '2020-09-10 08:06:18');
INSERT INTO `sys_login_log` VALUES (538, '127.0.0.1', '登录账户不存在', 1, '局域网，无法获取位置', '0', '2020-09-10 08:42:10');
INSERT INTO `sys_login_log` VALUES (539, '127.0.0.1', '登录账户不存在', 1, '局域网，无法获取位置', '0', '2020-09-10 08:42:34');
INSERT INTO `sys_login_log` VALUES (540, '127.0.0.1', '登录账户不存在', 1, '局域网，无法获取位置', '0', '2020-09-10 08:42:51');
INSERT INTO `sys_login_log` VALUES (541, '127.0.0.1', '登录账户不存在', 1, '局域网，无法获取位置', '0', '2020-09-10 09:00:40');
INSERT INTO `sys_login_log` VALUES (542, '127.0.0.1', '登录账户不存在', 1, '局域网，无法获取位置', '0', '2020-09-10 09:00:44');
INSERT INTO `sys_login_log` VALUES (543, '127.0.0.1', '登录账户不存在', 1, '局域网，无法获取位置', '0', '2020-09-10 09:01:01');
INSERT INTO `sys_login_log` VALUES (544, '127.0.0.1', '登录账户不存在', 1, '局域网，无法获取位置', '0', '2020-09-10 09:02:34');
INSERT INTO `sys_login_log` VALUES (545, '127.0.0.1', '登录账户不存在', 1, '局域网，无法获取位置', '0', '2020-09-10 09:19:12');
INSERT INTO `sys_login_log` VALUES (546, '127.0.0.1', '登录账户不存在', 1, '局域网，无法获取位置', '0', '2020-09-10 09:19:22');
INSERT INTO `sys_login_log` VALUES (547, '127.0.0.1', '登录账户不存在', 1, '局域网，无法获取位置', '0', '2020-09-10 09:24:02');
INSERT INTO `sys_login_log` VALUES (548, '127.0.0.1', '登录账户不存在', 1, '局域网，无法获取位置', '0', '2020-09-10 09:27:29');
INSERT INTO `sys_login_log` VALUES (549, '127.0.0.1', '登录账户不存在', 1, '局域网，无法获取位置', '0', '2020-09-10 09:27:43');
INSERT INTO `sys_login_log` VALUES (550, '127.0.0.1', '登录账户不存在', 1, '局域网，无法获取位置', '0', '2020-09-10 09:44:01');
INSERT INTO `sys_login_log` VALUES (551, '127.0.0.1', '登录账户不存在', 1, '局域网，无法获取位置', '0', '2020-09-10 09:44:09');
INSERT INTO `sys_login_log` VALUES (552, '127.0.0.1', '登录账户不存在', 1, '局域网，无法获取位置', '0', '2020-09-10 09:44:14');
INSERT INTO `sys_login_log` VALUES (553, '127.0.0.1', '登录账户不存在', 1, '局域网，无法获取位置', '0', '2020-09-10 09:44:29');
INSERT INTO `sys_login_log` VALUES (554, '127.0.0.1', '用户登录成功', 0, '局域网，无法获取位置', '0', '2020-09-10 09:48:44');
INSERT INTO `sys_login_log` VALUES (555, '127.0.0.1', '登录账户不存在', 1, '局域网，无法获取位置', '0', '2020-09-10 09:54:11');
INSERT INTO `sys_login_log` VALUES (556, '127.0.0.1', '登录账户不存在', 1, '局域网，无法获取位置', '0', '2020-09-10 09:54:23');
INSERT INTO `sys_login_log` VALUES (557, '127.0.0.1', '用户登录成功', 0, '局域网，无法获取位置', '0', '2020-09-10 11:26:44');
INSERT INTO `sys_login_log` VALUES (558, '127.0.0.1', '登录账户不存在', 1, '局域网，无法获取位置', '0', '2020-09-10 11:56:25');
INSERT INTO `sys_login_log` VALUES (559, '127.0.0.1', '登录账户不存在', 1, '局域网，无法获取位置', '0', '2020-09-10 11:56:34');
INSERT INTO `sys_login_log` VALUES (560, '127.0.0.1', '用户登录成功', 0, '局域网，无法获取位置', '0', '2020-09-10 14:14:42');
INSERT INTO `sys_login_log` VALUES (561, '127.0.0.1', '用户登录成功', 0, '局域网，无法获取位置', '0', '2020-09-10 14:14:44');
INSERT INTO `sys_login_log` VALUES (562, '127.0.0.1', '用户登录成功', 0, '局域网，无法获取位置', '0', '2020-09-10 14:20:30');
INSERT INTO `sys_login_log` VALUES (563, '127.0.0.1', '用户登录成功', 0, '局域网，无法获取位置', '0', '2020-09-10 14:24:15');
INSERT INTO `sys_login_log` VALUES (564, '127.0.0.1', '登录账户不存在', 1, '局域网，无法获取位置', '0', '2020-09-10 14:46:43');
INSERT INTO `sys_login_log` VALUES (565, '127.0.0.1', '登录账户不存在', 1, '局域网，无法获取位置', '0', '2020-09-10 14:58:15');
INSERT INTO `sys_login_log` VALUES (566, '127.0.0.1', '登录账户不存在', 1, '局域网，无法获取位置', '0', '2020-09-10 14:58:40');
INSERT INTO `sys_login_log` VALUES (567, '127.0.0.1', '登录账户不存在', 1, '局域网，无法获取位置', '0', '2020-09-10 14:58:54');
INSERT INTO `sys_login_log` VALUES (568, '127.0.0.1', '登录账户不存在', 1, '局域网，无法获取位置', '0', '2020-09-10 14:58:56');
INSERT INTO `sys_login_log` VALUES (569, '127.0.0.1', '登录账户不存在', 1, '局域网，无法获取位置', '0', '2020-09-10 14:59:03');
INSERT INTO `sys_login_log` VALUES (570, '127.0.0.1', '用户登录成功', 0, '局域网，无法获取位置', '0', '2020-09-10 15:12:23');
INSERT INTO `sys_login_log` VALUES (571, '127.0.0.1', '登录账户不存在', 1, '局域网，无法获取位置', '0', '2020-09-10 15:24:49');
INSERT INTO `sys_login_log` VALUES (572, '127.0.0.1', '登录账户不存在', 1, '局域网，无法获取位置', '0', '2020-09-10 15:24:54');
INSERT INTO `sys_login_log` VALUES (573, '127.0.0.1', '登录账户不存在', 1, '局域网，无法获取位置', '0', '2020-09-10 16:00:13');
INSERT INTO `sys_login_log` VALUES (574, '127.0.0.1', '登录账户不存在', 1, '局域网，无法获取位置', '0', '2020-09-10 16:00:39');
INSERT INTO `sys_login_log` VALUES (575, '127.0.0.1', '登录账户不存在', 1, '局域网，无法获取位置', '0', '2020-09-10 16:00:54');
INSERT INTO `sys_login_log` VALUES (576, '127.0.0.1', '登录账户不存在', 1, '局域网，无法获取位置', '0', '2020-09-10 16:05:14');
INSERT INTO `sys_login_log` VALUES (577, '127.0.0.1', '登录账户不存在', 1, '局域网，无法获取位置', '0', '2020-09-10 16:05:38');
INSERT INTO `sys_login_log` VALUES (578, '127.0.0.1', '用户登录成功', 0, '局域网，无法获取位置', '0', '2020-09-10 16:05:40');
INSERT INTO `sys_login_log` VALUES (579, '127.0.0.1', '登录账户不存在', 1, '局域网，无法获取位置', '0', '2020-09-10 16:43:18');
INSERT INTO `sys_login_log` VALUES (580, '127.0.0.1', '登录账户不存在', 1, '局域网，无法获取位置', '0', '2020-09-10 16:43:36');
INSERT INTO `sys_login_log` VALUES (581, '127.0.0.1', '用户登录成功', 0, '局域网，无法获取位置', '0', '2020-09-10 16:44:02');
INSERT INTO `sys_login_log` VALUES (582, '127.0.0.1', '登录账户不存在', 1, '局域网，无法获取位置', '0', '2020-09-10 16:45:34');
INSERT INTO `sys_login_log` VALUES (583, '127.0.0.1', '登录账户不存在', 1, '局域网，无法获取位置', '0', '2020-09-10 16:46:16');
INSERT INTO `sys_login_log` VALUES (584, '127.0.0.1', '登录账户不存在', 1, '局域网，无法获取位置', '0', '2020-09-10 16:46:58');
INSERT INTO `sys_login_log` VALUES (585, '127.0.0.1', '登录账户不存在', 1, '局域网，无法获取位置', '0', '2020-09-10 17:23:01');
INSERT INTO `sys_login_log` VALUES (586, '127.0.0.1', '登录账户不存在', 1, '局域网，无法获取位置', '0', '2020-09-10 17:23:08');
INSERT INTO `sys_login_log` VALUES (587, '127.0.0.1', '登录账户不存在', 1, '局域网，无法获取位置', '0', '2020-09-10 17:27:53');
INSERT INTO `sys_login_log` VALUES (588, '127.0.0.1', '登录账户不存在', 1, '局域网，无法获取位置', '0', '2020-09-10 17:28:10');
INSERT INTO `sys_login_log` VALUES (589, '127.0.0.1', '用户登录成功', 0, '局域网，无法获取位置', '0', '2020-09-10 17:45:51');
INSERT INTO `sys_login_log` VALUES (590, '127.0.0.1', '登录账户不存在', 1, '局域网，无法获取位置', '0', '2020-09-10 18:01:22');
INSERT INTO `sys_login_log` VALUES (591, '127.0.0.1', '登录账户不存在', 1, '局域网，无法获取位置', '0', '2020-09-10 18:01:30');
INSERT INTO `sys_login_log` VALUES (592, '127.0.0.1', '登录账户不存在', 1, '局域网，无法获取位置', '0', '2020-09-10 18:01:37');
INSERT INTO `sys_login_log` VALUES (593, '127.0.0.1', '登录账户不存在', 1, '局域网，无法获取位置', '0', '2020-09-10 18:02:14');
INSERT INTO `sys_login_log` VALUES (594, '127.0.0.1', '用户登录成功', 0, '局域网，无法获取位置', '0', '2020-09-10 18:03:18');
INSERT INTO `sys_login_log` VALUES (595, '127.0.0.1', '登录账户不存在', 1, '局域网，无法获取位置', '0', '2020-09-10 18:26:12');
INSERT INTO `sys_login_log` VALUES (596, '127.0.0.1', '登录账户不存在', 1, '局域网，无法获取位置', '0', '2020-09-10 18:26:18');
INSERT INTO `sys_login_log` VALUES (597, '127.0.0.1', '登录账户不存在', 1, '局域网，无法获取位置', '0', '2020-09-10 18:26:33');
INSERT INTO `sys_login_log` VALUES (598, '127.0.0.1', '登录账户不存在', 1, '局域网，无法获取位置', '0', '2020-09-10 19:28:09');
INSERT INTO `sys_login_log` VALUES (599, '127.0.0.1', '用户登录成功', 0, '局域网，无法获取位置', '0', '2020-09-10 19:46:19');
INSERT INTO `sys_login_log` VALUES (600, '127.0.0.1', '登录账户不存在', 1, '局域网，无法获取位置', '0', '2020-09-10 19:58:33');
INSERT INTO `sys_login_log` VALUES (601, '127.0.0.1', '登录账户不存在', 1, '局域网，无法获取位置', '0', '2020-09-10 19:59:02');
INSERT INTO `sys_login_log` VALUES (602, '127.0.0.1', '用户登录成功', 0, '局域网，无法获取位置', '0', '2020-09-10 20:19:56');
INSERT INTO `sys_login_log` VALUES (603, '127.0.0.1', '登录账户不存在', 1, '局域网，无法获取位置', '0', '2020-09-10 20:29:04');
INSERT INTO `sys_login_log` VALUES (604, '127.0.0.1', '登录密码不正确', 1, '局域网，无法获取位置', '0', '2020-09-10 20:48:14');
INSERT INTO `sys_login_log` VALUES (605, '127.0.0.1', '用户登录成功', 0, '局域网，无法获取位置', '0', '2020-09-10 20:48:30');
INSERT INTO `sys_login_log` VALUES (606, '127.0.0.1', '用户登录成功', 0, '局域网，无法获取位置', '0', '2020-09-10 20:50:24');
INSERT INTO `sys_login_log` VALUES (607, '127.0.0.1', '用户登录成功', 0, '局域网，无法获取位置', '0', '2020-09-10 20:51:21');
INSERT INTO `sys_login_log` VALUES (608, '127.0.0.1', '用户登录成功', 0, '局域网，无法获取位置', '0', '2020-09-10 20:55:30');
INSERT INTO `sys_login_log` VALUES (609, '127.0.0.1', '用户登录成功', 0, '局域网，无法获取位置', '0', '2020-09-10 20:58:31');
INSERT INTO `sys_login_log` VALUES (610, '127.0.0.1', '登录账户不存在', 1, '局域网，无法获取位置', '0', '2020-09-10 21:12:19');
INSERT INTO `sys_login_log` VALUES (611, '127.0.0.1', '登录账户不存在', 1, '局域网，无法获取位置', '0', '2020-09-10 21:12:55');
INSERT INTO `sys_login_log` VALUES (612, '127.0.0.1', '登录账户不存在', 1, '局域网，无法获取位置', '0', '2020-09-10 21:13:13');
INSERT INTO `sys_login_log` VALUES (613, '127.0.0.1', '用户登录成功', 0, '局域网，无法获取位置', '0', '2020-09-10 21:14:28');
INSERT INTO `sys_login_log` VALUES (614, '127.0.0.1', '登录账户不存在', 1, '局域网，无法获取位置', '0', '2020-09-10 22:57:11');
INSERT INTO `sys_login_log` VALUES (615, '127.0.0.1', '登录账户不存在', 1, '局域网，无法获取位置', '0', '2020-09-10 22:57:43');
INSERT INTO `sys_login_log` VALUES (616, '127.0.0.1', '登录账户不存在', 1, '局域网，无法获取位置', '0', '2020-09-10 23:04:19');
INSERT INTO `sys_login_log` VALUES (617, '127.0.0.1', '登录账户不存在', 1, '局域网，无法获取位置', '0', '2020-09-10 23:04:56');
INSERT INTO `sys_login_log` VALUES (618, '127.0.0.1', '登录账户不存在', 1, '局域网，无法获取位置', '0', '2020-09-11 00:16:19');
INSERT INTO `sys_login_log` VALUES (619, '127.0.0.1', '登录账户不存在', 1, '局域网，无法获取位置', '0', '2020-09-11 00:16:36');
INSERT INTO `sys_login_log` VALUES (620, '127.0.0.1', '用户登录成功', 0, '局域网，无法获取位置', '0', '2020-09-11 04:38:17');
INSERT INTO `sys_login_log` VALUES (621, '49.90.174.46', '登录账户不存在', 1, '江苏省 电信', '0', '2020-09-11 08:28:42');
INSERT INTO `sys_login_log` VALUES (622, '127.0.0.1', '登录账户不存在', 1, '局域网，无法获取位置', '0', '2020-09-11 08:31:52');
INSERT INTO `sys_login_log` VALUES (623, '127.0.0.1', '登录账户不存在', 1, '局域网，无法获取位置', '0', '2020-09-11 08:31:56');
INSERT INTO `sys_login_log` VALUES (624, '127.0.0.1', '登录账户不存在', 1, '局域网，无法获取位置', '0', '2020-09-11 08:32:15');
INSERT INTO `sys_login_log` VALUES (625, '127.0.0.1', '登录账户不存在', 1, '局域网，无法获取位置', '0', '2020-09-11 08:34:48');
INSERT INTO `sys_login_log` VALUES (626, '127.0.0.1', '用户登录成功', 0, '局域网，无法获取位置', '0', '2020-09-11 08:35:50');
INSERT INTO `sys_login_log` VALUES (627, '127.0.0.1', '用户登录成功', 0, '局域网，无法获取位置', '0', '2020-09-11 08:47:26');
INSERT INTO `sys_login_log` VALUES (628, '127.0.0.1', '登录账户不存在', 1, '局域网，无法获取位置', '0', '2020-09-11 08:51:25');
INSERT INTO `sys_login_log` VALUES (629, '127.0.0.1', '登录账户不存在', 1, '局域网，无法获取位置', '0', '2020-09-11 08:51:43');
INSERT INTO `sys_login_log` VALUES (630, '127.0.0.1', '登录账户不存在', 1, '局域网，无法获取位置', '0', '2020-09-11 09:00:50');
INSERT INTO `sys_login_log` VALUES (631, '127.0.0.1', '登录账户不存在', 1, '局域网，无法获取位置', '0', '2020-09-11 09:00:58');
INSERT INTO `sys_login_log` VALUES (632, '127.0.0.1', '登录账户不存在', 1, '局域网，无法获取位置', '0', '2020-09-11 09:01:15');
INSERT INTO `sys_login_log` VALUES (633, '127.0.0.1', '登录账户不存在', 1, '局域网，无法获取位置', '0', '2020-09-11 09:16:04');
INSERT INTO `sys_login_log` VALUES (634, '127.0.0.1', '用户登录成功', 0, '局域网，无法获取位置', '0', '2020-09-11 09:30:47');
INSERT INTO `sys_login_log` VALUES (635, '127.0.0.1', '登录账户不存在', 1, '局域网，无法获取位置', '0', '2020-09-11 09:49:24');
INSERT INTO `sys_login_log` VALUES (636, '127.0.0.1', '登录账户不存在', 1, '局域网，无法获取位置', '0', '2020-09-11 09:49:36');
INSERT INTO `sys_login_log` VALUES (637, '127.0.0.1', '登录账户不存在', 1, '局域网，无法获取位置', '0', '2020-09-11 09:50:20');
INSERT INTO `sys_login_log` VALUES (638, '127.0.0.1', '登录账户不存在', 1, '局域网，无法获取位置', '0', '2020-09-11 10:07:43');
INSERT INTO `sys_login_log` VALUES (639, '127.0.0.1', '登录账户不存在', 1, '局域网，无法获取位置', '0', '2020-09-11 10:08:03');
INSERT INTO `sys_login_log` VALUES (640, '127.0.0.1', '用户登录成功', 0, '局域网，无法获取位置', '0', '2020-09-11 10:28:28');
INSERT INTO `sys_login_log` VALUES (641, '127.0.0.1', '登录密码不正确', 1, '局域网，无法获取位置', '0', '2020-09-11 10:42:15');
INSERT INTO `sys_login_log` VALUES (642, '127.0.0.1', '用户登录成功', 0, '局域网，无法获取位置', '0', '2020-09-11 10:42:24');
INSERT INTO `sys_login_log` VALUES (643, '127.0.0.1', '用户登录成功', 0, '局域网，无法获取位置', '0', '2020-09-11 10:43:49');
INSERT INTO `sys_login_log` VALUES (644, '127.0.0.1', '登录账户不存在', 1, '局域网，无法获取位置', '0', '2020-09-11 10:55:30');
INSERT INTO `sys_login_log` VALUES (645, '127.0.0.1', '登录账户不存在', 1, '局域网，无法获取位置', '0', '2020-09-11 10:55:36');
INSERT INTO `sys_login_log` VALUES (646, '127.0.0.1', '登录账户不存在', 1, '局域网，无法获取位置', '0', '2020-09-11 10:55:55');
INSERT INTO `sys_login_log` VALUES (647, '127.0.0.1', '用户登录成功', 0, '局域网，无法获取位置', '0', '2020-09-11 11:00:52');
INSERT INTO `sys_login_log` VALUES (648, '127.0.0.1', '用户登录成功', 0, '局域网，无法获取位置', '0', '2020-09-11 11:32:12');
INSERT INTO `sys_login_log` VALUES (649, '127.0.0.1', '登录账户不存在', 1, '局域网，无法获取位置', '0', '2020-09-11 11:37:55');
INSERT INTO `sys_login_log` VALUES (650, '127.0.0.1', '登录账户不存在', 1, '局域网，无法获取位置', '0', '2020-09-11 11:38:15');
INSERT INTO `sys_login_log` VALUES (651, '127.0.0.1', '登录账户不存在', 1, '局域网，无法获取位置', '0', '2020-09-11 11:38:30');
INSERT INTO `sys_login_log` VALUES (652, '127.0.0.1', '登录账户不存在', 1, '局域网，无法获取位置', '0', '2020-09-11 11:38:48');
INSERT INTO `sys_login_log` VALUES (653, '127.0.0.1', '登录账户不存在', 1, '局域网，无法获取位置', '0', '2020-09-11 11:38:50');
INSERT INTO `sys_login_log` VALUES (654, '127.0.0.1', '登录账户不存在', 1, '局域网，无法获取位置', '0', '2020-09-11 11:39:01');
INSERT INTO `sys_login_log` VALUES (655, '127.0.0.1', '用户登录成功', 0, '局域网，无法获取位置', '0', '2020-09-11 11:40:24');
INSERT INTO `sys_login_log` VALUES (656, '127.0.0.1', '登录账户不存在', 1, '局域网，无法获取位置', '0', '2020-09-11 11:41:28');
INSERT INTO `sys_login_log` VALUES (657, '127.0.0.1', '登录账户不存在', 1, '局域网，无法获取位置', '0', '2020-09-11 11:41:46');
INSERT INTO `sys_login_log` VALUES (658, '127.0.0.1', '登录账户不存在', 1, '局域网，无法获取位置', '0', '2020-09-11 11:57:15');
INSERT INTO `sys_login_log` VALUES (659, '127.0.0.1', '登录账户不存在', 1, '局域网，无法获取位置', '0', '2020-09-11 11:57:37');
INSERT INTO `sys_login_log` VALUES (660, '127.0.0.1', '登录账户不存在', 1, '局域网，无法获取位置', '0', '2020-09-11 12:51:43');
INSERT INTO `sys_login_log` VALUES (661, '127.0.0.1', '登录账户不存在', 1, '局域网，无法获取位置', '0', '2020-09-11 13:03:17');
INSERT INTO `sys_login_log` VALUES (662, '127.0.0.1', '登录账户不存在', 1, '局域网，无法获取位置', '0', '2020-09-11 13:05:22');
INSERT INTO `sys_login_log` VALUES (663, '127.0.0.1', '登录账户不存在', 1, '局域网，无法获取位置', '0', '2020-09-11 13:09:40');
INSERT INTO `sys_login_log` VALUES (664, '127.0.0.1', '登录账户不存在', 1, '局域网，无法获取位置', '0', '2020-09-11 13:10:12');
INSERT INTO `sys_login_log` VALUES (665, '127.0.0.1', '登录账户不存在', 1, '局域网，无法获取位置', '0', '2020-09-11 13:11:06');
INSERT INTO `sys_login_log` VALUES (666, '127.0.0.1', '用户登录成功', 0, '局域网，无法获取位置', '0', '2020-09-11 13:14:17');
INSERT INTO `sys_login_log` VALUES (667, '127.0.0.1', '登录账户不存在', 1, '局域网，无法获取位置', '0', '2020-09-11 13:56:32');
INSERT INTO `sys_login_log` VALUES (668, '127.0.0.1', '登录账户不存在', 1, '局域网，无法获取位置', '0', '2020-09-11 13:56:39');
INSERT INTO `sys_login_log` VALUES (669, '127.0.0.1', '登录账户不存在', 1, '局域网，无法获取位置', '0', '2020-09-11 13:56:54');
INSERT INTO `sys_login_log` VALUES (670, '127.0.0.1', '登录账户不存在', 1, '局域网，无法获取位置', '0', '2020-09-11 13:57:02');
INSERT INTO `sys_login_log` VALUES (671, '127.0.0.1', '登录账户不存在', 1, '局域网，无法获取位置', '0', '2020-09-11 13:57:12');
INSERT INTO `sys_login_log` VALUES (672, '127.0.0.1', '登录账户不存在', 1, '局域网，无法获取位置', '0', '2020-09-11 14:47:04');
INSERT INTO `sys_login_log` VALUES (673, '127.0.0.1', '登录账户不存在', 1, '局域网，无法获取位置', '0', '2020-09-11 14:47:25');
INSERT INTO `sys_login_log` VALUES (674, '127.0.0.1', '用户登录成功', 0, '局域网，无法获取位置', '0', '2020-09-11 14:49:41');
INSERT INTO `sys_login_log` VALUES (675, '127.0.0.1', '登录账户不存在', 1, '局域网，无法获取位置', '0', '2020-09-11 14:53:29');
INSERT INTO `sys_login_log` VALUES (676, '127.0.0.1', '登录账户不存在', 1, '局域网，无法获取位置', '0', '2020-09-11 14:53:56');
INSERT INTO `sys_login_log` VALUES (677, '127.0.0.1', '登录账户不存在', 1, '局域网，无法获取位置', '0', '2020-09-11 14:54:06');
INSERT INTO `sys_login_log` VALUES (678, '127.0.0.1', '登录账户不存在', 1, '局域网，无法获取位置', '0', '2020-09-11 14:58:08');
INSERT INTO `sys_login_log` VALUES (679, '127.0.0.1', '用户登录成功', 0, '局域网，无法获取位置', '0', '2020-09-11 15:59:51');
INSERT INTO `sys_login_log` VALUES (680, '127.0.0.1', '登录账户不存在', 1, '局域网，无法获取位置', '0', '2020-09-11 16:05:30');
INSERT INTO `sys_login_log` VALUES (681, '127.0.0.1', '登录账户不存在', 1, '局域网，无法获取位置', '0', '2020-09-11 16:06:41');
INSERT INTO `sys_login_log` VALUES (682, '127.0.0.1', '登录账户不存在', 1, '局域网，无法获取位置', '0', '2020-09-11 16:09:05');
INSERT INTO `sys_login_log` VALUES (683, '127.0.0.1', '用户登录成功', 0, '局域网，无法获取位置', '0', '2020-09-11 16:10:42');
INSERT INTO `sys_login_log` VALUES (684, '127.0.0.1', '登录账户不存在', 1, '局域网，无法获取位置', '0', '2020-09-11 16:32:48');
INSERT INTO `sys_login_log` VALUES (685, '127.0.0.1', '登录账户不存在', 1, '局域网，无法获取位置', '0', '2020-09-11 16:34:33');
INSERT INTO `sys_login_log` VALUES (686, '127.0.0.1', '登录账户不存在', 1, '局域网，无法获取位置', '0', '2020-09-11 16:40:26');
INSERT INTO `sys_login_log` VALUES (687, '127.0.0.1', '用户登录成功', 0, '局域网，无法获取位置', '0', '2020-09-11 16:40:37');
INSERT INTO `sys_login_log` VALUES (688, '127.0.0.1', '用户登录成功', 0, '局域网，无法获取位置', '0', '2020-09-11 16:46:09');
INSERT INTO `sys_login_log` VALUES (689, '127.0.0.1', '登录账户不存在', 1, '局域网，无法获取位置', '0', '2020-09-11 17:08:26');
INSERT INTO `sys_login_log` VALUES (690, '127.0.0.1', '登录账户不存在', 1, '局域网，无法获取位置', '0', '2020-09-11 17:18:16');
INSERT INTO `sys_login_log` VALUES (691, '127.0.0.1', '登录账户不存在', 1, '局域网，无法获取位置', '0', '2020-09-11 17:19:21');
INSERT INTO `sys_login_log` VALUES (692, '127.0.0.1', '用户登录成功', 0, '局域网，无法获取位置', '0', '2020-09-11 17:24:20');
INSERT INTO `sys_login_log` VALUES (693, '127.0.0.1', '登录账户不存在', 1, '局域网，无法获取位置', '0', '2020-09-11 17:31:52');
INSERT INTO `sys_login_log` VALUES (694, '127.0.0.1', '登录账户不存在', 1, '局域网，无法获取位置', '0', '2020-09-11 17:32:12');
INSERT INTO `sys_login_log` VALUES (695, '127.0.0.1', '登录账户不存在', 1, '局域网，无法获取位置', '0', '2020-09-11 17:39:30');
INSERT INTO `sys_login_log` VALUES (696, '127.0.0.1', '登录密码不正确', 1, '局域网，无法获取位置', '0', '2020-09-11 17:39:32');
INSERT INTO `sys_login_log` VALUES (697, '127.0.0.1', '登录密码不正确', 1, '局域网，无法获取位置', '0', '2020-09-11 17:39:37');
INSERT INTO `sys_login_log` VALUES (698, '127.0.0.1', '登录账户不存在', 1, '局域网，无法获取位置', '0', '2020-09-11 17:39:38');
INSERT INTO `sys_login_log` VALUES (699, '127.0.0.1', '登录密码不正确', 1, '局域网，无法获取位置', '0', '2020-09-11 17:39:47');
INSERT INTO `sys_login_log` VALUES (700, '127.0.0.1', '登录账户不存在', 1, '局域网，无法获取位置', '0', '2020-09-11 17:39:58');
INSERT INTO `sys_login_log` VALUES (701, '127.0.0.1', '用户登录成功', 0, '局域网，无法获取位置', '0', '2020-09-11 17:40:09');
INSERT INTO `sys_login_log` VALUES (702, '127.0.0.1', '用户登录成功', 0, '局域网，无法获取位置', '0', '2020-09-11 17:40:12');
INSERT INTO `sys_login_log` VALUES (703, '127.0.0.1', '登录账户不存在', 1, '局域网，无法获取位置', '0', '2020-09-11 17:41:18');
INSERT INTO `sys_login_log` VALUES (704, '127.0.0.1', '登录账户不存在', 1, '局域网，无法获取位置', '0', '2020-09-11 17:41:42');
INSERT INTO `sys_login_log` VALUES (705, '127.0.0.1', '用户登录成功', 0, '局域网，无法获取位置', '0', '2020-09-11 17:43:51');
INSERT INTO `sys_login_log` VALUES (706, '127.0.0.1', '用户登录成功', 0, '局域网，无法获取位置', '0', '2020-09-11 18:25:25');
INSERT INTO `sys_login_log` VALUES (707, '127.0.0.1', '登录账户不存在', 1, '局域网，无法获取位置', '0', '2020-09-11 19:44:22');
INSERT INTO `sys_login_log` VALUES (708, '127.0.0.1', '用户登录成功', 0, '局域网，无法获取位置', '0', '2020-09-11 19:45:27');
INSERT INTO `sys_login_log` VALUES (709, '127.0.0.1', '登录账户不存在', 1, '局域网，无法获取位置', '0', '2020-09-11 20:46:00');
INSERT INTO `sys_login_log` VALUES (710, '127.0.0.1', '登录账户不存在', 1, '局域网，无法获取位置', '0', '2020-09-11 20:46:30');
INSERT INTO `sys_login_log` VALUES (711, '127.0.0.1', '登录账户不存在', 1, '局域网，无法获取位置', '0', '2020-09-11 21:50:34');
INSERT INTO `sys_login_log` VALUES (712, '127.0.0.1', '登录账户不存在', 1, '局域网，无法获取位置', '0', '2020-09-11 21:50:42');
INSERT INTO `sys_login_log` VALUES (713, '127.0.0.1', '用户登录成功', 0, '局域网，无法获取位置', '0', '2020-09-11 21:56:30');
INSERT INTO `sys_login_log` VALUES (714, '127.0.0.1', '登录账户不存在', 1, '局域网，无法获取位置', '0', '2020-09-12 09:03:23');
INSERT INTO `sys_login_log` VALUES (715, '127.0.0.1', '登录账户不存在', 1, '局域网，无法获取位置', '0', '2020-09-12 09:03:41');
INSERT INTO `sys_login_log` VALUES (716, '127.0.0.1', '用户登录成功', 0, '局域网，无法获取位置', '0', '2020-09-12 09:06:01');
INSERT INTO `sys_login_log` VALUES (717, '127.0.0.1', '登录账户不存在', 1, '局域网，无法获取位置', '0', '2020-09-12 09:20:40');
INSERT INTO `sys_login_log` VALUES (718, '127.0.0.1', '登录账户不存在', 1, '局域网，无法获取位置', '0', '2020-09-12 09:20:45');
INSERT INTO `sys_login_log` VALUES (719, '127.0.0.1', '登录账户不存在', 1, '局域网，无法获取位置', '0', '2020-09-12 09:21:11');
INSERT INTO `sys_login_log` VALUES (720, '127.0.0.1', '登录账户不存在', 1, '局域网，无法获取位置', '0', '2020-09-12 10:05:12');
INSERT INTO `sys_login_log` VALUES (721, '127.0.0.1', '用户登录成功', 0, '局域网，无法获取位置', '0', '2020-09-12 11:29:08');
INSERT INTO `sys_login_log` VALUES (722, '127.0.0.1', '登录账户不存在', 1, '局域网，无法获取位置', '0', '2020-09-12 11:32:13');
INSERT INTO `sys_login_log` VALUES (723, '127.0.0.1', '登录账户不存在', 1, '局域网，无法获取位置', '0', '2020-09-12 11:32:32');
INSERT INTO `sys_login_log` VALUES (724, '127.0.0.1', '登录账户不存在', 1, '局域网，无法获取位置', '0', '2020-09-12 11:33:14');
INSERT INTO `sys_login_log` VALUES (725, '127.0.0.1', '用户登录成功', 0, '局域网，无法获取位置', '0', '2020-09-12 11:33:31');
INSERT INTO `sys_login_log` VALUES (726, '127.0.0.1', '登录账户不存在', 1, '局域网，无法获取位置', '0', '2020-09-12 11:37:57');
INSERT INTO `sys_login_log` VALUES (727, '127.0.0.1', '登录账户不存在', 1, '局域网，无法获取位置', '0', '2020-09-12 11:38:17');
INSERT INTO `sys_login_log` VALUES (728, '127.0.0.1', '用户登录成功', 0, '局域网，无法获取位置', '0', '2020-09-12 11:39:04');
INSERT INTO `sys_login_log` VALUES (729, '127.0.0.1', '用户登录成功', 0, '局域网，无法获取位置', '0', '2020-09-12 11:48:16');
INSERT INTO `sys_login_log` VALUES (730, '127.0.0.1', '用户登录成功', 0, '局域网，无法获取位置', '0', '2020-09-12 13:37:08');
INSERT INTO `sys_login_log` VALUES (731, '127.0.0.1', '用户登录成功', 0, '局域网，无法获取位置', '0', '2020-09-12 14:08:28');
INSERT INTO `sys_login_log` VALUES (732, '127.0.0.1', '登录账户不存在', 1, '局域网，无法获取位置', '0', '2020-09-12 14:38:52');
INSERT INTO `sys_login_log` VALUES (733, '127.0.0.1', '登录账户不存在', 1, '局域网，无法获取位置', '0', '2020-09-12 14:38:58');
INSERT INTO `sys_login_log` VALUES (734, '127.0.0.1', '登录账户不存在', 1, '局域网，无法获取位置', '0', '2020-09-12 14:39:07');
INSERT INTO `sys_login_log` VALUES (735, '127.0.0.1', '用户登录成功', 0, '局域网，无法获取位置', '0', '2020-09-12 15:21:32');
INSERT INTO `sys_login_log` VALUES (736, '127.0.0.1', '用户登录成功', 0, '局域网，无法获取位置', '0', '2020-09-12 15:45:44');
INSERT INTO `sys_login_log` VALUES (737, '127.0.0.1', '登录账户不存在', 1, '局域网，无法获取位置', '0', '2020-09-12 16:25:07');
INSERT INTO `sys_login_log` VALUES (738, '127.0.0.1', '登录账户不存在', 1, '局域网，无法获取位置', '0', '2020-09-12 16:26:30');
INSERT INTO `sys_login_log` VALUES (739, '127.0.0.1', '用户登录成功', 0, '局域网，无法获取位置', '0', '2020-09-12 18:22:46');
INSERT INTO `sys_login_log` VALUES (740, '127.0.0.1', '用户登录成功', 0, '局域网，无法获取位置', '0', '2020-09-12 18:25:07');
INSERT INTO `sys_login_log` VALUES (741, '127.0.0.1', '登录账户不存在', 1, '局域网，无法获取位置', '0', '2020-09-12 19:20:33');
INSERT INTO `sys_login_log` VALUES (742, '127.0.0.1', '用户登录成功', 0, '局域网，无法获取位置', '0', '2020-09-12 20:51:46');
INSERT INTO `sys_login_log` VALUES (743, '127.0.0.1', '登录账户不存在', 1, '局域网，无法获取位置', '0', '2020-09-12 22:03:54');
INSERT INTO `sys_login_log` VALUES (744, '127.0.0.1', '登录账户不存在', 1, '局域网，无法获取位置', '0', '2020-09-12 22:04:05');
INSERT INTO `sys_login_log` VALUES (745, '127.0.0.1', '登录账户不存在', 1, '局域网，无法获取位置', '0', '2020-09-13 00:45:42');
INSERT INTO `sys_login_log` VALUES (746, '127.0.0.1', '登录账户不存在', 1, '局域网，无法获取位置', '0', '2020-09-13 00:46:21');
INSERT INTO `sys_login_log` VALUES (747, '127.0.0.1', '登录账户不存在', 1, '局域网，无法获取位置', '0', '2020-09-13 00:48:01');
INSERT INTO `sys_login_log` VALUES (748, '127.0.0.1', '登录账户不存在', 1, '局域网，无法获取位置', '0', '2020-09-13 07:00:49');
INSERT INTO `sys_login_log` VALUES (749, '127.0.0.1', '登录账户不存在', 1, '局域网，无法获取位置', '0', '2020-09-13 07:02:30');
INSERT INTO `sys_login_log` VALUES (750, '127.0.0.1', '用户登录成功', 0, '局域网，无法获取位置', '0', '2020-09-13 07:06:35');
INSERT INTO `sys_login_log` VALUES (751, '117.136.41.80', '登录账户不存在', 1, '广东省广州市 移动', '0', '2020-09-13 08:39:06');
INSERT INTO `sys_login_log` VALUES (752, '117.136.41.80', '登录账户不存在', 1, '广东省广州市 移动', '0', '2020-09-13 08:39:29');
INSERT INTO `sys_login_log` VALUES (753, '117.136.41.80', '登录账户不存在', 1, '广东省广州市 移动', '0', '2020-09-13 08:39:42');
INSERT INTO `sys_login_log` VALUES (754, '127.0.0.1', '登录账户不存在', 1, '局域网，无法获取位置', '0', '2020-09-13 13:16:45');
INSERT INTO `sys_login_log` VALUES (755, '127.0.0.1', '登录账户不存在', 1, '局域网，无法获取位置', '0', '2020-09-13 13:16:58');
INSERT INTO `sys_login_log` VALUES (756, '127.0.0.1', '登录账户不存在', 1, '局域网，无法获取位置', '0', '2020-09-13 13:17:20');
INSERT INTO `sys_login_log` VALUES (757, '127.0.0.1', '用户登录成功', 0, '局域网，无法获取位置', '0', '2020-09-13 13:18:24');
INSERT INTO `sys_login_log` VALUES (758, '127.0.0.1', '登录账户不存在', 1, '局域网，无法获取位置', '0', '2020-09-13 15:10:35');
INSERT INTO `sys_login_log` VALUES (759, '127.0.0.1', '登录账户不存在', 1, '局域网，无法获取位置', '0', '2020-09-13 15:10:58');
INSERT INTO `sys_login_log` VALUES (760, '127.0.0.1', '用户登录成功', 0, '局域网，无法获取位置', '0', '2020-09-13 15:11:39');
INSERT INTO `sys_login_log` VALUES (761, '127.0.0.1', '登录账户不存在', 1, '局域网，无法获取位置', '0', '2020-09-13 15:15:28');
INSERT INTO `sys_login_log` VALUES (762, '127.0.0.1', '登录账户不存在', 1, '局域网，无法获取位置', '0', '2020-09-13 15:54:36');
INSERT INTO `sys_login_log` VALUES (763, '127.0.0.1', '登录账户不存在', 1, '局域网，无法获取位置', '0', '2020-09-13 19:28:15');
INSERT INTO `sys_login_log` VALUES (764, '127.0.0.1', '登录账户不存在', 1, '局域网，无法获取位置', '0', '2020-09-13 19:28:44');
INSERT INTO `sys_login_log` VALUES (765, '127.0.0.1', '用户登录成功', 0, '局域网，无法获取位置', '0', '2020-09-13 19:31:47');
INSERT INTO `sys_login_log` VALUES (766, '127.0.0.1', '登录账户不存在', 1, '局域网，无法获取位置', '0', '2020-09-13 20:51:13');
INSERT INTO `sys_login_log` VALUES (767, '127.0.0.1', '登录账户不存在', 1, '局域网，无法获取位置', '0', '2020-09-13 20:51:32');
INSERT INTO `sys_login_log` VALUES (768, '127.0.0.1', '登录账户不存在', 1, '局域网，无法获取位置', '0', '2020-09-13 21:13:39');
INSERT INTO `sys_login_log` VALUES (769, '127.0.0.1', '登录账户不存在', 1, '局域网，无法获取位置', '0', '2020-09-13 21:13:54');
INSERT INTO `sys_login_log` VALUES (770, '127.0.0.1', '用户登录成功', 0, '局域网，无法获取位置', '0', '2020-09-13 22:25:45');
INSERT INTO `sys_login_log` VALUES (771, '127.0.0.1', '登录账户不存在', 1, '局域网，无法获取位置', '0', '2020-09-13 22:36:47');
INSERT INTO `sys_login_log` VALUES (772, '127.0.0.1', '登录账户不存在', 1, '局域网，无法获取位置', '0', '2020-09-14 09:30:42');
INSERT INTO `sys_login_log` VALUES (773, '127.0.0.1', '登录账户不存在', 1, '局域网，无法获取位置', '0', '2020-09-14 09:30:57');
INSERT INTO `sys_login_log` VALUES (774, '127.0.0.1', '用户登录成功', 0, '局域网，无法获取位置', '0', '2020-09-14 09:31:22');
INSERT INTO `sys_login_log` VALUES (775, '127.0.0.1', '用户登录成功', 0, '局域网，无法获取位置', '0', '2020-09-14 09:43:56');
INSERT INTO `sys_login_log` VALUES (776, '127.0.0.1', '用户登录成功', 0, '局域网，无法获取位置', '0', '2020-09-14 10:13:51');
INSERT INTO `sys_login_log` VALUES (777, '127.0.0.1', '登录账户不存在', 1, '局域网，无法获取位置', '0', '2020-09-14 10:16:58');
INSERT INTO `sys_login_log` VALUES (778, '127.0.0.1', '用户登录成功', 0, '局域网，无法获取位置', '0', '2020-09-14 10:17:25');
INSERT INTO `sys_login_log` VALUES (779, '127.0.0.1', '登录账户不存在', 1, '局域网，无法获取位置', '0', '2020-09-14 11:54:28');
INSERT INTO `sys_login_log` VALUES (780, '127.0.0.1', '登录账户不存在', 1, '局域网，无法获取位置', '0', '2020-09-14 11:54:50');
INSERT INTO `sys_login_log` VALUES (781, '127.0.0.1', '登录账户不存在', 1, '局域网，无法获取位置', '0', '2020-09-14 11:55:08');
INSERT INTO `sys_login_log` VALUES (782, '127.0.0.1', '用户登录成功', 0, '局域网，无法获取位置', '0', '2020-09-14 11:55:42');
INSERT INTO `sys_login_log` VALUES (783, '127.0.0.1', '登录账户不存在', 1, '局域网，无法获取位置', '0', '2020-09-14 11:58:47');
INSERT INTO `sys_login_log` VALUES (784, '127.0.0.1', '登录账户不存在', 1, '局域网，无法获取位置', '0', '2020-09-14 11:59:15');
INSERT INTO `sys_login_log` VALUES (785, '127.0.0.1', '用户登录成功', 0, '局域网，无法获取位置', '0', '2020-09-14 11:59:56');
INSERT INTO `sys_login_log` VALUES (786, '127.0.0.1', '登录账户不存在', 1, '局域网，无法获取位置', '0', '2020-09-14 13:38:39');
INSERT INTO `sys_login_log` VALUES (787, '127.0.0.1', '用户登录成功', 0, '局域网，无法获取位置', '0', '2020-09-14 13:38:55');
INSERT INTO `sys_login_log` VALUES (788, '127.0.0.1', '登录账户不存在', 1, '局域网，无法获取位置', '0', '2020-09-14 13:42:08');
INSERT INTO `sys_login_log` VALUES (789, '127.0.0.1', '登录账户不存在', 1, '局域网，无法获取位置', '0', '2020-09-14 13:42:42');
INSERT INTO `sys_login_log` VALUES (790, '127.0.0.1', '登录账户不存在', 1, '局域网，无法获取位置', '0', '2020-09-14 13:42:55');
INSERT INTO `sys_login_log` VALUES (791, '127.0.0.1', '用户登录成功', 0, '局域网，无法获取位置', '0', '2020-09-14 13:43:38');
INSERT INTO `sys_login_log` VALUES (792, '127.0.0.1', '登录密码不正确', 1, '局域网，无法获取位置', '0', '2020-09-14 15:20:48');
INSERT INTO `sys_login_log` VALUES (793, '127.0.0.1', '用户登录成功', 0, '局域网，无法获取位置', '0', '2020-09-14 15:21:57');
INSERT INTO `sys_login_log` VALUES (794, '127.0.0.1', '用户登录成功', 0, '局域网，无法获取位置', '0', '2020-09-14 15:42:50');
INSERT INTO `sys_login_log` VALUES (795, '127.0.0.1', '用户登录成功', 0, '局域网，无法获取位置', '0', '2020-09-14 16:01:54');
INSERT INTO `sys_login_log` VALUES (796, '127.0.0.1', '用户登录成功', 0, '局域网，无法获取位置', '0', '2020-09-14 16:42:14');
INSERT INTO `sys_login_log` VALUES (797, '127.0.0.1', '用户登录成功', 0, '局域网，无法获取位置', '0', '2020-09-14 16:54:40');
INSERT INTO `sys_login_log` VALUES (798, '127.0.0.1', '登录账户不存在', 1, '局域网，无法获取位置', '0', '2020-09-14 16:59:44');
INSERT INTO `sys_login_log` VALUES (799, '127.0.0.1', '用户登录成功', 0, '局域网，无法获取位置', '0', '2020-09-14 17:22:35');
INSERT INTO `sys_login_log` VALUES (800, '127.0.0.1', '用户登录成功', 0, '局域网，无法获取位置', '0', '2020-09-14 17:44:12');
INSERT INTO `sys_login_log` VALUES (801, '127.0.0.1', '用户登录成功', 0, '局域网，无法获取位置', '0', '2020-09-14 18:08:40');
INSERT INTO `sys_login_log` VALUES (802, '127.0.0.1', '用户登录成功', 0, '局域网，无法获取位置', '0', '2020-09-14 18:10:30');
INSERT INTO `sys_login_log` VALUES (803, '127.0.0.1', '用户登录成功', 0, '局域网，无法获取位置', '0', '2020-09-14 19:11:33');
INSERT INTO `sys_login_log` VALUES (804, '127.0.0.1', '登录账户不存在', 1, '局域网，无法获取位置', '0', '2020-09-15 06:36:43');
INSERT INTO `sys_login_log` VALUES (805, '127.0.0.1', '登录账户不存在', 1, '局域网，无法获取位置', '0', '2020-09-15 06:37:01');
INSERT INTO `sys_login_log` VALUES (806, '127.0.0.1', '登录账户不存在', 1, '局域网，无法获取位置', '0', '2020-09-15 06:37:24');
INSERT INTO `sys_login_log` VALUES (807, '127.0.0.1', '用户登录成功', 0, '局域网，无法获取位置', '0', '2020-09-15 08:27:08');
INSERT INTO `sys_login_log` VALUES (808, '127.0.0.1', '用户登录成功', 0, '局域网，无法获取位置', '0', '2020-09-15 09:50:06');
INSERT INTO `sys_login_log` VALUES (809, '127.0.0.1', '用户登录成功', 0, '局域网，无法获取位置', '0', '2020-09-15 12:01:42');
INSERT INTO `sys_login_log` VALUES (810, '127.0.0.1', '用户登录成功', 0, '局域网，无法获取位置', '0', '2020-09-15 14:17:33');
INSERT INTO `sys_login_log` VALUES (811, '0:0:0:0:0:0:0:1', '用户登录成功', 0, '获取位置失败', '0', '2020-09-15 14:32:17');
INSERT INTO `sys_login_log` VALUES (812, '127.0.0.1', '登录账户不存在', 1, '局域网，无法获取位置', '0', '2020-09-15 15:15:06');
INSERT INTO `sys_login_log` VALUES (813, '127.0.0.1', '登录账户不存在', 1, '局域网，无法获取位置', '0', '2020-09-15 15:15:23');
INSERT INTO `sys_login_log` VALUES (814, '127.0.0.1', '用户登录成功', 0, '局域网，无法获取位置', '0', '2020-09-15 15:24:33');
INSERT INTO `sys_login_log` VALUES (815, '127.0.0.1', '用户登录成功', 0, '局域网，无法获取位置', '0', '2020-09-15 15:28:05');
INSERT INTO `sys_login_log` VALUES (816, '127.0.0.1', '用户登录成功', 0, '局域网，无法获取位置', '0', '2020-09-15 15:43:29');
INSERT INTO `sys_login_log` VALUES (817, '127.0.0.1', '用户登录成功', 0, '局域网，无法获取位置', '0', '2020-09-15 15:47:27');
INSERT INTO `sys_login_log` VALUES (818, '127.0.0.1', '用户登录成功', 0, '局域网，无法获取位置', '0', '2020-09-15 16:01:44');
INSERT INTO `sys_login_log` VALUES (819, '127.0.0.1', '用户登录成功', 0, '局域网，无法获取位置', '0', '2020-09-15 17:13:26');
INSERT INTO `sys_login_log` VALUES (820, '127.0.0.1', '用户登录成功', 0, '局域网，无法获取位置', '0', '2020-09-15 19:27:57');
INSERT INTO `sys_login_log` VALUES (821, '127.0.0.1', '用户登录成功', 0, '局域网，无法获取位置', '0', '2020-09-15 23:20:50');
INSERT INTO `sys_login_log` VALUES (822, '127.0.0.1', '用户登录成功', 0, '局域网，无法获取位置', '0', '2020-09-15 23:46:19');
INSERT INTO `sys_login_log` VALUES (823, '127.0.0.1', '用户登录成功', 0, '局域网，无法获取位置', '0', '2020-09-16 08:53:51');
INSERT INTO `sys_login_log` VALUES (824, '127.0.0.1', '登录账户不存在', 1, '局域网，无法获取位置', '0', '2020-09-16 10:55:48');
INSERT INTO `sys_login_log` VALUES (825, '127.0.0.1', '登录账户不存在', 1, '局域网，无法获取位置', '0', '2020-09-16 10:56:29');
INSERT INTO `sys_login_log` VALUES (826, '127.0.0.1', '用户登录成功', 0, '局域网，无法获取位置', '0', '2020-09-16 11:00:02');
INSERT INTO `sys_login_log` VALUES (827, '127.0.0.1', '用户登录成功', 0, '局域网，无法获取位置', '0', '2020-09-16 11:49:38');
INSERT INTO `sys_login_log` VALUES (828, '127.0.0.1', '用户登录成功', 0, '局域网，无法获取位置', '0', '2020-09-16 13:43:52');
INSERT INTO `sys_login_log` VALUES (829, '127.0.0.1', '登录账户不存在', 1, '局域网，无法获取位置', '0', '2020-09-16 15:59:41');
INSERT INTO `sys_login_log` VALUES (830, '127.0.0.1', '用户登录成功', 0, '局域网，无法获取位置', '0', '2020-09-16 15:59:47');
INSERT INTO `sys_login_log` VALUES (831, '127.0.0.1', '用户登录成功', 0, '局域网，无法获取位置', '0', '2020-09-16 16:33:55');
INSERT INTO `sys_login_log` VALUES (832, '127.0.0.1', '用户登录成功', 0, '局域网，无法获取位置', '0', '2020-09-16 17:43:01');
INSERT INTO `sys_login_log` VALUES (833, '127.0.0.1', '用户登录成功', 0, '局域网，无法获取位置', '0', '2020-09-16 18:01:53');
INSERT INTO `sys_login_log` VALUES (834, '127.0.0.1', '用户登录成功', 0, '局域网，无法获取位置', '0', '2020-09-16 18:51:55');
INSERT INTO `sys_login_log` VALUES (835, '127.0.0.1', '用户登录成功', 0, '局域网，无法获取位置', '0', '2020-09-16 19:35:45');
INSERT INTO `sys_login_log` VALUES (836, '127.0.0.1', '用户登录成功', 0, '局域网，无法获取位置', '0', '2020-09-16 23:25:42');
INSERT INTO `sys_login_log` VALUES (837, '0:0:0:0:0:0:0:1', '登录账户不存在', 1, '获取位置失败', '0', '2020-09-17 21:14:47');
INSERT INTO `sys_login_log` VALUES (838, '0:0:0:0:0:0:0:1', '用户登录成功', 0, '获取位置失败', '0', '2020-09-17 21:15:16');
INSERT INTO `sys_login_log` VALUES (839, '0:0:0:0:0:0:0:1', '用户登录成功', 0, '获取位置失败', '0', '2020-09-18 09:39:31');
INSERT INTO `sys_login_log` VALUES (840, '0:0:0:0:0:0:0:1', '用户登录成功', 0, '获取位置失败', '0', '2020-09-18 11:34:01');
INSERT INTO `sys_login_log` VALUES (841, '0:0:0:0:0:0:0:1', '用户登录成功', 0, '获取位置失败', '0', '2020-09-18 12:31:37');
INSERT INTO `sys_login_log` VALUES (842, '0:0:0:0:0:0:0:1', '用户登录成功', 0, '获取位置失败', '0', '2020-09-18 14:03:32');
INSERT INTO `sys_login_log` VALUES (843, '111.121.78.131', '登录账户不存在', 1, '贵州省贵阳市观山湖区 电信', '0', '2020-09-21 10:37:15');
INSERT INTO `sys_login_log` VALUES (844, '111.121.78.131', '用户登录成功', 0, '贵州省贵阳市 电信', '0', '2020-09-21 10:37:23');
INSERT INTO `sys_login_log` VALUES (845, '0:0:0:0:0:0:0:1', '登录账户不存在', 1, '获取位置失败', 'admin', '2020-09-21 11:35:32');
INSERT INTO `sys_login_log` VALUES (846, '0:0:0:0:0:0:0:1', '用户登录成功', 0, '获取位置失败', '15286779044', '2020-09-21 11:35:44');
INSERT INTO `sys_login_log` VALUES (847, '0:0:0:0:0:0:0:1', '用户登录成功', 0, '获取位置失败', '15286779044', '2020-09-21 12:46:09');
INSERT INTO `sys_login_log` VALUES (848, '0:0:0:0:0:0:0:1', '用户登录成功', 0, '获取位置失败', '15286779044', '2020-09-21 13:31:17');
INSERT INTO `sys_login_log` VALUES (849, '0:0:0:0:0:0:0:1', '用户登录成功', 0, '获取位置失败', '15286779044', '2020-09-21 14:06:45');
INSERT INTO `sys_login_log` VALUES (850, '0:0:0:0:0:0:0:1', '用户登录成功', 0, '获取位置失败', '15286779044', '2020-09-21 14:16:07');
INSERT INTO `sys_login_log` VALUES (851, '0:0:0:0:0:0:0:1', '用户登录成功', 0, '获取位置失败', '15286779044', '2020-09-21 14:17:13');
INSERT INTO `sys_login_log` VALUES (852, '0:0:0:0:0:0:0:1', '用户登录成功', 0, '获取位置失败', '15286779044', '2020-09-21 15:41:00');
INSERT INTO `sys_login_log` VALUES (853, '0:0:0:0:0:0:0:1', '用户登录成功', 0, '获取位置失败', '15286779044', '2020-09-21 15:41:48');
INSERT INTO `sys_login_log` VALUES (854, '127.0.0.1', '登录账户不存在', 1, '局域网，无法获取位置', 'admin', '2020-09-21 16:09:07');
INSERT INTO `sys_login_log` VALUES (855, '127.0.0.1', '登录账户不存在', 1, '局域网，无法获取位置', 'admin', '2020-09-21 16:09:13');
INSERT INTO `sys_login_log` VALUES (856, '127.0.0.1', '登录账户不存在', 1, '局域网，无法获取位置', 'admin', '2020-09-21 16:09:30');
INSERT INTO `sys_login_log` VALUES (857, '127.0.0.1', '登录账户不存在', 1, '局域网，无法获取位置', '13888888888', '2020-09-21 16:10:15');
INSERT INTO `sys_login_log` VALUES (858, '0:0:0:0:0:0:0:1', '用户登录成功', 0, '获取位置失败', '15286779044', '2020-09-21 21:17:59');
INSERT INTO `sys_login_log` VALUES (859, '0:0:0:0:0:0:0:1', '用户登录成功', 0, '获取位置失败', '15286779044', '2020-09-21 21:18:27');
INSERT INTO `sys_login_log` VALUES (860, '220.197.185.183', '用户登录成功', 0, '贵州省贵阳市 联通', '15286779044', '2020-09-21 21:35:37');
INSERT INTO `sys_login_log` VALUES (861, '220.197.185.183', '用户登录成功', 0, '贵州省贵阳市 联通', '15286779044', '2020-09-21 22:26:50');
INSERT INTO `sys_login_log` VALUES (862, '220.197.185.183', '用户登录成功', 0, '贵州省贵阳市 联通', '15286779044', '2020-09-21 23:50:29');
INSERT INTO `sys_login_log` VALUES (863, '127.0.0.1', '用户登录成功', 0, '局域网，无法获取位置', '15286779044', '2020-09-22 09:27:09');
INSERT INTO `sys_login_log` VALUES (864, '127.0.0.1', '登录账户不存在', 1, '局域网，无法获取位置', '13888888888', '2020-09-22 12:14:12');
INSERT INTO `sys_login_log` VALUES (865, '127.0.0.1', '登录账户不存在', 1, '局域网，无法获取位置', 'admin', '2020-09-22 12:14:30');
INSERT INTO `sys_login_log` VALUES (866, '127.0.0.1', '登录账户不存在', 1, '局域网，无法获取位置', '13888888888', '2020-09-22 13:15:14');
INSERT INTO `sys_login_log` VALUES (867, '127.0.0.1', '登录账户不存在', 1, '局域网，无法获取位置', '13888888888', '2020-09-22 13:15:25');
INSERT INTO `sys_login_log` VALUES (868, '127.0.0.1', '登录账户不存在', 1, '局域网，无法获取位置', '13888888888', '2020-09-22 13:15:53');
INSERT INTO `sys_login_log` VALUES (869, '127.0.0.1', '登录账户不存在', 1, '局域网，无法获取位置', '13888888888', '2020-09-22 13:17:26');
INSERT INTO `sys_login_log` VALUES (870, '127.0.0.1', '登录账户不存在', 1, '局域网，无法获取位置', 'admin', '2020-09-22 13:30:41');
INSERT INTO `sys_login_log` VALUES (871, '127.0.0.1', '登录账户不存在', 1, '局域网，无法获取位置', 'admin', '2020-09-22 13:31:04');
INSERT INTO `sys_login_log` VALUES (872, '127.0.0.1', '登录账户不存在', 1, '局域网，无法获取位置', '13888888888', '2020-09-22 16:22:07');
INSERT INTO `sys_login_log` VALUES (873, '127.0.0.1', '登录账户不存在', 1, '局域网，无法获取位置', 'admin', '2020-09-22 16:22:27');
INSERT INTO `sys_login_log` VALUES (874, '127.0.0.1', '登录账户不存在', 1, '局域网，无法获取位置', '13888888888', '2020-09-22 16:22:38');
INSERT INTO `sys_login_log` VALUES (875, '127.0.0.1', '用户登录成功', 0, '局域网，无法获取位置', '15286779044', '2020-09-22 16:22:54');
INSERT INTO `sys_login_log` VALUES (876, '127.0.0.1', '用户登录成功', 0, '局域网，无法获取位置', '15286779044', '2020-09-22 16:33:40');
INSERT INTO `sys_login_log` VALUES (877, '127.0.0.1', '用户登录成功', 0, '局域网，无法获取位置', '15286779044', '2020-09-22 17:12:21');
INSERT INTO `sys_login_log` VALUES (878, '58.16.225.240', '用户登录成功', 0, '贵州省贵阳市 联通', '15286779044', '2020-09-22 17:25:30');
INSERT INTO `sys_login_log` VALUES (879, '127.0.0.1', '登录账户不存在', 1, '局域网，无法获取位置', 'admin', '2020-09-22 22:30:15');
INSERT INTO `sys_login_log` VALUES (880, '127.0.0.1', '登录账户不存在', 1, '局域网，无法获取位置', 'admin', '2020-09-22 22:30:22');
INSERT INTO `sys_login_log` VALUES (881, '127.0.0.1', '登录账户不存在', 1, '局域网，无法获取位置', 'admin', '2020-09-22 22:30:59');
INSERT INTO `sys_login_log` VALUES (882, '127.0.0.1', '登录账户不存在', 1, '局域网，无法获取位置', '13888888888', '2020-09-22 22:32:21');
INSERT INTO `sys_login_log` VALUES (883, '127.0.0.1', '登录账户不存在', 1, '局域网，无法获取位置', 'admin', '2020-09-22 22:32:35');
INSERT INTO `sys_login_log` VALUES (884, '127.0.0.1', '登录账户不存在', 1, '局域网，无法获取位置', 'admin', '2020-09-22 22:32:46');
INSERT INTO `sys_login_log` VALUES (885, '127.0.0.1', '登录账户不存在', 1, '局域网，无法获取位置', '13888888888', '2020-09-23 08:58:30');
INSERT INTO `sys_login_log` VALUES (886, '127.0.0.1', '登录账户不存在', 1, '局域网，无法获取位置', '13888888888', '2020-09-23 08:58:59');
INSERT INTO `sys_login_log` VALUES (887, '127.0.0.1', '登录账户不存在', 1, '局域网，无法获取位置', '13888888888', '2020-09-23 09:26:54');
INSERT INTO `sys_login_log` VALUES (888, '127.0.0.1', '登录密码不正确', 1, '局域网，无法获取位置', '15286779044', '2020-09-23 09:27:05');
INSERT INTO `sys_login_log` VALUES (889, '127.0.0.1', '用户登录成功', 0, '局域网，无法获取位置', '15286779044', '2020-09-23 09:27:13');
INSERT INTO `sys_login_log` VALUES (890, '127.0.0.1', '用户登录成功', 0, '局域网，无法获取位置', '15286779044', '2020-09-23 09:27:58');
INSERT INTO `sys_login_log` VALUES (891, '127.0.0.1', '登录账户不存在', 1, '局域网，无法获取位置', '13888888888', '2020-09-23 10:05:57');
INSERT INTO `sys_login_log` VALUES (892, '127.0.0.1', '登录账户不存在', 1, '局域网，无法获取位置', '13888888888', '2020-09-23 10:06:04');
INSERT INTO `sys_login_log` VALUES (893, '117.136.83.110', '登录账户不存在', 1, '湖北省 移动', '13888888888', '2020-09-23 11:25:12');
INSERT INTO `sys_login_log` VALUES (894, '117.136.83.110', '登录账户不存在', 1, '湖北省 移动', '138888888888', '2020-09-23 11:25:26');
INSERT INTO `sys_login_log` VALUES (895, '127.0.0.1', '登录账户不存在', 1, '局域网，无法获取位置', '13888888888', '2020-09-23 11:26:19');
INSERT INTO `sys_login_log` VALUES (896, '127.0.0.1', '登录账户不存在', 1, '局域网，无法获取位置', '13888888888', '2020-09-23 12:58:34');
INSERT INTO `sys_login_log` VALUES (897, '127.0.0.1', '登录账户不存在', 1, '局域网，无法获取位置', '13888888888', '2020-09-23 12:58:55');
INSERT INTO `sys_login_log` VALUES (898, '127.0.0.1', '用户登录成功', 0, '局域网，无法获取位置', '15286779044', '2020-09-23 13:33:06');
INSERT INTO `sys_login_log` VALUES (899, '127.0.0.1', '用户登录成功', 0, '局域网，无法获取位置', '15286779044', '2020-09-23 13:36:33');
INSERT INTO `sys_login_log` VALUES (900, '127.0.0.1', '用户登录成功', 0, '局域网，无法获取位置', '15286779044', '2020-09-23 15:08:58');
INSERT INTO `sys_login_log` VALUES (901, '0:0:0:0:0:0:0:1', '用户登录成功', 0, '获取位置失败', '15286779044', '2020-09-23 15:23:32');
INSERT INTO `sys_login_log` VALUES (902, '127.0.0.1', '登录账户不存在', 1, '局域网，无法获取位置', '13888888888', '2020-09-23 15:30:28');
INSERT INTO `sys_login_log` VALUES (903, '127.0.0.1', '登录账户不存在', 1, '局域网，无法获取位置', '13888888888', '2020-09-23 15:30:46');
INSERT INTO `sys_login_log` VALUES (904, '127.0.0.1', '登录账户不存在', 1, '局域网，无法获取位置', '13888888888', '2020-09-23 15:31:01');
INSERT INTO `sys_login_log` VALUES (905, '0:0:0:0:0:0:0:1', '用户登录成功', 0, '获取位置失败', '15286779044', '2020-09-23 15:40:38');
INSERT INTO `sys_login_log` VALUES (906, '0:0:0:0:0:0:0:1', '用户登录成功', 0, '获取位置失败', '15286779044', '2020-09-23 15:48:13');
INSERT INTO `sys_login_log` VALUES (907, '0:0:0:0:0:0:0:1', '用户登录成功', 0, '获取位置失败', '15286779044', '2020-09-23 15:50:03');
INSERT INTO `sys_login_log` VALUES (908, '0:0:0:0:0:0:0:1', '用户登录成功', 0, '获取位置失败', '15286779044', '2020-09-23 15:51:36');
INSERT INTO `sys_login_log` VALUES (909, '0:0:0:0:0:0:0:1', '用户登录成功', 0, '获取位置失败', '15286779044', '2020-09-23 15:53:40');
INSERT INTO `sys_login_log` VALUES (910, '0:0:0:0:0:0:0:1', '用户登录成功', 0, '获取位置失败', '15286779044', '2020-09-23 15:54:34');
INSERT INTO `sys_login_log` VALUES (911, '0:0:0:0:0:0:0:1', '用户登录成功', 0, '获取位置失败', '15286779044', '2020-09-23 15:55:13');
INSERT INTO `sys_login_log` VALUES (912, '0:0:0:0:0:0:0:1', '用户登录成功', 0, '获取位置失败', '15286779044', '2020-09-23 15:56:29');
INSERT INTO `sys_login_log` VALUES (913, '127.0.0.1', '登录账户不存在', 1, '局域网，无法获取位置', '13888888888', '2020-09-23 16:11:05');
INSERT INTO `sys_login_log` VALUES (914, '127.0.0.1', '登录账户不存在', 1, '局域网，无法获取位置', '13888888888', '2020-09-23 16:11:17');
INSERT INTO `sys_login_log` VALUES (915, '127.0.0.1', '登录账户不存在', 1, '局域网，无法获取位置', '13888888888', '2020-09-23 16:11:38');
INSERT INTO `sys_login_log` VALUES (916, '127.0.0.1', '登录账户不存在', 1, '局域网，无法获取位置', '13888888888', '2020-09-23 17:04:22');
INSERT INTO `sys_login_log` VALUES (917, '127.0.0.1', '登录账户不存在', 1, '局域网，无法获取位置', '13888888888', '2020-09-23 17:07:15');
INSERT INTO `sys_login_log` VALUES (918, '127.0.0.1', '登录账户不存在', 1, '局域网，无法获取位置', 'admin', '2020-09-23 17:10:25');
INSERT INTO `sys_login_log` VALUES (919, '127.0.0.1', '登录账户不存在', 1, '局域网，无法获取位置', '13888888888', '2020-09-23 20:50:11');
INSERT INTO `sys_login_log` VALUES (920, '127.0.0.1', '登录账户不存在', 1, '局域网，无法获取位置', '13888888888', '2020-09-23 20:50:46');
INSERT INTO `sys_login_log` VALUES (921, '127.0.0.1', '登录账户不存在', 1, '局域网，无法获取位置', 'admin', '2020-09-23 20:51:07');
INSERT INTO `sys_login_log` VALUES (922, '127.0.0.1', '登录账户不存在', 1, '局域网，无法获取位置', '13888888888', '2020-09-24 09:10:37');
INSERT INTO `sys_login_log` VALUES (923, '127.0.0.1', '登录账户不存在', 1, '局域网，无法获取位置', '13888888888', '2020-09-24 10:06:34');
INSERT INTO `sys_login_log` VALUES (924, '127.0.0.1', '用户登录成功', 0, '局域网，无法获取位置', '15286779044', '2020-09-24 10:34:13');
INSERT INTO `sys_login_log` VALUES (925, '127.0.0.1', '用户登录成功', 0, '局域网，无法获取位置', '15286779044', '2020-09-24 10:34:47');
INSERT INTO `sys_login_log` VALUES (926, '127.0.0.1', '登录账户不存在', 1, '局域网，无法获取位置', '13888888888', '2020-09-24 10:47:35');
INSERT INTO `sys_login_log` VALUES (927, '127.0.0.1', '登录账户不存在', 1, '局域网，无法获取位置', '13888888888', '2020-09-24 10:48:34');
INSERT INTO `sys_login_log` VALUES (928, '127.0.0.1', '用户登录成功', 0, '局域网，无法获取位置', '15286779044', '2020-09-24 14:28:34');
INSERT INTO `sys_login_log` VALUES (929, '127.0.0.1', '用户登录成功', 0, '局域网，无法获取位置', '15286779044', '2020-09-24 14:32:22');
INSERT INTO `sys_login_log` VALUES (930, '127.0.0.1', '用户登录成功', 0, '局域网，无法获取位置', '15286779044', '2020-09-24 14:37:07');
INSERT INTO `sys_login_log` VALUES (931, '127.0.0.1', '登录账户不存在', 1, '局域网，无法获取位置', '13888888888', '2020-09-24 14:38:10');
INSERT INTO `sys_login_log` VALUES (932, '127.0.0.1', '登录账户不存在', 1, '局域网，无法获取位置', '13888888888', '2020-09-24 14:38:25');
INSERT INTO `sys_login_log` VALUES (933, '127.0.0.1', '用户登录成功', 0, '局域网，无法获取位置', '15286779044', '2020-09-24 14:39:08');
INSERT INTO `sys_login_log` VALUES (934, '127.0.0.1', '用户登录成功', 0, '局域网，无法获取位置', '15286779044', '2020-09-24 15:03:12');
INSERT INTO `sys_login_log` VALUES (935, '127.0.0.1', '登录账户不存在', 1, '局域网，无法获取位置', '13888888888', '2020-09-24 15:26:44');
INSERT INTO `sys_login_log` VALUES (936, '127.0.0.1', '登录账户不存在', 1, '局域网，无法获取位置', '13888888888', '2020-09-24 15:27:11');
INSERT INTO `sys_login_log` VALUES (937, '127.0.0.1', '登录账户不存在', 1, '局域网，无法获取位置', '13888888888', '2020-09-24 16:15:00');
INSERT INTO `sys_login_log` VALUES (938, '127.0.0.1', '登录账户不存在', 1, '局域网，无法获取位置', 'admin', '2020-09-24 16:15:16');
INSERT INTO `sys_login_log` VALUES (939, '127.0.0.1', '登录账户不存在', 1, '局域网，无法获取位置', 'test', '2020-09-24 16:15:28');
INSERT INTO `sys_login_log` VALUES (940, '127.0.0.1', '用户登录成功', 0, '局域网，无法获取位置', '15286779044', '2020-09-24 16:22:02');
INSERT INTO `sys_login_log` VALUES (941, '127.0.0.1', '登录账户不存在', 1, '局域网，无法获取位置', '13888888888', '2020-09-24 17:31:36');
INSERT INTO `sys_login_log` VALUES (942, '127.0.0.1', '登录账户不存在', 1, '局域网，无法获取位置', '13888888888', '2020-09-24 17:32:02');
INSERT INTO `sys_login_log` VALUES (943, '127.0.0.1', '登录账户不存在', 1, '局域网，无法获取位置', '13888888888', '2020-09-24 17:33:14');
INSERT INTO `sys_login_log` VALUES (944, '127.0.0.1', '用户登录成功', 0, '局域网，无法获取位置', '15286779044', '2020-09-24 21:05:54');
INSERT INTO `sys_login_log` VALUES (945, '127.0.0.1', '登录账户不存在', 1, '局域网，无法获取位置', '13888888888', '2020-09-24 22:37:26');
INSERT INTO `sys_login_log` VALUES (946, '127.0.0.1', '登录账户不存在', 1, '局域网，无法获取位置', '13888888888', '2020-09-24 22:37:49');
INSERT INTO `sys_login_log` VALUES (947, '127.0.0.1', '登录账户不存在', 1, '局域网，无法获取位置', '13888888888', '2020-09-24 22:37:57');
INSERT INTO `sys_login_log` VALUES (948, '127.0.0.1', '登录账户不存在', 1, '局域网，无法获取位置', '13888888888', '2020-09-24 22:39:25');
INSERT INTO `sys_login_log` VALUES (949, '127.0.0.1', '登录账户不存在', 1, '局域网，无法获取位置', '13888888888', '2020-09-25 11:42:25');
INSERT INTO `sys_login_log` VALUES (950, '127.0.0.1', '登录账户不存在', 1, '局域网，无法获取位置', '13888888888', '2020-09-25 11:42:38');
INSERT INTO `sys_login_log` VALUES (951, '127.0.0.1', '登录账户不存在', 1, '局域网，无法获取位置', '13888888888', '2020-09-25 11:44:42');
INSERT INTO `sys_login_log` VALUES (952, '127.0.0.1', '用户登录成功', 0, '局域网，无法获取位置', '15286779044', '2020-09-25 11:44:49');
INSERT INTO `sys_login_log` VALUES (953, '127.0.0.1', '登录账户不存在', 1, '局域网，无法获取位置', '13888888888', '2020-09-25 14:56:21');
INSERT INTO `sys_login_log` VALUES (954, '127.0.0.1', '登录账户不存在', 1, '局域网，无法获取位置', '13888888888', '2020-09-25 15:05:07');
INSERT INTO `sys_login_log` VALUES (955, '127.0.0.1', '登录账户不存在', 1, '局域网，无法获取位置', '1388888888', '2020-09-25 15:05:18');
INSERT INTO `sys_login_log` VALUES (956, '127.0.0.1', '登录账户不存在', 1, '局域网，无法获取位置', '13888888888', '2020-09-25 16:13:19');
INSERT INTO `sys_login_log` VALUES (957, '127.0.0.1', '登录账户不存在', 1, '局域网，无法获取位置', 'admin', '2020-09-25 16:13:38');
INSERT INTO `sys_login_log` VALUES (958, '127.0.0.1', '登录账户不存在', 1, '局域网，无法获取位置', '13888888888', '2020-09-25 16:14:09');
INSERT INTO `sys_login_log` VALUES (959, '127.0.0.1', '登录账户不存在', 1, '局域网，无法获取位置', '13888888888', '2020-09-25 16:16:12');
INSERT INTO `sys_login_log` VALUES (960, '127.0.0.1', '用户登录成功', 0, '局域网，无法获取位置', '15286779044', '2020-09-25 17:09:11');
INSERT INTO `sys_login_log` VALUES (961, '127.0.0.1', '用户登录成功', 0, '局域网，无法获取位置', '15286779044', '2020-09-25 17:09:19');
INSERT INTO `sys_login_log` VALUES (962, '127.0.0.1', '用户登录成功', 0, '局域网，无法获取位置', '15286779044', '2020-09-25 17:26:02');
INSERT INTO `sys_login_log` VALUES (963, '127.0.0.1', '登录账户不存在', 1, '局域网，无法获取位置', '13888888888', '2020-09-26 12:28:57');
INSERT INTO `sys_login_log` VALUES (964, '127.0.0.1', '登录账户不存在', 1, '局域网，无法获取位置', '13888888888', '2020-09-26 14:06:33');
INSERT INTO `sys_login_log` VALUES (965, '127.0.0.1', '登录账户不存在', 1, '局域网，无法获取位置', '13888888888', '2020-09-26 15:59:44');
INSERT INTO `sys_login_log` VALUES (966, '127.0.0.1', '登录账户不存在', 1, '局域网，无法获取位置', '13888888888', '2020-09-26 15:59:55');
INSERT INTO `sys_login_log` VALUES (967, '127.0.0.1', '登录账户不存在', 1, '局域网，无法获取位置', '13888888888', '2020-09-26 16:00:13');
INSERT INTO `sys_login_log` VALUES (968, '127.0.0.1', '登录账户不存在', 1, '局域网，无法获取位置', 'admin', '2020-09-26 16:00:36');
INSERT INTO `sys_login_log` VALUES (969, '127.0.0.1', '登录账户不存在', 1, '局域网，无法获取位置', '13800000000', '2020-09-26 16:39:23');
INSERT INTO `sys_login_log` VALUES (970, '127.0.0.1', '登录账户不存在', 1, '局域网，无法获取位置', '13888888888', '2020-09-26 16:39:44');
INSERT INTO `sys_login_log` VALUES (971, '127.0.0.1', '登录账户不存在', 1, '局域网，无法获取位置', '13888888888', '2020-09-26 16:40:17');
INSERT INTO `sys_login_log` VALUES (972, '127.0.0.1', '登录账户不存在', 1, '局域网，无法获取位置', '13888888888', '2020-09-27 09:55:21');
INSERT INTO `sys_login_log` VALUES (973, '127.0.0.1', '登录账户不存在', 1, '局域网，无法获取位置', 'admin', '2020-09-27 09:55:42');
INSERT INTO `sys_login_log` VALUES (974, '127.0.0.1', '登录账户不存在', 1, '局域网，无法获取位置', '13888888888', '2020-09-27 13:19:02');
INSERT INTO `sys_login_log` VALUES (975, '127.0.0.1', '登录账户不存在', 1, '局域网，无法获取位置', '13888888888', '2020-09-27 13:19:09');
INSERT INTO `sys_login_log` VALUES (976, '127.0.0.1', '登录账户不存在', 1, '局域网，无法获取位置', 'admin', '2020-09-27 13:30:21');
INSERT INTO `sys_login_log` VALUES (977, '127.0.0.1', '登录账户不存在', 1, '局域网，无法获取位置', '13888888888', '2020-09-27 13:30:32');
INSERT INTO `sys_login_log` VALUES (978, '127.0.0.1', '登录账户不存在', 1, '局域网，无法获取位置', '13888888888', '2020-09-27 13:58:07');
INSERT INTO `sys_login_log` VALUES (979, '127.0.0.1', '登录账户不存在', 1, '局域网，无法获取位置', '13888888888', '2020-09-27 13:58:41');
INSERT INTO `sys_login_log` VALUES (980, '127.0.0.1', '登录账户不存在', 1, '局域网，无法获取位置', '13888888888', '2020-09-27 14:13:08');
INSERT INTO `sys_login_log` VALUES (981, '127.0.0.1', '用户登录成功', 0, '局域网，无法获取位置', '15286779044', '2020-09-27 16:15:19');
INSERT INTO `sys_login_log` VALUES (982, '127.0.0.1', '登录账户不存在', 1, '局域网，无法获取位置', '13888888888', '2020-09-27 16:15:59');
INSERT INTO `sys_login_log` VALUES (983, '127.0.0.1', '登录账户不存在', 1, '局域网，无法获取位置', '13888888888', '2020-09-27 16:16:10');
INSERT INTO `sys_login_log` VALUES (984, '127.0.0.1', '登录账户不存在', 1, '局域网，无法获取位置', '13888888888', '2020-09-27 16:21:38');
INSERT INTO `sys_login_log` VALUES (985, '127.0.0.1', '登录账户不存在', 1, '局域网，无法获取位置', 'admin', '2020-09-27 16:27:48');
INSERT INTO `sys_login_log` VALUES (986, '127.0.0.1', '登录账户不存在', 1, '局域网，无法获取位置', 'admin', '2020-09-27 16:28:57');
INSERT INTO `sys_login_log` VALUES (987, '127.0.0.1', '登录账户不存在', 1, '局域网，无法获取位置', 'admin', '2020-09-27 16:33:58');
INSERT INTO `sys_login_log` VALUES (988, '127.0.0.1', '登录账户不存在', 1, '局域网，无法获取位置', '13888888888', '2020-09-27 17:17:02');
INSERT INTO `sys_login_log` VALUES (989, '127.0.0.1', '用户登录成功', 0, '局域网，无法获取位置', '15286779044', '2020-09-27 17:18:31');
INSERT INTO `sys_login_log` VALUES (990, '127.0.0.1', '登录账户不存在', 1, '局域网，无法获取位置', '13888888888', '2020-09-27 17:38:23');
INSERT INTO `sys_login_log` VALUES (991, '127.0.0.1', '登录账户不存在', 1, '局域网，无法获取位置', '1388888888', '2020-09-27 17:38:33');
INSERT INTO `sys_login_log` VALUES (992, '127.0.0.1', '登录账户不存在', 1, '局域网，无法获取位置', 'admin', '2020-09-27 17:51:42');
INSERT INTO `sys_login_log` VALUES (993, '127.0.0.1', '用户登录成功', 0, '局域网，无法获取位置', '15286779044', '2020-09-27 20:56:04');
INSERT INTO `sys_login_log` VALUES (994, '127.0.0.1', '登录账户不存在', 1, '局域网，无法获取位置', '13888888888', '2020-09-27 21:33:11');
INSERT INTO `sys_login_log` VALUES (995, '127.0.0.1', '登录账户不存在', 1, '局域网，无法获取位置', '13888888888', '2020-09-27 21:33:21');
INSERT INTO `sys_login_log` VALUES (996, '117.136.79.106', '登录账户不存在', 1, '广东省 移动', 'admon', '2020-09-28 07:48:43');
INSERT INTO `sys_login_log` VALUES (997, '117.136.79.106', '登录账户不存在', 1, '广东省 移动', 'admin', '2020-09-28 07:48:57');
INSERT INTO `sys_login_log` VALUES (998, '117.136.79.106', '登录账户不存在', 1, '广东省 移动', 'admin', '2020-09-28 07:50:11');
INSERT INTO `sys_login_log` VALUES (999, '127.0.0.1', '登录账户不存在', 1, '局域网，无法获取位置', '13888888888', '2020-09-28 11:06:17');
INSERT INTO `sys_login_log` VALUES (1000, '127.0.0.1', '登录账户不存在', 1, '局域网，无法获取位置', '13888888888', '2020-09-28 11:06:31');
INSERT INTO `sys_login_log` VALUES (1001, '0:0:0:0:0:0:0:1', '用户登录成功', 0, '获取位置失败', '15286779044', '2020-09-28 13:52:51');
INSERT INTO `sys_login_log` VALUES (1002, '0:0:0:0:0:0:0:1', '用户登录成功', 0, '获取位置失败', '15286779044', '2020-09-28 14:00:51');
INSERT INTO `sys_login_log` VALUES (1003, '0:0:0:0:0:0:0:1', '用户登录成功', 0, '获取位置失败', '15286779044', '2020-09-28 14:01:13');
INSERT INTO `sys_login_log` VALUES (1004, '0:0:0:0:0:0:0:1', '用户登录成功', 0, '获取位置失败', '15286779044', '2020-09-28 14:33:46');
INSERT INTO `sys_login_log` VALUES (1005, '0:0:0:0:0:0:0:1', '用户登录成功', 0, '获取位置失败', '15286779044', '2020-09-28 14:38:12');
INSERT INTO `sys_login_log` VALUES (1006, '0:0:0:0:0:0:0:1', '用户登录成功', 0, '获取位置失败', '15286779044', '2020-09-28 14:57:24');
INSERT INTO `sys_login_log` VALUES (1007, '0:0:0:0:0:0:0:1', '用户登录成功', 0, '获取位置失败', '15286779044', '2020-09-28 15:02:48');
INSERT INTO `sys_login_log` VALUES (1008, '0:0:0:0:0:0:0:1', '用户登录成功', 0, '获取位置失败', '15286779044', '2020-09-28 15:05:37');
INSERT INTO `sys_login_log` VALUES (1009, '0:0:0:0:0:0:0:1', '用户登录成功', 0, '获取位置失败', '15286779044', '2020-09-28 15:45:40');
INSERT INTO `sys_login_log` VALUES (1010, '0:0:0:0:0:0:0:1', '用户登录成功', 0, '获取位置失败', '15286779044', '2020-09-28 17:05:10');
INSERT INTO `sys_login_log` VALUES (1011, '0:0:0:0:0:0:0:1', '用户登录成功', 0, '获取位置失败', '15286779044', '2020-09-29 10:52:37');
INSERT INTO `sys_login_log` VALUES (1012, '0:0:0:0:0:0:0:1', '用户登录成功', 0, '获取位置失败', '15286779044', '2020-09-29 16:08:05');
INSERT INTO `sys_login_log` VALUES (1013, '0:0:0:0:0:0:0:1', '用户登录成功', 0, '获取位置失败', '15286779044', '2020-09-29 16:09:44');
INSERT INTO `sys_login_log` VALUES (1014, '0:0:0:0:0:0:0:1', '用户登录成功', 0, '获取位置失败', '15286779044', '2020-09-30 09:48:18');
INSERT INTO `sys_login_log` VALUES (1015, '0:0:0:0:0:0:0:1', '用户登录成功', 0, '获取位置失败', '15286779044', '2020-09-30 10:50:12');
INSERT INTO `sys_login_log` VALUES (1016, '0:0:0:0:0:0:0:1', '用户登录成功', 0, '获取位置失败', '15286779044', '2020-09-30 10:51:23');
INSERT INTO `sys_login_log` VALUES (1017, '0:0:0:0:0:0:0:1', '用户登录成功', 0, '获取位置失败', '15286779044', '2020-09-30 11:00:10');
INSERT INTO `sys_login_log` VALUES (1018, '0:0:0:0:0:0:0:1', '用户登录成功', 0, '获取位置失败', '15286779044', '2020-09-30 15:01:23');
INSERT INTO `sys_login_log` VALUES (1019, '111.121.72.133', '用户登录成功', 0, '贵州省贵阳市 电信', '15286779044', '2020-09-30 15:22:30');
INSERT INTO `sys_login_log` VALUES (1020, '127.0.0.1', '用户登录成功', 0, '局域网，无法获取位置', '13888888888', '2020-09-30 15:36:53');
INSERT INTO `sys_login_log` VALUES (1021, '127.0.0.1', '用户登录成功', 0, '局域网，无法获取位置', '13888888888', '2020-09-30 15:37:11');
INSERT INTO `sys_login_log` VALUES (1022, '127.0.0.1', '用户登录成功', 0, '局域网，无法获取位置', '13888888888', '2020-09-30 15:37:27');
INSERT INTO `sys_login_log` VALUES (1023, '127.0.0.1', '用户登录成功', 0, '局域网，无法获取位置', '13888888888', '2020-09-30 15:45:49');
INSERT INTO `sys_login_log` VALUES (1024, '127.0.0.1', '用户登录成功', 0, '局域网，无法获取位置', '13888888888', '2020-09-30 15:48:24');
INSERT INTO `sys_login_log` VALUES (1025, '127.0.0.1', '用户登录成功', 0, '局域网，无法获取位置', '13888888888', '2020-09-30 15:49:58');
INSERT INTO `sys_login_log` VALUES (1026, '111.121.72.133', '用户登录成功', 0, '贵州省贵阳市 电信', '15286779044', '2020-09-30 15:57:59');
INSERT INTO `sys_login_log` VALUES (1027, '127.0.0.1', '用户登录成功', 0, '局域网，无法获取位置', '13888888888', '2020-09-30 20:34:56');
INSERT INTO `sys_login_log` VALUES (1028, '127.0.0.1', '用户登录成功', 0, '局域网，无法获取位置', '13888888888', '2020-09-30 20:35:34');
INSERT INTO `sys_login_log` VALUES (1029, '127.0.0.1', '用户登录成功', 0, '局域网，无法获取位置', '13888888888', '2020-10-01 22:47:56');
INSERT INTO `sys_login_log` VALUES (1030, '127.0.0.1', '用户登录成功', 0, '局域网，无法获取位置', '13888888888', '2020-10-01 22:48:18');
INSERT INTO `sys_login_log` VALUES (1031, '127.0.0.1', '用户登录成功', 0, '局域网，无法获取位置', '13888888888', '2020-10-01 22:49:50');
INSERT INTO `sys_login_log` VALUES (1032, '127.0.0.1', '用户登录成功', 0, '局域网，无法获取位置', '13888888888', '2020-10-01 22:52:02');
INSERT INTO `sys_login_log` VALUES (1033, '127.0.0.1', '用户登录成功', 0, '局域网，无法获取位置', '13888888888', '2020-10-02 09:57:01');
INSERT INTO `sys_login_log` VALUES (1034, '127.0.0.1', '用户登录成功', 0, '局域网，无法获取位置', '13888888888', '2020-10-02 10:47:44');
INSERT INTO `sys_login_log` VALUES (1035, '127.0.0.1', '用户登录成功', 0, '局域网，无法获取位置', '13888888888', '2020-10-02 11:47:30');
INSERT INTO `sys_login_log` VALUES (1036, '127.0.0.1', '用户登录成功', 0, '局域网，无法获取位置', '13888888888', '2020-10-02 11:47:48');
INSERT INTO `sys_login_log` VALUES (1037, '127.0.0.1', '用户登录成功', 0, '局域网，无法获取位置', '13888888888', '2020-10-03 07:18:32');
INSERT INTO `sys_login_log` VALUES (1038, '127.0.0.1', '用户登录成功', 0, '局域网，无法获取位置', '13888888888', '2020-10-03 07:18:47');
INSERT INTO `sys_login_log` VALUES (1039, '127.0.0.1', '用户登录成功', 0, '局域网，无法获取位置', '13888888888', '2020-10-04 10:54:24');
INSERT INTO `sys_login_log` VALUES (1040, '127.0.0.1', '用户登录成功', 0, '局域网，无法获取位置', '13888888888', '2020-10-04 10:54:36');
INSERT INTO `sys_login_log` VALUES (1041, '127.0.0.1', '用户登录成功', 0, '局域网，无法获取位置', '13888888888', '2020-10-04 12:40:32');
INSERT INTO `sys_login_log` VALUES (1042, '127.0.0.1', '用户登录成功', 0, '局域网，无法获取位置', '13888888888', '2020-10-04 12:40:55');
INSERT INTO `sys_login_log` VALUES (1043, '127.0.0.1', '用户登录成功', 0, '局域网，无法获取位置', '13888888888', '2020-10-04 13:40:38');
INSERT INTO `sys_login_log` VALUES (1044, '127.0.0.1', '用户登录成功', 0, '局域网，无法获取位置', '13888888888', '2020-10-04 13:40:53');
INSERT INTO `sys_login_log` VALUES (1045, '127.0.0.1', '用户登录成功', 0, '局域网，无法获取位置', '13888888888', '2020-10-05 18:50:32');
INSERT INTO `sys_login_log` VALUES (1046, '127.0.0.1', '用户登录成功', 0, '局域网，无法获取位置', '13888888888', '2020-10-05 18:51:16');
INSERT INTO `sys_login_log` VALUES (1047, '127.0.0.1', '用户登录成功', 0, '局域网，无法获取位置', '13888888888', '2020-10-05 18:51:36');
INSERT INTO `sys_login_log` VALUES (1048, '127.0.0.1', '用户登录成功', 0, '局域网，无法获取位置', '13888888888', '2020-10-05 18:52:01');
INSERT INTO `sys_login_log` VALUES (1049, '127.0.0.1', '用户登录成功', 0, '局域网，无法获取位置', '13888888888', '2020-10-05 19:13:52');
INSERT INTO `sys_login_log` VALUES (1050, '127.0.0.1', '用户登录成功', 0, '局域网，无法获取位置', '13888888888', '2020-10-05 19:14:13');
INSERT INTO `sys_login_log` VALUES (1051, '127.0.0.1', '用户登录成功', 0, '局域网，无法获取位置', '13888888888', '2020-10-05 19:14:24');
INSERT INTO `sys_login_log` VALUES (1052, '127.0.0.1', '用户登录成功', 0, '局域网，无法获取位置', '13888888888', '2020-10-05 19:37:49');
INSERT INTO `sys_login_log` VALUES (1053, '127.0.0.1', '用户登录成功', 0, '局域网，无法获取位置', '13888888888', '2020-10-05 19:38:20');
INSERT INTO `sys_login_log` VALUES (1054, '127.0.0.1', '用户登录成功', 0, '局域网，无法获取位置', '13888888888', '2020-10-05 19:38:45');
INSERT INTO `sys_login_log` VALUES (1055, '127.0.0.1', '用户登录成功', 0, '局域网，无法获取位置', '13888888888', '2020-10-06 14:52:19');
INSERT INTO `sys_login_log` VALUES (1056, '127.0.0.1', '用户登录成功', 0, '局域网，无法获取位置', '13888888888', '2020-10-06 14:52:38');
INSERT INTO `sys_login_log` VALUES (1057, '127.0.0.1', '用户登录成功', 0, '局域网，无法获取位置', '13888888888', '2020-10-07 10:28:30');
INSERT INTO `sys_login_log` VALUES (1058, '127.0.0.1', '用户登录成功', 0, '局域网，无法获取位置', '13888888888', '2020-10-07 10:28:43');
INSERT INTO `sys_login_log` VALUES (1059, '127.0.0.1', '用户登录成功', 0, '局域网，无法获取位置', '13888888888', '2020-10-07 15:35:50');
INSERT INTO `sys_login_log` VALUES (1060, '127.0.0.1', '用户登录成功', 0, '局域网，无法获取位置', '13888888888', '2020-10-07 16:56:59');
INSERT INTO `sys_login_log` VALUES (1061, '127.0.0.1', '用户登录成功', 0, '局域网，无法获取位置', '13888888888', '2020-10-07 16:57:20');
INSERT INTO `sys_login_log` VALUES (1062, '127.0.0.1', '用户登录成功', 0, '局域网，无法获取位置', '13888888888', '2020-10-07 16:58:03');
INSERT INTO `sys_login_log` VALUES (1063, '127.0.0.1', '用户登录成功', 0, '局域网，无法获取位置', '13888888888', '2020-10-07 17:05:24');
INSERT INTO `sys_login_log` VALUES (1064, '127.0.0.1', '登录账户不存在', 1, '局域网，无法获取位置', 'admin', '2020-10-07 17:47:59');
INSERT INTO `sys_login_log` VALUES (1065, '127.0.0.1', '用户登录成功', 0, '局域网，无法获取位置', '13888888888', '2020-10-07 19:39:49');
INSERT INTO `sys_login_log` VALUES (1066, '127.0.0.1', '用户登录成功', 0, '局域网，无法获取位置', '15286779044', '2020-10-08 10:36:42');
INSERT INTO `sys_login_log` VALUES (1067, '127.0.0.1', '用户登录成功', 0, '局域网，无法获取位置', '13888888888', '2020-10-08 11:14:39');
INSERT INTO `sys_login_log` VALUES (1068, '127.0.0.1', '用户登录成功', 0, '局域网，无法获取位置', '13888888888', '2020-10-08 15:06:42');
INSERT INTO `sys_login_log` VALUES (1069, '127.0.0.1', '用户登录成功', 0, '局域网，无法获取位置', '13888888888', '2020-10-08 16:38:05');
INSERT INTO `sys_login_log` VALUES (1070, '127.0.0.1', '用户登录成功', 0, '局域网，无法获取位置', '15286779044', '2020-10-08 23:17:52');
INSERT INTO `sys_login_log` VALUES (1071, '127.0.0.1', '用户登录成功', 0, '局域网，无法获取位置', '15286779044', '2020-10-09 10:21:23');
INSERT INTO `sys_login_log` VALUES (1072, '127.0.0.1', '用户登录成功', 0, '局域网，无法获取位置', '13888888888', '2020-10-09 11:23:27');
INSERT INTO `sys_login_log` VALUES (1073, '127.0.0.1', '用户登录成功', 0, '局域网，无法获取位置', '13888888888', '2020-10-09 12:32:24');
INSERT INTO `sys_login_log` VALUES (1074, '127.0.0.1', '用户登录成功', 0, '局域网，无法获取位置', '13888888888', '2020-10-09 12:32:39');
INSERT INTO `sys_login_log` VALUES (1075, '127.0.0.1', '用户登录成功', 0, '局域网，无法获取位置', '13888888888', '2020-10-09 12:32:52');
INSERT INTO `sys_login_log` VALUES (1076, '127.0.0.1', '用户登录成功', 0, '局域网，无法获取位置', '13888888888', '2020-10-09 12:33:27');
INSERT INTO `sys_login_log` VALUES (1077, '127.0.0.1', '用户登录成功', 0, '局域网，无法获取位置', '13888888888', '2020-10-09 12:33:51');
INSERT INTO `sys_login_log` VALUES (1078, '127.0.0.1', '用户登录成功', 0, '局域网，无法获取位置', '13888888888', '2020-10-09 12:34:11');
INSERT INTO `sys_login_log` VALUES (1079, '127.0.0.1', '用户登录成功', 0, '局域网，无法获取位置', '13888888888', '2020-10-09 17:10:32');
INSERT INTO `sys_login_log` VALUES (1080, '127.0.0.1', '用户登录成功', 0, '局域网，无法获取位置', '13888888888', '2020-10-09 17:11:11');
INSERT INTO `sys_login_log` VALUES (1081, '127.0.0.1', '用户登录成功', 0, '局域网，无法获取位置', '13888888888', '2020-10-09 17:14:03');
INSERT INTO `sys_login_log` VALUES (1082, '127.0.0.1', '用户登录成功', 0, '局域网，无法获取位置', '13888888888', '2020-10-09 17:14:25');
INSERT INTO `sys_login_log` VALUES (1083, '127.0.0.1', '用户登录成功', 0, '局域网，无法获取位置', '13888888888', '2020-10-09 18:42:36');
INSERT INTO `sys_login_log` VALUES (1084, '127.0.0.1', '用户登录成功', 0, '局域网，无法获取位置', '13888888888', '2020-10-09 18:42:52');
INSERT INTO `sys_login_log` VALUES (1085, '127.0.0.1', '用户登录成功', 0, '局域网，无法获取位置', '13888888888', '2020-10-09 18:44:40');
INSERT INTO `sys_login_log` VALUES (1086, '127.0.0.1', '登录密码不正确', 1, '局域网，无法获取位置', '13888888888', '2020-10-09 18:44:56');
INSERT INTO `sys_login_log` VALUES (1087, '127.0.0.1', '登录密码不正确', 1, '局域网，无法获取位置', '13888888888', '2020-10-09 18:45:04');
INSERT INTO `sys_login_log` VALUES (1088, '127.0.0.1', '登录密码不正确', 1, '局域网，无法获取位置', '13888888888', '2020-10-09 18:45:14');
INSERT INTO `sys_login_log` VALUES (1089, '127.0.0.1', '登录密码不正确', 1, '局域网，无法获取位置', '13888888888', '2020-10-09 18:45:19');
INSERT INTO `sys_login_log` VALUES (1090, '127.0.0.1', '用户登录成功', 0, '局域网，无法获取位置', '13888888888', '2020-10-09 20:56:26');
INSERT INTO `sys_login_log` VALUES (1091, '127.0.0.1', '用户登录成功', 0, '局域网，无法获取位置', '13888888888', '2020-10-09 20:56:34');
INSERT INTO `sys_login_log` VALUES (1092, '127.0.0.1', '用户登录成功', 0, '局域网，无法获取位置', '13888888888', '2020-10-10 08:50:34');
INSERT INTO `sys_login_log` VALUES (1093, '127.0.0.1', '用户登录成功', 0, '局域网，无法获取位置', '13888888888', '2020-10-10 08:50:54');
INSERT INTO `sys_login_log` VALUES (1094, '127.0.0.1', '用户登录成功', 0, '局域网，无法获取位置', '13888888888', '2020-10-10 09:07:50');
INSERT INTO `sys_login_log` VALUES (1095, '127.0.0.1', '用户登录成功', 0, '局域网，无法获取位置', '13888888888', '2020-10-10 10:42:15');
INSERT INTO `sys_login_log` VALUES (1096, '127.0.0.1', '用户登录成功', 0, '局域网，无法获取位置', '13888888888', '2020-10-10 10:42:38');
INSERT INTO `sys_login_log` VALUES (1097, '127.0.0.1', '用户登录成功', 0, '局域网，无法获取位置', '15286779044', '2020-10-10 10:44:26');
INSERT INTO `sys_login_log` VALUES (1098, '127.0.0.1', '用户登录成功', 0, '局域网，无法获取位置', '13888888888', '2020-10-10 14:54:16');
INSERT INTO `sys_login_log` VALUES (1099, '127.0.0.1', '用户登录成功', 0, '局域网，无法获取位置', '13888888888', '2020-10-10 14:54:29');
INSERT INTO `sys_login_log` VALUES (1100, '127.0.0.1', '用户登录成功', 0, '局域网，无法获取位置', '13888888888', '2020-10-10 14:54:32');
INSERT INTO `sys_login_log` VALUES (1101, '127.0.0.1', '用户登录成功', 0, '局域网，无法获取位置', '13888888888', '2020-10-10 14:54:42');
INSERT INTO `sys_login_log` VALUES (1102, '127.0.0.1', '用户登录成功', 0, '局域网，无法获取位置', '13888888888', '2020-10-10 14:54:46');
INSERT INTO `sys_login_log` VALUES (1103, '127.0.0.1', '登录账户不存在', 1, '局域网，无法获取位置', 'wangyi394527', '2020-10-10 14:56:21');
INSERT INTO `sys_login_log` VALUES (1104, '127.0.0.1', '用户登录成功', 0, '局域网，无法获取位置', '13888888888', '2020-10-10 14:56:30');
INSERT INTO `sys_login_log` VALUES (1105, '127.0.0.1', '登录账户不存在', 1, '局域网，无法获取位置', 'admin', '2020-10-10 14:59:55');
INSERT INTO `sys_login_log` VALUES (1106, '127.0.0.1', '用户登录成功', 0, '局域网，无法获取位置', '13888888888', '2020-10-10 16:21:21');
INSERT INTO `sys_login_log` VALUES (1107, '127.0.0.1', '用户登录成功', 0, '局域网，无法获取位置', '13888888888', '2020-10-10 16:51:54');
INSERT INTO `sys_login_log` VALUES (1108, '127.0.0.1', '用户登录成功', 0, '局域网，无法获取位置', '13888888888', '2020-10-10 20:37:34');
INSERT INTO `sys_login_log` VALUES (1109, '127.0.0.1', '用户登录成功', 0, '局域网，无法获取位置', '13888888888', '2020-10-10 20:37:58');
INSERT INTO `sys_login_log` VALUES (1110, '127.0.0.1', '登录账户不存在', 1, '局域网，无法获取位置', 'admin', '2020-10-10 23:05:55');
INSERT INTO `sys_login_log` VALUES (1111, '127.0.0.1', '用户登录成功', 0, '局域网，无法获取位置', '15286779044', '2020-10-11 22:06:09');
INSERT INTO `sys_login_log` VALUES (1112, '113.206.137.199', '登录账户不存在', 1, '重庆市重庆市 联通', '1388888888', '2020-10-12 01:39:00');
INSERT INTO `sys_login_log` VALUES (1113, '113.206.137.199', '用户登录成功', 0, '重庆市重庆市 联通', '13888888888', '2020-10-12 01:39:20');
INSERT INTO `sys_login_log` VALUES (1114, '127.0.0.1', '用户登录成功', 0, '局域网，无法获取位置', '13888888888', '2020-10-12 09:26:39');
INSERT INTO `sys_login_log` VALUES (1115, '127.0.0.1', '用户登录成功', 0, '局域网，无法获取位置', '13888888888', '2020-10-12 09:26:52');
INSERT INTO `sys_login_log` VALUES (1116, '127.0.0.1', '用户登录成功', 0, '局域网，无法获取位置', '13888888888', '2020-10-12 09:27:05');
INSERT INTO `sys_login_log` VALUES (1117, '127.0.0.1', '用户登录成功', 0, '局域网，无法获取位置', '13888888888', '2020-10-12 09:40:04');
INSERT INTO `sys_login_log` VALUES (1118, '127.0.0.1', '用户登录成功', 0, '局域网，无法获取位置', '13888888888', '2020-10-12 09:40:25');
INSERT INTO `sys_login_log` VALUES (1119, '127.0.0.1', '用户登录成功', 0, '局域网，无法获取位置', '13888888888', '2020-10-12 09:40:48');
INSERT INTO `sys_login_log` VALUES (1120, '127.0.0.1', '用户登录成功', 0, '局域网，无法获取位置', '13888888888', '2020-10-12 09:42:36');
INSERT INTO `sys_login_log` VALUES (1121, '127.0.0.1', '用户登录成功', 0, '局域网，无法获取位置', '13888888888', '2020-10-12 09:42:54');
INSERT INTO `sys_login_log` VALUES (1122, '106.109.40.35', '用户登录成功', 0, '贵州省 电信', '13888888888', '2020-10-12 09:56:17');
INSERT INTO `sys_login_log` VALUES (1123, '127.0.0.1', '用户登录成功', 0, '局域网，无法获取位置', '13888888888', '2020-10-12 09:56:52');
INSERT INTO `sys_login_log` VALUES (1124, '127.0.0.1', '用户登录成功', 0, '局域网，无法获取位置', '13888888888', '2020-10-12 12:43:41');
INSERT INTO `sys_login_log` VALUES (1125, '127.0.0.1', '用户登录成功', 0, '局域网，无法获取位置', '13888888888', '2020-10-12 13:05:51');
INSERT INTO `sys_login_log` VALUES (1126, '114.138.16.197', '登录账户不存在', 1, '贵州省遵义市 电信', 'admin', '2020-10-12 13:25:40');
INSERT INTO `sys_login_log` VALUES (1127, '114.138.16.197', '登录账户不存在', 1, '贵州省遵义市 电信', 'admin', '2020-10-12 13:26:17');
INSERT INTO `sys_login_log` VALUES (1128, '127.0.0.1', '用户登录成功', 0, '局域网，无法获取位置', '13888888888', '2020-10-12 16:41:41');
INSERT INTO `sys_login_log` VALUES (1129, '127.0.0.1', '用户登录成功', 0, '局域网，无法获取位置', '13888888888', '2020-10-12 16:42:11');
INSERT INTO `sys_login_log` VALUES (1130, '127.0.0.1', '用户登录成功', 0, '局域网，无法获取位置', '13888888888', '2020-10-12 16:55:45');
INSERT INTO `sys_login_log` VALUES (1131, '127.0.0.1', '用户登录成功', 0, '局域网，无法获取位置', '13888888888', '2020-10-12 16:56:11');
INSERT INTO `sys_login_log` VALUES (1132, '127.0.0.1', '用户登录成功', 0, '局域网，无法获取位置', '13888888888', '2020-10-12 16:59:46');
INSERT INTO `sys_login_log` VALUES (1133, '127.0.0.1', '用户登录成功', 0, '局域网，无法获取位置', '15286779044', '2020-10-12 17:00:00');
INSERT INTO `sys_login_log` VALUES (1134, '127.0.0.1', '用户登录成功', 0, '局域网，无法获取位置', '13888888888', '2020-10-12 17:01:27');
INSERT INTO `sys_login_log` VALUES (1135, '127.0.0.1', '登录账户不存在', 1, '局域网，无法获取位置', 'admin', '2020-10-12 17:02:43');
INSERT INTO `sys_login_log` VALUES (1136, '127.0.0.1', '用户登录成功', 0, '局域网，无法获取位置', '13888888888', '2020-10-12 17:36:13');
INSERT INTO `sys_login_log` VALUES (1137, '127.0.0.1', '用户登录成功', 0, '局域网，无法获取位置', '13888888888', '2020-10-12 20:50:40');
INSERT INTO `sys_login_log` VALUES (1138, '127.0.0.1', '用户登录成功', 0, '局域网，无法获取位置', '13888888888', '2020-10-12 21:23:48');
INSERT INTO `sys_login_log` VALUES (1139, '127.0.0.1', '登录账户不存在', 1, '局域网，无法获取位置', '1388888888888', '2020-10-13 00:32:51');
INSERT INTO `sys_login_log` VALUES (1140, '127.0.0.1', '用户登录成功', 0, '局域网，无法获取位置', '13888888888', '2020-10-13 00:33:08');
INSERT INTO `sys_login_log` VALUES (1141, '127.0.0.1', '用户登录成功', 0, '局域网，无法获取位置', '13888888888', '2020-10-13 13:01:14');
INSERT INTO `sys_login_log` VALUES (1142, '0:0:0:0:0:0:0:1', '用户登录成功', 0, '获取位置失败', '15286779044', '2020-10-13 13:30:02');
INSERT INTO `sys_login_log` VALUES (1143, '0:0:0:0:0:0:0:1', '用户登录成功', 0, '获取位置失败', '15286779044', '2020-10-13 13:46:26');
INSERT INTO `sys_login_log` VALUES (1144, '0:0:0:0:0:0:0:1', '用户登录成功', 0, '获取位置失败', '15286779044', '2020-10-13 14:23:51');
INSERT INTO `sys_login_log` VALUES (1145, '0:0:0:0:0:0:0:1', '用户登录成功', 0, '获取位置失败', '15286779044', '2020-10-13 14:31:50');
INSERT INTO `sys_login_log` VALUES (1146, '0:0:0:0:0:0:0:1', '用户登录成功', 0, '获取位置失败', '15286779044', '2020-10-13 14:32:53');
INSERT INTO `sys_login_log` VALUES (1147, '0:0:0:0:0:0:0:1', '用户登录成功', 0, '获取位置失败', '15286779044', '2020-10-13 14:36:44');
INSERT INTO `sys_login_log` VALUES (1148, '0:0:0:0:0:0:0:1', '用户登录成功', 0, '获取位置失败', '15286779044', '2020-10-13 14:48:24');
INSERT INTO `sys_login_log` VALUES (1149, '0:0:0:0:0:0:0:1', '用户登录成功', 0, '获取位置失败', '15286779044', '2020-10-13 15:02:26');
INSERT INTO `sys_login_log` VALUES (1150, '0:0:0:0:0:0:0:1', '用户登录成功', 0, '获取位置失败', '15286779044', '2020-10-13 15:02:58');
INSERT INTO `sys_login_log` VALUES (1151, '0:0:0:0:0:0:0:1', '用户登录成功', 0, '获取位置失败', '15286779044', '2020-10-13 16:00:24');
INSERT INTO `sys_login_log` VALUES (1152, '0:0:0:0:0:0:0:1', '用户登录成功', 0, '获取位置失败', '15286779044', '2020-10-13 16:05:18');
INSERT INTO `sys_login_log` VALUES (1153, '0:0:0:0:0:0:0:1', '用户登录成功', 0, '获取位置失败', '15286779044', '2020-10-13 16:05:39');
INSERT INTO `sys_login_log` VALUES (1154, '127.0.0.1', '用户登录成功', 0, '局域网，无法获取位置', '13888888888', '2020-10-13 17:08:07');
INSERT INTO `sys_login_log` VALUES (1155, '127.0.0.1', '用户登录成功', 0, '局域网，无法获取位置', '15286779044', '2020-10-13 17:18:50');
INSERT INTO `sys_login_log` VALUES (1156, '127.0.0.1', '用户登录成功', 0, '局域网，无法获取位置', '15286779044', '2020-10-13 17:19:33');
INSERT INTO `sys_login_log` VALUES (1157, '127.0.0.1', '用户登录成功', 0, '局域网，无法获取位置', '13888888888', '2020-10-13 17:49:10');
INSERT INTO `sys_login_log` VALUES (1158, '127.0.0.1', '用户登录成功', 0, '局域网，无法获取位置', '13888888888', '2020-10-13 20:20:01');
INSERT INTO `sys_login_log` VALUES (1159, '127.0.0.1', '用户登录成功', 0, '局域网，无法获取位置', '15286779044', '2020-10-13 20:38:13');
INSERT INTO `sys_login_log` VALUES (1160, '127.0.0.1', '用户登录成功', 0, '局域网，无法获取位置', '15286779044', '2020-10-13 22:18:01');
INSERT INTO `sys_login_log` VALUES (1161, '127.0.0.1', '用户登录成功', 0, '局域网，无法获取位置', '13888888888', '2020-10-14 00:24:17');
INSERT INTO `sys_login_log` VALUES (1162, '127.0.0.1', '用户登录成功', 0, '局域网，无法获取位置', '15286779044', '2020-10-14 09:37:53');
INSERT INTO `sys_login_log` VALUES (1163, '127.0.0.1', '用户登录成功', 0, '局域网，无法获取位置', '13888888888', '2020-10-14 10:21:50');
INSERT INTO `sys_login_log` VALUES (1164, '127.0.0.1', '用户登录成功', 0, '局域网，无法获取位置', '13888888888', '2020-10-14 11:12:18');
INSERT INTO `sys_login_log` VALUES (1165, '127.0.0.1', '用户登录成功', 0, '局域网，无法获取位置', '13888888888', '2020-10-14 14:08:09');
INSERT INTO `sys_login_log` VALUES (1166, '127.0.0.1', '用户登录成功', 0, '局域网，无法获取位置', '13888888888', '2020-10-14 14:22:58');
INSERT INTO `sys_login_log` VALUES (1167, '127.0.0.1', '用户登录成功', 0, '局域网，无法获取位置', '13888888888', '2020-10-14 17:12:57');
INSERT INTO `sys_login_log` VALUES (1168, '127.0.0.1', '用户登录成功', 0, '局域网，无法获取位置', '13888888888', '2020-10-14 17:54:07');
INSERT INTO `sys_login_log` VALUES (1169, '127.0.0.1', '用户登录成功', 0, '局域网，无法获取位置', '13888888888', '2020-10-14 17:55:26');
INSERT INTO `sys_login_log` VALUES (1170, '127.0.0.1', '登录账户不存在', 1, '局域网，无法获取位置', 'admin', '2020-10-15 08:39:00');
INSERT INTO `sys_login_log` VALUES (1171, '127.0.0.1', '用户登录成功', 0, '局域网，无法获取位置', '13888888888', '2020-10-15 08:40:09');
INSERT INTO `sys_login_log` VALUES (1172, '127.0.0.1', '用户登录成功', 0, '局域网，无法获取位置', '15286779044', '2020-10-15 09:46:38');
INSERT INTO `sys_login_log` VALUES (1173, '127.0.0.1', '用户登录成功', 0, '局域网，无法获取位置', '13888888888', '2020-10-15 17:13:40');
INSERT INTO `sys_login_log` VALUES (1174, '127.0.0.1', '用户登录成功', 0, '局域网，无法获取位置', '13888888888', '2020-10-15 21:00:25');
INSERT INTO `sys_login_log` VALUES (1175, '127.0.0.1', '用户登录成功', 0, '局域网，无法获取位置', '13888888888', '2020-10-15 21:07:28');
INSERT INTO `sys_login_log` VALUES (1176, '127.0.0.1', '用户登录成功', 0, '局域网，无法获取位置', '15286779044', '2020-10-15 21:43:28');
INSERT INTO `sys_login_log` VALUES (1177, '127.0.0.1', '用户登录成功', 0, '局域网，无法获取位置', '15286779044', '2020-10-15 22:14:45');
INSERT INTO `sys_login_log` VALUES (1178, '127.0.0.1', '登录账户不存在', 1, '局域网，无法获取位置', 'admin', '2020-10-15 23:52:48');
INSERT INTO `sys_login_log` VALUES (1179, '127.0.0.1', '登录账户不存在', 1, '局域网，无法获取位置', 'admin', '2020-10-15 23:52:57');
INSERT INTO `sys_login_log` VALUES (1180, '127.0.0.1', '用户登录成功', 0, '局域网，无法获取位置', '13888888888', '2020-10-16 09:21:45');
INSERT INTO `sys_login_log` VALUES (1181, '127.0.0.1', '用户登录成功', 0, '局域网，无法获取位置', '13888888888', '2020-10-16 09:51:28');
INSERT INTO `sys_login_log` VALUES (1182, '127.0.0.1', '用户登录成功', 0, '局域网，无法获取位置', '13888888888', '2020-10-16 12:02:52');
INSERT INTO `sys_login_log` VALUES (1183, '127.0.0.1', '用户登录成功', 0, '局域网，无法获取位置', '13888888888', '2020-10-16 13:07:23');
INSERT INTO `sys_login_log` VALUES (1184, '127.0.0.1', '用户登录成功', 0, '局域网，无法获取位置', '13888888888', '2020-10-16 15:17:21');
INSERT INTO `sys_login_log` VALUES (1185, '127.0.0.1', '登录密码不正确', 1, '局域网，无法获取位置', '13888888888', '2020-10-16 15:29:14');
INSERT INTO `sys_login_log` VALUES (1186, '127.0.0.1', '登录密码不正确', 1, '局域网，无法获取位置', '13888888888', '2020-10-16 15:29:50');
INSERT INTO `sys_login_log` VALUES (1187, '127.0.0.1', '用户登录成功', 0, '局域网，无法获取位置', '13888888888', '2020-10-16 15:30:15');
INSERT INTO `sys_login_log` VALUES (1188, '127.0.0.1', '登录密码不正确', 1, '局域网，无法获取位置', '13888888888', '2020-10-16 15:49:19');
INSERT INTO `sys_login_log` VALUES (1189, '127.0.0.1', '登录密码不正确', 1, '局域网，无法获取位置', '13888888888', '2020-10-16 15:49:40');
INSERT INTO `sys_login_log` VALUES (1190, '127.0.0.1', '登录密码不正确', 1, '局域网，无法获取位置', '13888888888', '2020-10-16 15:50:31');
INSERT INTO `sys_login_log` VALUES (1191, '127.0.0.1', '登录密码不正确', 1, '局域网，无法获取位置', '13888888888', '2020-10-16 15:50:40');
INSERT INTO `sys_login_log` VALUES (1192, '127.0.0.1', '登录密码不正确', 1, '局域网，无法获取位置', '13888888888', '2020-10-16 15:50:50');
INSERT INTO `sys_login_log` VALUES (1193, '127.0.0.1', '用户登录成功', 0, '局域网，无法获取位置', '15286779044', '2020-10-16 16:36:47');
INSERT INTO `sys_login_log` VALUES (1194, '127.0.0.1', '用户登录成功', 0, '局域网，无法获取位置', '15286779044', '2020-10-16 20:25:35');
INSERT INTO `sys_login_log` VALUES (1195, '127.0.0.1', '登录密码不正确', 1, '局域网，无法获取位置', '15286779044', '2020-10-16 20:26:25');
INSERT INTO `sys_login_log` VALUES (1196, '127.0.0.1', '用户登录成功', 0, '局域网，无法获取位置', '15286779044', '2020-10-16 20:26:35');
INSERT INTO `sys_login_log` VALUES (1197, '127.0.0.1', '用户登录成功', 0, '局域网，无法获取位置', '15286779044', '2020-10-16 23:12:49');
INSERT INTO `sys_login_log` VALUES (1198, '127.0.0.1', '用户登录成功', 0, '局域网，无法获取位置', '15286779044', '2020-10-17 16:34:37');
INSERT INTO `sys_login_log` VALUES (1199, '127.0.0.1', '登录密码不正确', 1, '局域网，无法获取位置', '13888888888', '2020-10-18 09:52:02');
INSERT INTO `sys_login_log` VALUES (1200, '127.0.0.1', '登录密码不正确', 1, '局域网，无法获取位置', '13888888888', '2020-10-18 09:52:30');
INSERT INTO `sys_login_log` VALUES (1201, '127.0.0.1', '登录账户不存在', 1, '局域网，无法获取位置', 'admin', '2020-10-19 08:50:03');
INSERT INTO `sys_login_log` VALUES (1202, '127.0.0.1', '登录账户不存在', 1, '局域网，无法获取位置', 'admin', '2020-10-19 09:01:46');
INSERT INTO `sys_login_log` VALUES (1203, '127.0.0.1', '登录账户不存在', 1, '局域网，无法获取位置', 'dd', '2020-10-19 14:56:07');
INSERT INTO `sys_login_log` VALUES (1204, '127.0.0.1', '登录密码不正确', 1, '局域网，无法获取位置', '15286779044', '2020-10-19 15:28:11');
INSERT INTO `sys_login_log` VALUES (1205, '127.0.0.1', '登录密码不正确', 1, '局域网，无法获取位置', '15286779044', '2020-10-19 15:28:22');
INSERT INTO `sys_login_log` VALUES (1206, '127.0.0.1', '用户登录成功', 0, '局域网，无法获取位置', '15286779044', '2020-10-19 15:28:36');
INSERT INTO `sys_login_log` VALUES (1207, '127.0.0.1', '用户登录成功', 0, '局域网，无法获取位置', '15286779044', '2020-10-19 15:34:14');
INSERT INTO `sys_login_log` VALUES (1208, '127.0.0.1', '登录密码不正确', 1, '局域网，无法获取位置', '13888888888', '2020-10-19 16:05:24');
INSERT INTO `sys_login_log` VALUES (1209, '127.0.0.1', '登录密码不正确', 1, '局域网，无法获取位置', '13888888888', '2020-10-19 17:50:27');
INSERT INTO `sys_login_log` VALUES (1210, '127.0.0.1', '登录密码不正确', 1, '局域网，无法获取位置', '13888888888', '2020-10-19 17:50:33');
INSERT INTO `sys_login_log` VALUES (1211, '127.0.0.1', '登录密码不正确', 1, '局域网，无法获取位置', '13888888888', '2020-10-19 17:50:42');
INSERT INTO `sys_login_log` VALUES (1212, '127.0.0.1', '登录密码不正确', 1, '局域网，无法获取位置', '13888888888', '2020-10-19 17:50:57');
INSERT INTO `sys_login_log` VALUES (1213, '127.0.0.1', '登录密码不正确', 1, '局域网，无法获取位置', '13888888888', '2020-10-19 17:51:09');
INSERT INTO `sys_login_log` VALUES (1214, '127.0.0.1', '登录账户不存在', 1, '局域网，无法获取位置', 'admin', '2020-10-20 00:07:52');
INSERT INTO `sys_login_log` VALUES (1215, '127.0.0.1', '登录账户不存在', 1, '局域网，无法获取位置', 'admin', '2020-10-20 00:08:02');
INSERT INTO `sys_login_log` VALUES (1216, '127.0.0.1', '登录密码不正确', 1, '局域网，无法获取位置', '13888888888', '2020-10-20 00:08:56');
INSERT INTO `sys_login_log` VALUES (1217, '127.0.0.1', '登录密码不正确', 1, '局域网，无法获取位置', '13888888888', '2020-10-20 00:09:17');
INSERT INTO `sys_login_log` VALUES (1218, '127.0.0.1', '用户登录成功', 0, '局域网，无法获取位置', '15286779044', '2020-10-20 09:50:52');
INSERT INTO `sys_login_log` VALUES (1219, '127.0.0.1', '用户登录成功', 0, '局域网，无法获取位置', '15286779044', '2020-10-20 11:05:05');
INSERT INTO `sys_login_log` VALUES (1220, '127.0.0.1', '用户登录成功', 0, '局域网，无法获取位置', '15286779044', '2020-10-20 17:54:12');
INSERT INTO `sys_login_log` VALUES (1221, '127.0.0.1', '用户登录成功', 0, '局域网，无法获取位置', '15286779044', '2020-10-20 17:55:22');
INSERT INTO `sys_login_log` VALUES (1222, '127.0.0.1', '用户登录成功', 0, '局域网，无法获取位置', '15286779044', '2020-10-20 20:46:56');
INSERT INTO `sys_login_log` VALUES (1223, '127.0.0.1', '登录账户不存在', 1, '局域网，无法获取位置', 'admin', '2020-10-20 21:14:24');
INSERT INTO `sys_login_log` VALUES (1224, '127.0.0.1', '登录密码不正确', 1, '局域网，无法获取位置', '13888888888', '2020-10-20 21:14:57');
INSERT INTO `sys_login_log` VALUES (1225, '127.0.0.1', '登录密码不正确', 1, '局域网，无法获取位置', '13888888888', '2020-10-20 21:15:16');
INSERT INTO `sys_login_log` VALUES (1226, '127.0.0.1', '登录密码不正确', 1, '局域网，无法获取位置', '13888888888', '2020-10-20 21:16:19');
INSERT INTO `sys_login_log` VALUES (1227, '127.0.0.1', '用户登录成功', 0, '局域网，无法获取位置', '15286779044', '2020-10-20 21:36:56');
INSERT INTO `sys_login_log` VALUES (1228, '0:0:0:0:0:0:0:1', '登录密码不正确', 1, '获取位置失败', '15286779044', '2020-10-20 21:51:18');
INSERT INTO `sys_login_log` VALUES (1229, '0:0:0:0:0:0:0:1', '用户登录成功', 0, '获取位置失败', '15286779044', '2020-10-20 21:51:29');
INSERT INTO `sys_login_log` VALUES (1230, '0:0:0:0:0:0:0:1', '用户登录成功', 0, '获取位置失败', '15286779044', '2020-10-20 21:51:51');
INSERT INTO `sys_login_log` VALUES (1231, '0:0:0:0:0:0:0:1', '用户登录成功', 0, '获取位置失败', '15286779044', '2020-10-20 22:07:47');
INSERT INTO `sys_login_log` VALUES (1232, '0:0:0:0:0:0:0:1', '用户登录成功', 0, '获取位置失败', '15286779044', '2020-10-20 22:15:34');
INSERT INTO `sys_login_log` VALUES (1233, '0:0:0:0:0:0:0:1', '用户登录成功', 0, '获取位置失败', '15286779044', '2020-10-20 22:22:00');
INSERT INTO `sys_login_log` VALUES (1234, '0:0:0:0:0:0:0:1', '登录密码不正确', 1, '获取位置失败', '13888888888', '2020-10-20 22:30:11');
INSERT INTO `sys_login_log` VALUES (1235, '0:0:0:0:0:0:0:1', '登录密码不正确', 1, '获取位置失败', '13888888888', '2020-10-20 22:30:24');
INSERT INTO `sys_login_log` VALUES (1236, '0:0:0:0:0:0:0:1', '用户登录成功', 0, '获取位置失败', '13888888888', '2020-10-20 22:31:42');
INSERT INTO `sys_login_log` VALUES (1237, '0:0:0:0:0:0:0:1', '用户登录成功', 0, '获取位置失败', '15286779044', '2020-10-20 22:32:51');
INSERT INTO `sys_login_log` VALUES (1238, '0:0:0:0:0:0:0:1', '用户登录成功', 0, '获取位置失败', '15286779044', '2020-10-20 22:34:22');
INSERT INTO `sys_login_log` VALUES (1239, '127.0.0.1', '用户登录成功', 0, '局域网，无法获取位置', '15286779044', '2020-10-20 22:59:13');
INSERT INTO `sys_login_log` VALUES (1240, '127.0.0.1', '用户登录成功', 0, '局域网，无法获取位置', '13888888888', '2020-10-21 09:00:41');
INSERT INTO `sys_login_log` VALUES (1241, '111.121.75.219', '登录密码不正确', 1, '贵州省贵阳市 电信', '15286779044', '2020-10-21 11:48:07');
INSERT INTO `sys_login_log` VALUES (1242, '111.121.75.219', '登录密码不正确', 1, '贵州省贵阳市 电信', '15286779044', '2020-10-21 11:48:18');
INSERT INTO `sys_login_log` VALUES (1243, '111.121.75.219', '用户登录成功', 0, '贵州省贵阳市 电信', '15286779044', '2020-10-21 11:48:26');
INSERT INTO `sys_login_log` VALUES (1244, '127.0.0.1', '用户登录成功', 0, '局域网，无法获取位置', '15286779044', '2020-10-21 11:55:55');
INSERT INTO `sys_login_log` VALUES (1245, '111.121.75.219', '用户登录成功', 0, '贵州省贵阳市 电信', '15286779044', '2020-10-21 12:24:47');
INSERT INTO `sys_login_log` VALUES (1246, '127.0.0.1', '用户登录成功', 0, '局域网，无法获取位置', '13888888888', '2020-10-21 13:05:47');
INSERT INTO `sys_login_log` VALUES (1247, '127.0.0.1', '用户登录成功', 0, '局域网，无法获取位置', '13888888888', '2020-10-21 13:28:35');
INSERT INTO `sys_login_log` VALUES (1248, '111.121.75.219', '用户登录成功', 0, '贵州省贵阳市 电信', '15286779044', '2020-10-21 13:48:26');
INSERT INTO `sys_login_log` VALUES (1249, '127.0.0.1', '用户登录成功', 0, '局域网，无法获取位置', '13888888888', '2020-10-21 14:13:06');
INSERT INTO `sys_login_log` VALUES (1250, '127.0.0.1', '用户登录成功', 0, '局域网，无法获取位置', '13888888888', '2020-10-21 14:17:31');
INSERT INTO `sys_login_log` VALUES (1251, '111.121.75.219', '用户登录成功', 0, '贵州省贵阳市 电信', '15286779044', '2020-10-21 15:01:22');
INSERT INTO `sys_login_log` VALUES (1252, '111.121.75.46', '用户登录成功', 0, '贵州省贵阳市 电信', '15286779044', '2020-10-21 15:52:39');
INSERT INTO `sys_login_log` VALUES (1253, '127.0.0.1', '用户登录成功', 0, '局域网，无法获取位置', '13888888888', '2020-10-21 16:18:44');
INSERT INTO `sys_login_log` VALUES (1254, '127.0.0.1', '用户登录成功', 0, '局域网，无法获取位置', '15286779044', '2020-10-21 16:25:13');
INSERT INTO `sys_login_log` VALUES (1255, '127.0.0.1', '用户登录成功', 0, '局域网，无法获取位置', '13888888888', '2020-10-21 16:44:15');
INSERT INTO `sys_login_log` VALUES (1256, '127.0.0.1', '用户登录成功', 0, '局域网，无法获取位置', '13888888888', '2020-10-21 17:06:13');
INSERT INTO `sys_login_log` VALUES (1257, '127.0.0.1', '用户登录成功', 0, '局域网，无法获取位置', '15286779044', '2020-10-21 17:49:12');
INSERT INTO `sys_login_log` VALUES (1258, '127.0.0.1', '用户登录成功', 0, '局域网，无法获取位置', '13888888888', '2020-10-21 18:04:08');
INSERT INTO `sys_login_log` VALUES (1259, '127.0.0.1', '用户登录成功', 0, '局域网，无法获取位置', '13888888888', '2020-10-21 22:22:16');
INSERT INTO `sys_login_log` VALUES (1260, '127.0.0.1', '用户登录成功', 0, '局域网，无法获取位置', '13888888888', '2020-10-21 22:34:18');
INSERT INTO `sys_login_log` VALUES (1261, '127.0.0.1', '用户登录成功', 0, '局域网，无法获取位置', '13888888888', '2020-10-21 23:14:08');
INSERT INTO `sys_login_log` VALUES (1262, '127.0.0.1', '用户登录成功', 0, '局域网，无法获取位置', '15286779044', '2020-10-22 09:30:26');
INSERT INTO `sys_login_log` VALUES (1263, '127.0.0.1', '用户登录成功', 0, '局域网，无法获取位置', '13888888888', '2020-10-22 10:33:30');
INSERT INTO `sys_login_log` VALUES (1264, '127.0.0.1', '登录密码不正确', 1, '局域网，无法获取位置', '13888888888', '2020-10-22 13:12:54');
INSERT INTO `sys_login_log` VALUES (1265, '127.0.0.1', '用户登录成功', 0, '局域网，无法获取位置', '13888888888', '2020-10-22 14:36:54');
INSERT INTO `sys_login_log` VALUES (1266, '127.0.0.1', '用户登录成功', 0, '局域网，无法获取位置', '13888888888', '2020-10-22 14:37:18');
INSERT INTO `sys_login_log` VALUES (1267, '127.0.0.1', '用户登录成功', 0, '局域网，无法获取位置', '13888888888', '2020-10-22 14:39:18');
INSERT INTO `sys_login_log` VALUES (1268, '127.0.0.1', '用户登录成功', 0, '局域网，无法获取位置', '13888888888', '2020-10-22 14:39:31');
INSERT INTO `sys_login_log` VALUES (1269, '127.0.0.1', '用户登录成功', 0, '局域网，无法获取位置', '13888888888', '2020-10-22 14:39:54');
INSERT INTO `sys_login_log` VALUES (1270, '127.0.0.1', '用户登录成功', 0, '局域网，无法获取位置', '13888888888', '2020-10-22 14:41:55');
INSERT INTO `sys_login_log` VALUES (1271, '127.0.0.1', '用户登录成功', 0, '局域网，无法获取位置', '13888888888', '2020-10-22 14:48:32');
INSERT INTO `sys_login_log` VALUES (1272, '127.0.0.1', '用户登录成功', 0, '局域网，无法获取位置', '13888888888', '2020-10-22 14:52:54');
INSERT INTO `sys_login_log` VALUES (1273, '127.0.0.1', '用户登录成功', 0, '局域网，无法获取位置', '13888888888', '2020-10-22 14:57:27');
INSERT INTO `sys_login_log` VALUES (1274, '127.0.0.1', '用户登录成功', 0, '局域网，无法获取位置', '13888888888', '2020-10-22 15:11:26');
INSERT INTO `sys_login_log` VALUES (1275, '127.0.0.1', '登录账户不存在', 1, '局域网，无法获取位置', 'admin', '2020-10-22 15:21:13');
INSERT INTO `sys_login_log` VALUES (1276, '127.0.0.1', '登录账户不存在', 1, '局域网，无法获取位置', 'admin', '2020-10-22 15:22:17');
INSERT INTO `sys_login_log` VALUES (1277, '127.0.0.1', '用户登录成功', 0, '局域网，无法获取位置', '13888888888', '2020-10-22 15:27:57');
INSERT INTO `sys_login_log` VALUES (1278, '127.0.0.1', '用户登录成功', 0, '局域网，无法获取位置', '13888888888', '2020-10-22 15:42:11');
INSERT INTO `sys_login_log` VALUES (1279, '127.0.0.1', '用户登录成功', 0, '局域网，无法获取位置', '13888888888', '2020-10-22 16:02:17');
INSERT INTO `sys_login_log` VALUES (1280, '127.0.0.1', '用户登录成功', 0, '局域网，无法获取位置', '13888888888', '2020-10-22 16:04:55');
INSERT INTO `sys_login_log` VALUES (1281, '127.0.0.1', '登录账户不存在', 1, '局域网，无法获取位置', '138888888', '2020-10-22 16:22:48');
INSERT INTO `sys_login_log` VALUES (1282, '127.0.0.1', '登录账户不存在', 1, '局域网，无法获取位置', '1388888888', '2020-10-22 16:23:05');
INSERT INTO `sys_login_log` VALUES (1283, '127.0.0.1', '登录密码不正确', 1, '局域网，无法获取位置', '13888888888', '2020-10-22 16:23:35');
INSERT INTO `sys_login_log` VALUES (1284, '127.0.0.1', '用户登录成功', 0, '局域网，无法获取位置', '13888888888', '2020-10-22 16:23:52');
INSERT INTO `sys_login_log` VALUES (1285, '127.0.0.1', '用户登录成功', 0, '局域网，无法获取位置', '13888888888', '2020-10-22 16:42:32');
INSERT INTO `sys_login_log` VALUES (1286, '127.0.0.1', '用户登录成功', 0, '局域网，无法获取位置', '13888888888', '2020-10-22 16:45:16');
INSERT INTO `sys_login_log` VALUES (1287, '127.0.0.1', '用户登录成功', 0, '局域网，无法获取位置', '13888888888', '2020-10-22 16:47:41');
INSERT INTO `sys_login_log` VALUES (1288, '127.0.0.1', '用户登录成功', 0, '局域网，无法获取位置', '13888888888', '2020-10-22 16:49:30');
INSERT INTO `sys_login_log` VALUES (1289, '127.0.0.1', '用户登录成功', 0, '局域网，无法获取位置', '13888888888', '2020-10-22 16:51:08');
INSERT INTO `sys_login_log` VALUES (1290, '127.0.0.1', '用户登录成功', 0, '局域网，无法获取位置', '13888888888', '2020-10-22 16:52:01');
INSERT INTO `sys_login_log` VALUES (1291, '127.0.0.1', '用户登录成功', 0, '局域网，无法获取位置', '13888888888', '2020-10-22 16:54:36');
INSERT INTO `sys_login_log` VALUES (1292, '127.0.0.1', '用户登录成功', 0, '局域网，无法获取位置', '13888888888', '2020-10-22 17:22:20');
INSERT INTO `sys_login_log` VALUES (1293, '127.0.0.1', '用户登录成功', 0, '局域网，无法获取位置', '13888888888', '2020-10-22 17:36:50');
INSERT INTO `sys_login_log` VALUES (1294, '127.0.0.1', '用户登录成功', 0, '局域网，无法获取位置', '13888888888', '2020-10-22 17:52:40');
INSERT INTO `sys_login_log` VALUES (1295, '127.0.0.1', '用户登录成功', 0, '局域网，无法获取位置', '13888888888', '2020-10-22 19:19:31');
INSERT INTO `sys_login_log` VALUES (1296, '127.0.0.1', '用户登录成功', 0, '局域网，无法获取位置', '13888888888', '2020-10-22 19:27:47');
INSERT INTO `sys_login_log` VALUES (1297, '127.0.0.1', '用户登录成功', 0, '局域网，无法获取位置', '13888888888', '2020-10-22 19:51:52');
INSERT INTO `sys_login_log` VALUES (1298, '127.0.0.1', '用户登录成功', 0, '局域网，无法获取位置', '13888888888', '2020-10-22 20:48:26');
INSERT INTO `sys_login_log` VALUES (1299, '127.0.0.1', '登录密码不正确', 1, '局域网，无法获取位置', '13888888888', '2020-10-22 21:20:07');
INSERT INTO `sys_login_log` VALUES (1300, '127.0.0.1', '登录密码不正确', 1, '局域网，无法获取位置', '13888888888', '2020-10-22 21:20:19');
INSERT INTO `sys_login_log` VALUES (1301, '127.0.0.1', '用户登录成功', 0, '局域网，无法获取位置', '13888888888', '2020-10-22 21:20:33');
INSERT INTO `sys_login_log` VALUES (1302, '127.0.0.1', '用户登录成功', 0, '局域网，无法获取位置', '13888888888', '2020-10-22 21:28:04');
INSERT INTO `sys_login_log` VALUES (1303, '127.0.0.1', '用户登录成功', 0, '局域网，无法获取位置', '13888888888', '2020-10-22 22:09:58');
INSERT INTO `sys_login_log` VALUES (1304, '127.0.0.1', '用户登录成功', 0, '局域网，无法获取位置', '13888888888', '2020-10-22 22:20:23');
INSERT INTO `sys_login_log` VALUES (1305, '127.0.0.1', '用户登录成功', 0, '局域网，无法获取位置', '15286779044', '2020-10-22 22:28:30');
INSERT INTO `sys_login_log` VALUES (1306, '127.0.0.1', '用户登录成功', 0, '局域网，无法获取位置', '15286779044', '2020-10-22 22:37:10');
INSERT INTO `sys_login_log` VALUES (1307, '127.0.0.1', '用户登录成功', 0, '局域网，无法获取位置', '15286779044', '2020-10-22 22:38:32');
INSERT INTO `sys_login_log` VALUES (1308, '127.0.0.1', '用户登录成功', 0, '局域网，无法获取位置', '13888888888', '2020-10-23 11:22:40');
INSERT INTO `sys_login_log` VALUES (1309, '127.0.0.1', '用户登录成功', 0, '局域网，无法获取位置', '13888888888', '2020-10-23 11:25:07');
INSERT INTO `sys_login_log` VALUES (1310, '127.0.0.1', '用户登录成功', 0, '局域网，无法获取位置', '13888888888', '2020-10-23 11:28:11');
INSERT INTO `sys_login_log` VALUES (1311, '127.0.0.1', '用户登录成功', 0, '局域网，无法获取位置', '13888888888', '2020-10-23 11:33:25');
INSERT INTO `sys_login_log` VALUES (1312, '127.0.0.1', '登录账户不存在', 1, '局域网，无法获取位置', '1388888888', '2020-10-23 11:36:56');
INSERT INTO `sys_login_log` VALUES (1313, '127.0.0.1', '用户登录成功', 0, '局域网，无法获取位置', '13888888888', '2020-10-23 11:37:25');
INSERT INTO `sys_login_log` VALUES (1314, '127.0.0.1', '用户登录成功', 0, '局域网，无法获取位置', '13888888888', '2020-10-23 11:44:55');
INSERT INTO `sys_login_log` VALUES (1315, '127.0.0.1', '用户登录成功', 0, '局域网，无法获取位置', '13888888888', '2020-10-23 13:40:13');
INSERT INTO `sys_login_log` VALUES (1316, '127.0.0.1', '用户登录成功', 0, '局域网，无法获取位置', '13888888888', '2020-10-23 14:14:25');
INSERT INTO `sys_login_log` VALUES (1317, '127.0.0.1', '用户登录成功', 0, '局域网，无法获取位置', '13888888888', '2020-10-23 14:16:55');
INSERT INTO `sys_login_log` VALUES (1318, '127.0.0.1', '用户登录成功', 0, '局域网，无法获取位置', '13888888888', '2020-10-23 14:27:18');
INSERT INTO `sys_login_log` VALUES (1319, '127.0.0.1', '用户登录成功', 0, '局域网，无法获取位置', '13888888888', '2020-10-23 14:39:47');
INSERT INTO `sys_login_log` VALUES (1320, '127.0.0.1', '用户登录成功', 0, '局域网，无法获取位置', '13888888888', '2020-10-23 15:38:38');
INSERT INTO `sys_login_log` VALUES (1321, '127.0.0.1', '用户登录成功', 0, '局域网，无法获取位置', '13888888888', '2020-10-23 15:45:53');
INSERT INTO `sys_login_log` VALUES (1322, '127.0.0.1', '用户登录成功', 0, '局域网，无法获取位置', '13888888888', '2020-10-23 16:30:01');
INSERT INTO `sys_login_log` VALUES (1323, '127.0.0.1', '用户登录成功', 0, '局域网，无法获取位置', '13888888888', '2020-10-23 16:40:20');
INSERT INTO `sys_login_log` VALUES (1324, '127.0.0.1', '用户登录成功', 0, '局域网，无法获取位置', '13888888888', '2020-10-23 17:04:29');
INSERT INTO `sys_login_log` VALUES (1325, '127.0.0.1', '用户登录成功', 0, '局域网，无法获取位置', '13888888888', '2020-10-23 17:33:46');
INSERT INTO `sys_login_log` VALUES (1326, '127.0.0.1', '用户登录成功', 0, '局域网，无法获取位置', '13888888888', '2020-10-23 17:55:59');
INSERT INTO `sys_login_log` VALUES (1327, '127.0.0.1', '用户登录成功', 0, '局域网，无法获取位置', '13888888888', '2020-10-23 17:57:11');
INSERT INTO `sys_login_log` VALUES (1328, '127.0.0.1', '用户登录成功', 0, '局域网，无法获取位置', '13888888888', '2020-10-23 18:14:00');
INSERT INTO `sys_login_log` VALUES (1329, '127.0.0.1', '用户登录成功', 0, '局域网，无法获取位置', '15286779044', '2020-10-23 19:27:37');
INSERT INTO `sys_login_log` VALUES (1330, '127.0.0.1', '用户登录成功', 0, '局域网，无法获取位置', '13888888888', '2020-10-23 19:36:18');
INSERT INTO `sys_login_log` VALUES (1331, '127.0.0.1', '用户登录成功', 0, '局域网，无法获取位置', '15286779044', '2020-10-23 19:43:11');
INSERT INTO `sys_login_log` VALUES (1332, '127.0.0.1', '用户登录成功', 0, '局域网，无法获取位置', '13888888888', '2020-10-23 19:45:02');
INSERT INTO `sys_login_log` VALUES (1333, '127.0.0.1', '登录账户不存在', 1, '局域网，无法获取位置', 'admin', '2020-10-23 21:48:47');
INSERT INTO `sys_login_log` VALUES (1334, '127.0.0.1', '登录账户不存在', 1, '局域网，无法获取位置', '1388888888', '2020-10-23 22:09:40');
INSERT INTO `sys_login_log` VALUES (1335, '127.0.0.1', '用户登录成功', 0, '局域网，无法获取位置', '13888888888', '2020-10-23 22:09:52');
INSERT INTO `sys_login_log` VALUES (1336, '127.0.0.1', '登录密码不正确', 1, '局域网，无法获取位置', '15286779044', '2020-10-23 22:10:34');
INSERT INTO `sys_login_log` VALUES (1337, '127.0.0.1', '用户登录成功', 0, '局域网，无法获取位置', '15286779044', '2020-10-23 22:10:43');
INSERT INTO `sys_login_log` VALUES (1338, '127.0.0.1', '用户登录成功', 0, '局域网，无法获取位置', '13888888888', '2020-10-23 22:11:27');
INSERT INTO `sys_login_log` VALUES (1339, '127.0.0.1', '用户登录成功', 0, '局域网，无法获取位置', '15286779044', '2020-10-23 22:12:43');
INSERT INTO `sys_login_log` VALUES (1340, '127.0.0.1', '用户登录成功', 0, '局域网，无法获取位置', '13888888888', '2020-10-23 22:18:29');
INSERT INTO `sys_login_log` VALUES (1341, '127.0.0.1', '用户登录成功', 0, '局域网，无法获取位置', '13888888888', '2020-10-23 23:25:32');
INSERT INTO `sys_login_log` VALUES (1342, '127.0.0.1', '用户登录成功', 0, '局域网，无法获取位置', '15286779044', '2020-10-24 12:27:36');
INSERT INTO `sys_login_log` VALUES (1343, '127.0.0.1', '用户登录成功', 0, '局域网，无法获取位置', '13888888888', '2020-10-24 14:58:52');
INSERT INTO `sys_login_log` VALUES (1344, '127.0.0.1', '登录账户不存在', 1, '局域网，无法获取位置', 'admin', '2020-10-24 16:44:32');
INSERT INTO `sys_login_log` VALUES (1345, '127.0.0.1', '登录账户不存在', 1, '局域网，无法获取位置', 'admin', '2020-10-24 16:44:42');
INSERT INTO `sys_login_log` VALUES (1346, '127.0.0.1', '用户登录成功', 0, '局域网，无法获取位置', '13888888888', '2020-10-24 16:47:48');
INSERT INTO `sys_login_log` VALUES (1347, '127.0.0.1', '用户登录成功', 0, '局域网，无法获取位置', '13888888888', '2020-10-25 09:53:05');
INSERT INTO `sys_login_log` VALUES (1348, '127.0.0.1', '登录账户不存在', 1, '局域网，无法获取位置', 'admin', '2020-10-25 12:30:51');
INSERT INTO `sys_login_log` VALUES (1349, '127.0.0.1', '登录账户不存在', 1, '局域网，无法获取位置', 'admin', '2020-10-25 12:31:36');
INSERT INTO `sys_login_log` VALUES (1350, '127.0.0.1', '用户登录成功', 0, '局域网，无法获取位置', '13888888888', '2020-10-25 12:58:31');
INSERT INTO `sys_login_log` VALUES (1351, '127.0.0.1', '用户登录成功', 0, '局域网，无法获取位置', '13888888888', '2020-10-25 13:05:34');
INSERT INTO `sys_login_log` VALUES (1352, '127.0.0.1', '用户登录成功', 0, '局域网，无法获取位置', '13888888888', '2020-10-25 14:59:42');
INSERT INTO `sys_login_log` VALUES (1353, '127.0.0.1', '登录账户不存在', 1, '局域网，无法获取位置', '123456', '2020-10-25 15:18:50');
INSERT INTO `sys_login_log` VALUES (1354, '127.0.0.1', '登录密码不正确', 1, '局域网，无法获取位置', '13888888888', '2020-10-25 15:19:28');
INSERT INTO `sys_login_log` VALUES (1355, '127.0.0.1', '用户登录成功', 0, '局域网，无法获取位置', '13888888888', '2020-10-25 15:19:37');
INSERT INTO `sys_login_log` VALUES (1356, '127.0.0.1', '用户登录成功', 0, '局域网，无法获取位置', '13888888888', '2020-10-25 15:37:30');
INSERT INTO `sys_login_log` VALUES (1357, '127.0.0.1', '用户登录成功', 0, '局域网，无法获取位置', '13888888888', '2020-10-25 16:07:50');
INSERT INTO `sys_login_log` VALUES (1358, '127.0.0.1', '用户登录成功', 0, '局域网，无法获取位置', '13888888888', '2020-10-25 17:59:07');
INSERT INTO `sys_login_log` VALUES (1359, '127.0.0.1', '用户登录成功', 0, '局域网，无法获取位置', '13888888888', '2020-10-25 18:51:09');
INSERT INTO `sys_login_log` VALUES (1360, '127.0.0.1', '用户登录成功', 0, '局域网，无法获取位置', '13888888888', '2020-10-25 20:51:10');
INSERT INTO `sys_login_log` VALUES (1361, '127.0.0.1', '用户登录成功', 0, '局域网，无法获取位置', '13888888888', '2020-10-25 21:28:57');
INSERT INTO `sys_login_log` VALUES (1362, '127.0.0.1', '用户登录成功', 0, '局域网，无法获取位置', '13888888888', '2020-10-25 23:20:38');
INSERT INTO `sys_login_log` VALUES (1363, '127.0.0.1', '用户登录成功', 0, '局域网，无法获取位置', '13888888888', '2020-10-26 09:31:32');
INSERT INTO `sys_login_log` VALUES (1364, '127.0.0.1', '用户登录成功', 0, '局域网，无法获取位置', '13888888888', '2020-10-26 09:50:29');
INSERT INTO `sys_login_log` VALUES (1365, '127.0.0.1', '用户登录成功', 0, '局域网，无法获取位置', '13888888888', '2020-10-26 10:04:21');
INSERT INTO `sys_login_log` VALUES (1366, '127.0.0.1', '用户登录成功', 0, '局域网，无法获取位置', '15286779044', '2020-10-26 10:18:15');
INSERT INTO `sys_login_log` VALUES (1367, '127.0.0.1', '用户登录成功', 0, '局域网，无法获取位置', '13888888888', '2020-10-26 10:25:03');
INSERT INTO `sys_login_log` VALUES (1368, '127.0.0.1', '用户登录成功', 0, '局域网，无法获取位置', '13888888888', '2020-10-26 10:29:32');
INSERT INTO `sys_login_log` VALUES (1369, '127.0.0.1', '用户登录成功', 0, '局域网，无法获取位置', '13888888888', '2020-10-26 13:11:42');
INSERT INTO `sys_login_log` VALUES (1370, '127.0.0.1', '用户登录成功', 0, '局域网，无法获取位置', '13888888888', '2020-10-26 13:43:32');
INSERT INTO `sys_login_log` VALUES (1371, '127.0.0.1', '用户登录成功', 0, '局域网，无法获取位置', '13888888888', '2020-10-26 16:17:05');
INSERT INTO `sys_login_log` VALUES (1372, '127.0.0.1', '用户登录成功', 0, '局域网，无法获取位置', '13888888888', '2020-10-26 16:44:53');
INSERT INTO `sys_login_log` VALUES (1373, '127.0.0.1', '用户登录成功', 0, '局域网，无法获取位置', '15286779044', '2020-10-26 17:12:15');
INSERT INTO `sys_login_log` VALUES (1374, '127.0.0.1', '登录账户不存在', 1, '局域网，无法获取位置', 'admin', '2020-10-26 20:00:25');
INSERT INTO `sys_login_log` VALUES (1375, '127.0.0.1', '用户登录成功', 0, '局域网，无法获取位置', '13888888888', '2020-10-26 20:12:37');
INSERT INTO `sys_login_log` VALUES (1376, '127.0.0.1', '用户登录成功', 0, '局域网，无法获取位置', '13888888888', '2020-10-26 20:27:04');
INSERT INTO `sys_login_log` VALUES (1377, '127.0.0.1', '用户登录成功', 0, '局域网，无法获取位置', '13888888888', '2020-10-26 20:48:57');
INSERT INTO `sys_login_log` VALUES (1378, '127.0.0.1', '用户登录成功', 0, '局域网，无法获取位置', '13888888888', '2020-10-26 20:57:41');
INSERT INTO `sys_login_log` VALUES (1379, '127.0.0.1', '用户登录成功', 0, '局域网，无法获取位置', '13888888888', '2020-10-26 23:46:42');
INSERT INTO `sys_login_log` VALUES (1380, '127.0.0.1', '用户登录成功', 0, '局域网，无法获取位置', '13888888888', '2020-10-27 05:20:31');

-- ----------------------------
-- Table structure for sys_permission_info
-- ----------------------------
DROP TABLE IF EXISTS `sys_permission_info`;
CREATE TABLE `sys_permission_info`  (
  `id` int(11) UNSIGNED NOT NULL AUTO_INCREMENT COMMENT '权限ID',
  `pid` int(11) NULL DEFAULT 0 COMMENT '父级ID',
  `name` varchar(64) CHARACTER SET utf8 COLLATE utf8_general_ci NULL DEFAULT NULL COMMENT '名称',
  `type` tinyint(4) NULL DEFAULT 0 COMMENT '类型（0--目录1--菜单2--按钮）',
  `sign` varchar(64) CHARACTER SET utf8 COLLATE utf8_general_ci NULL DEFAULT NULL COMMENT '标识',
  `href` varchar(64) CHARACTER SET utf8 COLLATE utf8_general_ci NULL DEFAULT NULL COMMENT '链接地址',
  `sort` int(4) NULL DEFAULT 0 COMMENT '排序',
  `icon` varchar(64) CHARACTER SET utf8 COLLATE utf8_general_ci NULL DEFAULT NULL COMMENT '图标',
  `target` varchar(10) CHARACTER SET utf8 COLLATE utf8_general_ci NULL DEFAULT '_self' COMMENT '打开方式（_self--内链_blank外链）',
  `descript` varchar(64) CHARACTER SET utf8 COLLATE utf8_general_ci NULL DEFAULT NULL COMMENT '描述',
  `status` tinyint(4) NULL DEFAULT 0 COMMENT '状态（0--正常1--停用）',
  `del_flag` tinyint(4) NULL DEFAULT 0 COMMENT '删除状态（0--未删除1--已删除）',
  `create_user` int(11) NULL DEFAULT 0 COMMENT '创建者',
  `create_time` datetime(0) NULL DEFAULT CURRENT_TIMESTAMP(0) COMMENT '创建时间',
  `update_user` int(11) NULL DEFAULT 0 COMMENT '更新人',
  `update_time` datetime(0) NULL DEFAULT CURRENT_TIMESTAMP(0) ON UPDATE CURRENT_TIMESTAMP(0) COMMENT '更新时间',
  PRIMARY KEY (`id`) USING BTREE
) ENGINE = InnoDB AUTO_INCREMENT = 143 CHARACTER SET = utf8mb4 COLLATE = utf8mb4_general_ci COMMENT = '菜单权限信息表' ROW_FORMAT = Compact;

-- ----------------------------
-- Records of sys_permission_info
-- ----------------------------
INSERT INTO `sys_permission_info` VALUES (1, 0, '系统管理', 0, NULL, '', 1, 'fa fa-gear', '_self', '系统管理权限', 0, 0, 1, '2020-07-04 16:48:43', 0, '2020-09-09 13:25:36');
INSERT INTO `sys_permission_info` VALUES (2, 1, '用户管理', 1, 'sys:user:info:view', 'sys/sys-user-info/init', 0, NULL, '_self', '用户管理，对用户的基本信息进行管理', 0, 0, 1, '2020-07-04 16:50:09', 0, '2020-09-09 13:32:54');
INSERT INTO `sys_permission_info` VALUES (3, 1, '角色管理', 1, 'sys:role:info:view', 'sys/sys-role-info/init', 1, NULL, '_self', '角色管理，对角色的基本信息进行管理', 0, 0, 1, '2020-07-04 16:50:09', 0, '2020-09-09 13:32:54');
INSERT INTO `sys_permission_info` VALUES (4, 1, '菜单管理', 1, 'sys:permission:info:view', 'sys/sys-permission-info/init', 2, NULL, '_self', '权限管理，对权限菜单的基本信息进行管理', 0, 0, 1, '2020-07-04 16:50:09', 0, '2020-09-09 13:32:54');
INSERT INTO `sys_permission_info` VALUES (7, 99, '图标列表', 1, 'sys:icon:view', 'sys/sys-icon/init', 0, '', '_self', '', 0, 0, 1, '2020-09-23 15:39:34', 0, '2020-09-23 15:55:00');
INSERT INTO `sys_permission_info` VALUES (8, 2, '新增', 2, 'sys:user:info:add', '', 1, 'fa ', '_self', '新增用户', 0, 0, 1, '2020-07-04 17:08:13', 0, '2020-09-09 13:32:54');
INSERT INTO `sys_permission_info` VALUES (9, 2, '修改', 2, 'sys:user:info:edit', NULL, 2, NULL, '_self', '修改用户', 0, 0, 1, '2020-07-04 17:08:13', 0, '2020-09-09 13:32:54');
INSERT INTO `sys_permission_info` VALUES (10, 2, '删除', 2, 'sys:user:info:del', NULL, 3, NULL, '_self', '删除用户', 0, 0, 1, '2020-07-04 17:08:13', 0, '2020-10-23 22:20:09');
INSERT INTO `sys_permission_info` VALUES (11, 2, '禁/启用', 2, 'sys:user:info:status', NULL, 4, NULL, '_self', '删除用户', 0, 0, 1, '2020-07-04 17:08:13', 0, '2020-10-23 22:20:25');
INSERT INTO `sys_permission_info` VALUES (12, 3, '新增', 2, 'sys:role:info:add', NULL, 1, NULL, '_self', '新增角色', 0, 0, 1, '2020-07-04 17:08:13', 0, '2020-10-23 22:21:23');
INSERT INTO `sys_permission_info` VALUES (13, 3, '修改', 2, 'sys:role:info:edit', NULL, 2, NULL, '_self', '修改角色', 0, 0, 1, '2020-07-04 17:08:13', 0, '2020-10-23 22:21:25');
INSERT INTO `sys_permission_info` VALUES (16, 4, '新增', 2, 'sys:permission:info:add', NULL, 1, NULL, '_self', '新增权限', 0, 0, 1, '2020-07-04 17:08:13', 0, '2020-10-23 22:22:06');
INSERT INTO `sys_permission_info` VALUES (17, 100, '查看', 2, 'sys:icon:show', '', 0, 'fa ', '_self', '', 0, 0, 0, '2020-09-23 15:39:34', 0, '2020-09-23 15:53:29');
INSERT INTO `sys_permission_info` VALUES (26, 3, '授权', 2, 'sys:role:info:auth', '', 5, '', '_self', '', 0, 0, 1, '2020-07-10 20:55:36', 0, '2020-10-23 22:21:33');
INSERT INTO `sys_permission_info` VALUES (27, 4, '修改', 2, 'sys:permission:info:edit', '', 2, '', '_self', '', 0, 0, 1, '2020-07-10 20:57:17', 0, '2020-10-23 22:22:09');
INSERT INTO `sys_permission_info` VALUES (28, 4, '删除', 2, 'sys:permission:info:del', '', 3, '', '_self', '', 0, 0, 1, '2020-07-10 20:59:02', 0, '2020-10-23 22:22:10');
INSERT INTO `sys_permission_info` VALUES (29, 4, '禁/启用', 2, 'sys:permission:info:status', '', 4, '', '_self', '', 0, 0, 1, '2020-07-10 20:59:36', 0, '2020-10-23 22:22:12');
INSERT INTO `sys_permission_info` VALUES (30, 3, '删除', 2, 'sys:role:info:del', '', 3, '', '_self', '', 0, 0, 1, '2020-07-10 21:00:24', 0, '2020-10-23 22:21:27');
INSERT INTO `sys_permission_info` VALUES (31, 3, '禁/启用', 2, 'sys:role:info:status', '', 4, '', '_self', '', 0, 0, 1, '2020-07-10 21:00:59', 0, '2020-10-23 22:21:11');
INSERT INTO `sys_permission_info` VALUES (40, 2, '授权', 2, 'sys:user:info:auth', '', 5, '', '_self', '', 0, 0, 1, '2020-07-11 11:22:40', 0, '2020-10-23 22:20:26');
INSERT INTO `sys_permission_info` VALUES (41, 99, '接口文档', 1, 'sys:document:view', 'doc.html', 4, '', '_blank', '', 0, 0, 1, '2020-07-13 15:52:27', 0, '2020-09-23 15:49:53');
INSERT INTO `sys_permission_info` VALUES (42, 2, '查看', 2, 'sys:user:info:show', '', 0, '', '_self', '', 0, 0, 1, '2020-07-14 20:39:49', 0, '2020-09-09 13:32:54');
INSERT INTO `sys_permission_info` VALUES (43, 1, '数据字典', 1, 'sys:dict:view', 'sys/sys-dict/init', 3, '', '_self', '', 0, 0, 1, '2020-07-15 16:17:22', 0, '2020-09-24 10:12:46');
INSERT INTO `sys_permission_info` VALUES (44, 43, '查看', 2, 'sys:dict:show', '', 0, '', '_self', '', 0, 0, 1, '2020-07-15 16:18:50', 0, '2020-09-09 13:32:54');
INSERT INTO `sys_permission_info` VALUES (45, 43, '新增', 2, 'sys:dict:add', '', 1, '', '_self', '', 0, 0, 1, '2020-07-15 16:19:06', 0, '2020-09-09 13:32:54');
INSERT INTO `sys_permission_info` VALUES (46, 43, '修改', 2, 'sys:dict:edit', '', 2, '', '_self', '', 0, 0, 1, '2020-07-15 16:19:20', 0, '2020-09-09 13:32:54');
INSERT INTO `sys_permission_info` VALUES (47, 43, '删除', 2, 'sys:dict:del', '', 3, '', '_self', '', 0, 0, 1, '2020-07-15 16:19:34', 0, '2020-09-09 13:32:54');
INSERT INTO `sys_permission_info` VALUES (48, 43, '禁/启用', 2, 'sys:dict:status', '', 4, '', '_self', '', 0, 0, 1, '2020-07-15 16:20:07', 0, '2020-09-09 13:32:54');
INSERT INTO `sys_permission_info` VALUES (49, 43, '配置', 2, 'sys:dict:config', '', 5, '', '_self', '', 0, 0, 1, '2020-07-15 20:25:34', 0, '2020-09-09 13:32:54');
INSERT INTO `sys_permission_info` VALUES (50, 3, '查看', 2, 'sys:role:info:show', '', 0, '', '_self', '', 0, 0, 1, '2020-07-15 22:34:23', 0, '2020-09-09 13:32:54');
INSERT INTO `sys_permission_info` VALUES (51, 41, '查看', 2, 'sys:document:show', '', 0, '', '_self', '', 0, 0, 1, '2020-07-20 21:28:35', 0, '2020-09-09 13:32:54');
INSERT INTO `sys_permission_info` VALUES (52, 64, '定时任务', 1, 'sys:quartz:view', 'sys/sys-quartz/init', 1, '', '_self', '', 0, 0, 1, '2020-07-21 10:33:16', 0, '2020-09-23 15:56:04');
INSERT INTO `sys_permission_info` VALUES (53, 52, '查看', 2, 'sys:quartz:show', '', 0, '', '_self', '', 0, 0, 1, '2020-07-21 10:33:44', 0, '2020-09-09 13:32:54');
INSERT INTO `sys_permission_info` VALUES (54, 52, '编辑', 2, 'sys:quartz:edit', '', 2, '', '_self', '', 0, 0, 1, '2020-07-21 10:33:59', 0, '2020-10-23 22:23:29');
INSERT INTO `sys_permission_info` VALUES (55, 52, '删除', 2, 'sys:quartz:del', '', 3, '', '_self', '', 0, 0, 1, '2020-07-21 10:34:15', 0, '2020-10-23 22:23:31');
INSERT INTO `sys_permission_info` VALUES (56, 52, '禁/启用', 2, 'sys:quartz:status', '', 4, '', '_self', '', 0, 0, 1, '2020-07-21 10:34:34', 0, '2020-10-23 22:23:33');
INSERT INTO `sys_permission_info` VALUES (57, 52, '启动/停止', 2, 'sys:quartz:start:stop', '', 5, '', '_self', '', 0, 0, 1, '2020-07-21 10:35:10', 0, '2020-10-23 22:23:35');
INSERT INTO `sys_permission_info` VALUES (58, 52, '新增', 2, 'sys:quartz:add', '', 1, '', '_self', '', 0, 0, 1, '2020-07-21 13:06:57', 0, '2020-10-23 22:23:19');
INSERT INTO `sys_permission_info` VALUES (59, 64, '登录日志', 1, 'sys:login:log:view', 'sys/sys-login-log/init', 2, '', '_self', '', 0, 0, 1, '2020-07-28 10:17:01', 0, '2020-09-09 13:32:54');
INSERT INTO `sys_permission_info` VALUES (60, 59, '查看', 2, 'sys:login:log:show', '', 0, '', '_self', '', 0, 0, 1, '2020-07-28 10:17:30', 0, '2020-09-09 13:32:54');
INSERT INTO `sys_permission_info` VALUES (62, 99, '开发日志', 1, 'sys:dev:log:view', 'sys/sys-dev-log/init', 3, '', '_self', '', 0, 0, 1, '2020-07-28 14:02:55', 0, '2020-09-23 15:49:34');
INSERT INTO `sys_permission_info` VALUES (63, 62, '查看', 2, 'sys:dev:log:show', '', 0, '', '_self', '', 0, 0, 1, '2020-07-28 14:03:19', 0, '2020-09-09 13:32:54');
INSERT INTO `sys_permission_info` VALUES (64, 0, '系统监控', 0, NULL, '', 2, 'fa fa-cogs', '_self', '', 0, 0, 1, '2020-07-31 13:57:08', 0, '2020-09-09 13:25:36');
INSERT INTO `sys_permission_info` VALUES (65, 99, 'Redis监控', 1, 'sys:redis:view', 'sys/sys-redis/init', 5, '', '_self', '', 0, 0, 1, '2020-07-31 15:53:58', 0, '2020-09-23 15:49:38');
INSERT INTO `sys_permission_info` VALUES (66, 65, '查看', 2, 'sys:redis:show', '', 0, '', '_self', '', 0, 0, 1, '2020-07-31 15:54:19', 0, '2020-09-17 21:16:21');
INSERT INTO `sys_permission_info` VALUES (67, 65, '新增', 2, 'sys:redis:add', '', 1, '', '_self', '', 0, 0, 1, '2020-07-31 17:35:53', 0, '2020-09-17 21:16:21');
INSERT INTO `sys_permission_info` VALUES (68, 65, '修改', 2, 'sys:redis:edit', '', 2, '', '_self', '', 0, 0, 1, '2020-07-31 17:36:08', 0, '2020-09-17 21:16:21');
INSERT INTO `sys_permission_info` VALUES (69, 65, '删除', 2, 'sys:redis:del', '', 3, '', '_self', '', 0, 0, 1, '2020-07-31 17:36:25', 0, '2020-09-17 21:16:21');
INSERT INTO `sys_permission_info` VALUES (70, 99, '数据库管理', 1, 'sys:datatable:view', 'sys/sys-data-table/init', 5, '', '_self', '', 0, 0, 1, '2020-08-11 17:04:38', 0, '2020-09-23 15:49:44');
INSERT INTO `sys_permission_info` VALUES (71, 70, '查看', 2, 'sys:datatable:show', '', 0, '', '_self', '', 0, 0, 1, '2020-08-11 17:05:12', 0, '2020-09-09 13:32:54');
INSERT INTO `sys_permission_info` VALUES (76, 64, '操作日志', 1, 'sys:handle:log:view', 'sys/sys-handle-log/init', 2, '', '_self', '', 0, 0, 1, '2020-08-31 17:16:14', 0, '2020-09-09 13:32:54');
INSERT INTO `sys_permission_info` VALUES (77, 76, '查看', 2, 'sys:handle:log:show', '', 0, '', '_self', '', 0, 0, 1, '2020-08-31 17:16:45', 0, '2020-09-09 13:32:54');
INSERT INTO `sys_permission_info` VALUES (94, 4, '查看', 2, 'sys:permission:info:show', '', 0, '', '_self', '', 0, 0, 5, '2020-09-09 12:04:20', 0, '2020-09-09 13:32:54');
INSERT INTO `sys_permission_info` VALUES (95, 70, '新增', 2, 'sys:datatable:add', '', 1, '', '_self', '', 0, 0, 1, '2020-09-21 13:29:51', 0, '2020-09-21 13:29:51');
INSERT INTO `sys_permission_info` VALUES (96, 70, '修改', 2, 'sys:datatable:edit', '', 2, '', '_self', '', 0, 0, 1, '2020-09-21 13:30:11', 0, '2020-09-21 13:30:11');
INSERT INTO `sys_permission_info` VALUES (97, 70, '删除', 2, 'sys:datatable:del', '', 3, '', '_self', '', 0, 0, 1, '2020-09-21 13:30:23', 0, '2020-09-21 13:30:23');
INSERT INTO `sys_permission_info` VALUES (98, 70, '详情', 2, 'sys:datatable:detail', '', 4, '', '_self', '', 0, 0, 1, '2020-09-21 13:30:37', 0, '2020-09-21 13:30:37');
INSERT INTO `sys_permission_info` VALUES (99, 0, '开发者区', 0, '', '', 3, 'fa fa-code', '_self', '', 0, 0, 1, '2020-09-23 15:38:19', 0, '2020-09-23 16:08:11');
INSERT INTO `sys_permission_info` VALUES (102, 64, '服务监控', 1, 'sys:server:info:view', 'sys/sys-server-info/init', 3, '', '_self', '', 0, 0, 1, '2020-09-23 16:51:39', 0, '2020-09-24 09:42:02');
INSERT INTO `sys_permission_info` VALUES (103, 102, '查看', 2, 'sys:server:info:show', '', 0, 'fa ', '_self', '', 0, 0, 0, '2020-09-23 16:51:39', 0, '2020-09-23 16:52:02');
INSERT INTO `sys_permission_info` VALUES (106, 0, '基础信息', 0, '', '', 0, 'fa fa-align-justify', '_self', '', 0, 0, 1, '2020-09-28 13:58:50', 0, '2020-09-28 13:58:50');
INSERT INTO `sys_permission_info` VALUES (107, 106, '轮播管理', 1, 'business:banner:info:view', 'business/banner-info/init', 0, '', '_self', '', 0, 0, 1, '2020-09-28 13:59:46', 0, '2020-09-28 13:59:46');
INSERT INTO `sys_permission_info` VALUES (108, 107, '查看', 2, 'business:banner:info:show', NULL, 0, NULL, '_self', NULL, 0, 0, 0, '2020-09-28 13:59:46', 0, '2020-09-28 13:59:46');
INSERT INTO `sys_permission_info` VALUES (109, 107, '新增', 2, 'business:banner:info:add', NULL, 1, NULL, '_self', NULL, 0, 0, 0, '2020-09-28 13:59:46', 0, '2020-09-28 13:59:46');
INSERT INTO `sys_permission_info` VALUES (110, 107, '修改', 2, 'business:banner:info:edit', NULL, 2, NULL, '_self', NULL, 0, 0, 0, '2020-09-28 13:59:46', 0, '2020-09-28 13:59:46');
INSERT INTO `sys_permission_info` VALUES (111, 107, '删除', 2, 'business:banner:info:del', NULL, 3, NULL, '_self', NULL, 0, 0, 0, '2020-09-28 13:59:46', 0, '2020-09-28 13:59:46');
INSERT INTO `sys_permission_info` VALUES (112, 106, '公告管理', 1, 'business:notice:info:view', 'business/notice-info/init', 0, '', '_self', '', 0, 0, 1, '2020-09-28 14:00:36', 0, '2020-09-28 14:00:36');
INSERT INTO `sys_permission_info` VALUES (113, 112, '查看', 2, 'business:notice:info:show', NULL, 0, NULL, '_self', NULL, 0, 0, 0, '2020-09-28 14:00:36', 0, '2020-09-28 14:00:36');
INSERT INTO `sys_permission_info` VALUES (114, 112, '新增', 2, 'business:notice:info:add', NULL, 1, NULL, '_self', NULL, 0, 0, 0, '2020-09-28 14:00:36', 0, '2020-09-28 14:00:36');
INSERT INTO `sys_permission_info` VALUES (115, 112, '修改', 2, 'business:notice:info:edit', NULL, 2, NULL, '_self', NULL, 0, 0, 0, '2020-09-28 14:00:36', 0, '2020-09-28 14:00:36');
INSERT INTO `sys_permission_info` VALUES (116, 112, '删除', 2, 'business:notice:info:del', NULL, 3, NULL, '_self', NULL, 0, 0, 0, '2020-09-28 14:00:36', 0, '2020-09-28 14:00:36');
INSERT INTO `sys_permission_info` VALUES (117, 106, '意见反馈', 1, 'business:feed:back:info:view', 'business/feed-back-info/init', 0, '', '_self', '', 0, 0, 1, '2020-09-29 16:09:09', 0, '2020-09-29 16:09:09');
INSERT INTO `sys_permission_info` VALUES (118, 117, '查看', 2, 'business:feed:back:info:show', NULL, 0, NULL, '_self', NULL, 0, 0, 0, '2020-09-29 16:09:09', 0, '2020-09-29 16:09:09');
INSERT INTO `sys_permission_info` VALUES (119, 106, '新闻资讯', 1, 'business:news:info:view', 'business/news-info/init', 0, '', '_self', '', 0, 0, 1, '2020-09-30 10:50:58', 0, '2020-09-30 10:50:58');
INSERT INTO `sys_permission_info` VALUES (120, 119, '查看', 2, 'business:news:info:show', NULL, 0, NULL, '_self', NULL, 0, 0, 0, '2020-09-30 10:50:58', 0, '2020-09-30 10:50:58');
INSERT INTO `sys_permission_info` VALUES (121, 119, '新增', 2, 'business:news:info:add', NULL, 1, NULL, '_self', NULL, 0, 0, 0, '2020-09-30 10:50:58', 0, '2020-09-30 10:50:58');
INSERT INTO `sys_permission_info` VALUES (122, 119, '修改', 2, 'business:news:info:edit', NULL, 2, NULL, '_self', NULL, 0, 0, 0, '2020-09-30 10:50:58', 0, '2020-09-30 10:50:58');
INSERT INTO `sys_permission_info` VALUES (123, 119, '删除', 2, 'business:news:info:del', NULL, 3, NULL, '_self', NULL, 0, 0, 0, '2020-09-30 10:50:58', 0, '2020-09-30 10:50:58');
INSERT INTO `sys_permission_info` VALUES (124, 0, '组件专区', 0, '', '', 4, 'fa fa-cubes', '_self', '', 0, 0, 1, '2020-10-13 14:24:54', 0, '2020-10-13 14:24:54');
INSERT INTO `sys_permission_info` VALUES (125, 124, '图二维码', 1, 'components:qrcode:view', 'components/qrcode/init', 2, '', '_self', '', 0, 0, 1, '2020-10-13 14:26:34', 0, '2020-10-14 10:05:52');
INSERT INTO `sys_permission_info` VALUES (126, 125, '查看', 2, 'components:qrcode:show', NULL, 0, NULL, '_self', NULL, 0, 0, 0, '2020-10-13 14:26:34', 0, '2020-10-13 14:26:34');
INSERT INTO `sys_permission_info` VALUES (127, 124, '商品条码', 1, 'components:barcode:view', 'components/barcode/init', 3, '', '_self', '', 0, 0, 1, '2020-10-13 14:27:13', 0, '2020-10-14 10:05:54');
INSERT INTO `sys_permission_info` VALUES (128, 127, '查看', 2, 'components:barcode:show', NULL, 0, NULL, '_self', NULL, 0, 0, 0, '2020-10-13 14:27:13', 0, '2020-10-13 14:27:13');
INSERT INTO `sys_permission_info` VALUES (129, 124, '通知公告', 1, 'components:notice:view', 'components/notice/init', 1, '', '_self', '', 0, 0, 1, '2020-10-13 14:27:44', 0, '2020-10-13 14:27:44');
INSERT INTO `sys_permission_info` VALUES (130, 129, '查看', 2, 'components:notice:show', NULL, 0, NULL, '_self', NULL, 0, 0, 0, '2020-10-13 14:27:44', 0, '2020-10-13 14:27:44');
INSERT INTO `sys_permission_info` VALUES (131, 124, '消息通知', 1, 'components:layNotify:view', 'components/layNotify/init', 0, '', '_self', '', 0, 0, 1, '2020-10-13 14:28:58', 0, '2020-10-13 14:28:58');
INSERT INTO `sys_permission_info` VALUES (132, 131, '查看', 2, 'components:layNotify:show', NULL, 0, NULL, '_self', NULL, 0, 0, 0, '2020-10-13 14:28:58', 0, '2020-10-13 14:28:58');
INSERT INTO `sys_permission_info` VALUES (133, 124, '加载进度', 1, 'components:nprogress:view', 'components/nprogress/init', 4, '', '_self', '', 0, 0, 1, '2020-10-13 14:30:05', 0, '2020-10-14 10:05:56');
INSERT INTO `sys_permission_info` VALUES (134, 133, '查看', 2, 'components:nprogress:show', NULL, 0, NULL, '_self', NULL, 0, 0, 0, '2020-10-13 14:30:06', 0, '2020-10-13 14:30:06');
INSERT INTO `sys_permission_info` VALUES (135, 124, '数字步进', 1, 'components:countUp:view', 'components/countUp/init', 5, '', '_self', '', 0, 0, 1, '2020-10-13 14:31:06', 0, '2020-10-14 10:05:59');
INSERT INTO `sys_permission_info` VALUES (136, 135, '查看', 2, 'components:countUp:show', NULL, 0, NULL, '_self', NULL, 0, 0, 0, '2020-10-13 14:31:06', 0, '2020-10-13 14:31:06');
INSERT INTO `sys_permission_info` VALUES (137, 124, '文件上传', 1, 'components:zyupload:view', 'components/zyupload/init', 6, '', '_self', '', 0, 0, 1, '2020-10-14 10:01:11', 0, '2020-10-14 10:01:11');
INSERT INTO `sys_permission_info` VALUES (138, 137, '查看', 2, 'components:zyupload:show', NULL, 0, NULL, '_self', NULL, 0, 0, 0, '2020-10-14 10:01:11', 0, '2020-10-14 10:01:11');
INSERT INTO `sys_permission_info` VALUES (139, 1, '系统配置', 1, 'sys:configure:view', 'sys/sys-configure/init', 4, '', '_self', '', 0, 0, 1, '2020-10-20 21:38:20', 0, '2020-10-20 21:38:20');
INSERT INTO `sys_permission_info` VALUES (140, 139, '查看', 2, 'sys:configure:show', NULL, 0, NULL, '_self', NULL, 0, 0, 0, '2020-10-20 21:38:20', 0, '2020-10-20 21:38:20');
INSERT INTO `sys_permission_info` VALUES (141, 139, '修改', 2, 'sys:configure:edit', NULL, 1, NULL, '_self', NULL, 0, 0, 0, '2020-10-20 21:38:20', 0, '2020-10-20 21:38:20');
INSERT INTO `sys_permission_info` VALUES (142, 2, '修改密码', 2, 'sys:user:info:editpassword', '', 6, '', '_self', '', 0, 0, 1, '2020-10-20 22:34:02', 0, '2020-10-23 22:20:28');

-- ----------------------------
-- Table structure for sys_quartz
-- ----------------------------
DROP TABLE IF EXISTS `sys_quartz`;
CREATE TABLE `sys_quartz`  (
  `id` int(11) UNSIGNED NOT NULL AUTO_INCREMENT COMMENT '主键id',
  `class_name` varchar(64) CHARACTER SET utf8mb4 COLLATE utf8mb4_general_ci NULL DEFAULT NULL COMMENT '任务类名',
  `cron_expression` varchar(64) CHARACTER SET utf8mb4 COLLATE utf8mb4_general_ci NULL DEFAULT NULL COMMENT 'cron表达式',
  `param` varchar(32) CHARACTER SET utf8mb4 COLLATE utf8mb4_general_ci NULL DEFAULT NULL COMMENT '参数',
  `descript` varchar(64) CHARACTER SET utf8mb4 COLLATE utf8mb4_general_ci NULL DEFAULT NULL COMMENT '描述',
  `quartz_status` tinyint(4) NULL DEFAULT 0 COMMENT '启动状态（0--启动1--停止）',
  `status` tinyint(4) NULL DEFAULT 0 COMMENT '状态（0--正常1--停用）',
  `del_flag` tinyint(4) NULL DEFAULT 0 COMMENT '删除状态（0--未删除1--已删除）',
  `create_user` int(11) NULL DEFAULT 0 COMMENT '创建者',
  `create_time` datetime(0) NULL DEFAULT CURRENT_TIMESTAMP(0) COMMENT '创建时间',
  `update_user` int(11) NULL DEFAULT 0 COMMENT '更新人',
  `update_time` datetime(0) NULL DEFAULT CURRENT_TIMESTAMP(0) ON UPDATE CURRENT_TIMESTAMP(0) COMMENT '更新时间',
  PRIMARY KEY (`id`) USING BTREE
) ENGINE = InnoDB AUTO_INCREMENT = 2 CHARACTER SET = utf8mb4 COLLATE = utf8mb4_general_ci COMMENT = '定时任务信息表' ROW_FORMAT = Compact;

-- ----------------------------
-- Records of sys_quartz
-- ----------------------------
INSERT INTO `sys_quartz` VALUES (1, 'com.zyxx.sys.job.TestJob', '*/2 * * * * ?', '', '定时任务测试', 1, 0, 0, 1, '2020-07-21 10:46:50', 0, '2020-09-21 10:46:36');

-- ----------------------------
-- Table structure for sys_role_info
-- ----------------------------
DROP TABLE IF EXISTS `sys_role_info`;
CREATE TABLE `sys_role_info`  (
  `id` int(11) UNSIGNED NOT NULL AUTO_INCREMENT COMMENT '角色ID',
  `name` varchar(32) CHARACTER SET utf8 COLLATE utf8_general_ci NULL DEFAULT NULL COMMENT '角色名称',
  `sign` varchar(32) CHARACTER SET utf8 COLLATE utf8_general_ci NULL DEFAULT NULL COMMENT '角色标志',
  `descript` varchar(64) CHARACTER SET utf8 COLLATE utf8_general_ci NULL DEFAULT NULL COMMENT '角色描述',
  `status` tinyint(4) NULL DEFAULT 0 COMMENT '状态（0--正常1--停用）',
  `del_flag` tinyint(4) NULL DEFAULT 0 COMMENT '删除状态（0--未删除1--已删除）',
  `create_user` int(11) NULL DEFAULT 0 COMMENT '创建者',
  `create_time` datetime(0) NULL DEFAULT CURRENT_TIMESTAMP(0) COMMENT '创建时间',
  `update_user` int(11) NULL DEFAULT 0 COMMENT '更新人',
  `update_time` datetime(0) NULL DEFAULT CURRENT_TIMESTAMP(0) ON UPDATE CURRENT_TIMESTAMP(0) COMMENT '更新时间',
  PRIMARY KEY (`id`) USING BTREE
) ENGINE = InnoDB AUTO_INCREMENT = 8 CHARACTER SET = utf8mb4 COLLATE = utf8mb4_general_ci COMMENT = '角色信息表' ROW_FORMAT = Compact;

-- ----------------------------
-- Records of sys_role_info
-- ----------------------------
INSERT INTO `sys_role_info` VALUES (1, '超级管理员', 'administrator', '超级管理员，拥有至高无上的权力', 0, 0, 0, '2020-09-06 19:40:31', 0, '2020-09-06 19:40:31');
INSERT INTO `sys_role_info` VALUES (4, '测试人员', 'test', '', 0, 0, 0, '2020-09-06 19:40:31', 0, '2020-09-06 19:40:31');
INSERT INTO `sys_role_info` VALUES (5, '11', '11', '', 0, 0, 6, '2020-10-15 21:19:49', 0, '2020-10-15 21:19:49');
INSERT INTO `sys_role_info` VALUES (6, 'zva', 'awc ', 'aswccv', 0, 0, 6, '2020-10-21 22:34:47', 0, '2020-10-21 22:34:47');
INSERT INTO `sys_role_info` VALUES (7, 'ggg', 'hjjj', 'rtytyrt', 0, 0, 6, '2020-10-23 15:48:54', 0, '2020-10-23 15:48:54');

-- ----------------------------
-- Table structure for sys_role_permission
-- ----------------------------
DROP TABLE IF EXISTS `sys_role_permission`;
CREATE TABLE `sys_role_permission`  (
  `id` int(11) UNSIGNED NOT NULL AUTO_INCREMENT COMMENT '角色权限id',
  `role_id` int(11) NULL DEFAULT 0 COMMENT '角色id',
  `permission_id` int(11) NULL DEFAULT 0 COMMENT '权限id',
  PRIMARY KEY (`id`) USING BTREE
) ENGINE = InnoDB AUTO_INCREMENT = 2664 CHARACTER SET = utf8mb4 COLLATE = utf8mb4_general_ci COMMENT = '角色-权限关系表' ROW_FORMAT = Compact;

-- ----------------------------
-- Records of sys_role_permission
-- ----------------------------
INSERT INTO `sys_role_permission` VALUES (2484, 1, 1);
INSERT INTO `sys_role_permission` VALUES (2485, 1, 2);
INSERT INTO `sys_role_permission` VALUES (2486, 1, 3);
INSERT INTO `sys_role_permission` VALUES (2487, 1, 4);
INSERT INTO `sys_role_permission` VALUES (2488, 1, 7);
INSERT INTO `sys_role_permission` VALUES (2489, 1, 8);
INSERT INTO `sys_role_permission` VALUES (2490, 1, 9);
INSERT INTO `sys_role_permission` VALUES (2491, 1, 10);
INSERT INTO `sys_role_permission` VALUES (2492, 1, 11);
INSERT INTO `sys_role_permission` VALUES (2493, 1, 12);
INSERT INTO `sys_role_permission` VALUES (2494, 1, 13);
INSERT INTO `sys_role_permission` VALUES (2495, 1, 16);
INSERT INTO `sys_role_permission` VALUES (2496, 1, 17);
INSERT INTO `sys_role_permission` VALUES (2497, 1, 26);
INSERT INTO `sys_role_permission` VALUES (2498, 1, 27);
INSERT INTO `sys_role_permission` VALUES (2499, 1, 28);
INSERT INTO `sys_role_permission` VALUES (2500, 1, 29);
INSERT INTO `sys_role_permission` VALUES (2501, 1, 30);
INSERT INTO `sys_role_permission` VALUES (2502, 1, 31);
INSERT INTO `sys_role_permission` VALUES (2503, 1, 40);
INSERT INTO `sys_role_permission` VALUES (2504, 1, 41);
INSERT INTO `sys_role_permission` VALUES (2505, 1, 42);
INSERT INTO `sys_role_permission` VALUES (2506, 1, 43);
INSERT INTO `sys_role_permission` VALUES (2507, 1, 44);
INSERT INTO `sys_role_permission` VALUES (2508, 1, 45);
INSERT INTO `sys_role_permission` VALUES (2509, 1, 46);
INSERT INTO `sys_role_permission` VALUES (2510, 1, 47);
INSERT INTO `sys_role_permission` VALUES (2511, 1, 48);
INSERT INTO `sys_role_permission` VALUES (2512, 1, 49);
INSERT INTO `sys_role_permission` VALUES (2513, 1, 50);
INSERT INTO `sys_role_permission` VALUES (2514, 1, 51);
INSERT INTO `sys_role_permission` VALUES (2515, 1, 52);
INSERT INTO `sys_role_permission` VALUES (2516, 1, 53);
INSERT INTO `sys_role_permission` VALUES (2517, 1, 54);
INSERT INTO `sys_role_permission` VALUES (2518, 1, 55);
INSERT INTO `sys_role_permission` VALUES (2519, 1, 56);
INSERT INTO `sys_role_permission` VALUES (2520, 1, 57);
INSERT INTO `sys_role_permission` VALUES (2521, 1, 58);
INSERT INTO `sys_role_permission` VALUES (2522, 1, 59);
INSERT INTO `sys_role_permission` VALUES (2523, 1, 60);
INSERT INTO `sys_role_permission` VALUES (2524, 1, 62);
INSERT INTO `sys_role_permission` VALUES (2525, 1, 63);
INSERT INTO `sys_role_permission` VALUES (2526, 1, 64);
INSERT INTO `sys_role_permission` VALUES (2527, 1, 65);
INSERT INTO `sys_role_permission` VALUES (2528, 1, 66);
INSERT INTO `sys_role_permission` VALUES (2529, 1, 67);
INSERT INTO `sys_role_permission` VALUES (2530, 1, 68);
INSERT INTO `sys_role_permission` VALUES (2531, 1, 69);
INSERT INTO `sys_role_permission` VALUES (2532, 1, 70);
INSERT INTO `sys_role_permission` VALUES (2533, 1, 71);
INSERT INTO `sys_role_permission` VALUES (2534, 1, 76);
INSERT INTO `sys_role_permission` VALUES (2535, 1, 77);
INSERT INTO `sys_role_permission` VALUES (2536, 1, 94);
INSERT INTO `sys_role_permission` VALUES (2537, 1, 95);
INSERT INTO `sys_role_permission` VALUES (2538, 1, 96);
INSERT INTO `sys_role_permission` VALUES (2539, 1, 97);
INSERT INTO `sys_role_permission` VALUES (2540, 1, 98);
INSERT INTO `sys_role_permission` VALUES (2541, 1, 99);
INSERT INTO `sys_role_permission` VALUES (2542, 1, 102);
INSERT INTO `sys_role_permission` VALUES (2543, 1, 103);
INSERT INTO `sys_role_permission` VALUES (2544, 1, 106);
INSERT INTO `sys_role_permission` VALUES (2545, 1, 107);
INSERT INTO `sys_role_permission` VALUES (2546, 1, 108);
INSERT INTO `sys_role_permission` VALUES (2547, 1, 109);
INSERT INTO `sys_role_permission` VALUES (2548, 1, 110);
INSERT INTO `sys_role_permission` VALUES (2549, 1, 111);
INSERT INTO `sys_role_permission` VALUES (2550, 1, 112);
INSERT INTO `sys_role_permission` VALUES (2551, 1, 113);
INSERT INTO `sys_role_permission` VALUES (2552, 1, 114);
INSERT INTO `sys_role_permission` VALUES (2553, 1, 115);
INSERT INTO `sys_role_permission` VALUES (2554, 1, 116);
INSERT INTO `sys_role_permission` VALUES (2555, 1, 117);
INSERT INTO `sys_role_permission` VALUES (2556, 1, 118);
INSERT INTO `sys_role_permission` VALUES (2557, 1, 119);
INSERT INTO `sys_role_permission` VALUES (2558, 1, 120);
INSERT INTO `sys_role_permission` VALUES (2559, 1, 121);
INSERT INTO `sys_role_permission` VALUES (2560, 1, 122);
INSERT INTO `sys_role_permission` VALUES (2561, 1, 123);
INSERT INTO `sys_role_permission` VALUES (2562, 1, 124);
INSERT INTO `sys_role_permission` VALUES (2563, 1, 125);
INSERT INTO `sys_role_permission` VALUES (2564, 1, 126);
INSERT INTO `sys_role_permission` VALUES (2565, 1, 127);
INSERT INTO `sys_role_permission` VALUES (2566, 1, 128);
INSERT INTO `sys_role_permission` VALUES (2567, 1, 129);
INSERT INTO `sys_role_permission` VALUES (2568, 1, 130);
INSERT INTO `sys_role_permission` VALUES (2569, 1, 131);
INSERT INTO `sys_role_permission` VALUES (2570, 1, 132);
INSERT INTO `sys_role_permission` VALUES (2571, 1, 133);
INSERT INTO `sys_role_permission` VALUES (2572, 1, 134);
INSERT INTO `sys_role_permission` VALUES (2573, 1, 135);
INSERT INTO `sys_role_permission` VALUES (2574, 1, 136);
INSERT INTO `sys_role_permission` VALUES (2575, 1, 137);
INSERT INTO `sys_role_permission` VALUES (2576, 1, 138);
INSERT INTO `sys_role_permission` VALUES (2577, 1, 139);
INSERT INTO `sys_role_permission` VALUES (2578, 1, 140);
INSERT INTO `sys_role_permission` VALUES (2579, 1, 141);
INSERT INTO `sys_role_permission` VALUES (2580, 1, 142);
INSERT INTO `sys_role_permission` VALUES (2611, 4, 106);
INSERT INTO `sys_role_permission` VALUES (2612, 4, 107);
INSERT INTO `sys_role_permission` VALUES (2613, 4, 108);
INSERT INTO `sys_role_permission` VALUES (2614, 4, 119);
INSERT INTO `sys_role_permission` VALUES (2615, 4, 120);
INSERT INTO `sys_role_permission` VALUES (2616, 4, 112);
INSERT INTO `sys_role_permission` VALUES (2617, 4, 113);
INSERT INTO `sys_role_permission` VALUES (2618, 4, 117);
INSERT INTO `sys_role_permission` VALUES (2619, 4, 118);
INSERT INTO `sys_role_permission` VALUES (2620, 4, 1);
INSERT INTO `sys_role_permission` VALUES (2621, 4, 2);
INSERT INTO `sys_role_permission` VALUES (2622, 4, 42);
INSERT INTO `sys_role_permission` VALUES (2623, 4, 3);
INSERT INTO `sys_role_permission` VALUES (2624, 4, 50);
INSERT INTO `sys_role_permission` VALUES (2625, 4, 4);
INSERT INTO `sys_role_permission` VALUES (2626, 4, 94);
INSERT INTO `sys_role_permission` VALUES (2627, 4, 43);
INSERT INTO `sys_role_permission` VALUES (2628, 4, 44);
INSERT INTO `sys_role_permission` VALUES (2629, 4, 139);
INSERT INTO `sys_role_permission` VALUES (2630, 4, 140);
INSERT INTO `sys_role_permission` VALUES (2631, 4, 64);
INSERT INTO `sys_role_permission` VALUES (2632, 4, 52);
INSERT INTO `sys_role_permission` VALUES (2633, 4, 53);
INSERT INTO `sys_role_permission` VALUES (2634, 4, 59);
INSERT INTO `sys_role_permission` VALUES (2635, 4, 60);
INSERT INTO `sys_role_permission` VALUES (2636, 4, 76);
INSERT INTO `sys_role_permission` VALUES (2637, 4, 77);
INSERT INTO `sys_role_permission` VALUES (2638, 4, 102);
INSERT INTO `sys_role_permission` VALUES (2639, 4, 103);
INSERT INTO `sys_role_permission` VALUES (2640, 4, 99);
INSERT INTO `sys_role_permission` VALUES (2641, 4, 62);
INSERT INTO `sys_role_permission` VALUES (2642, 4, 63);
INSERT INTO `sys_role_permission` VALUES (2643, 4, 41);
INSERT INTO `sys_role_permission` VALUES (2644, 4, 51);
INSERT INTO `sys_role_permission` VALUES (2645, 4, 65);
INSERT INTO `sys_role_permission` VALUES (2646, 4, 66);
INSERT INTO `sys_role_permission` VALUES (2647, 4, 70);
INSERT INTO `sys_role_permission` VALUES (2648, 4, 71);
INSERT INTO `sys_role_permission` VALUES (2649, 4, 124);
INSERT INTO `sys_role_permission` VALUES (2650, 4, 131);
INSERT INTO `sys_role_permission` VALUES (2651, 4, 132);
INSERT INTO `sys_role_permission` VALUES (2652, 4, 129);
INSERT INTO `sys_role_permission` VALUES (2653, 4, 130);
INSERT INTO `sys_role_permission` VALUES (2654, 4, 125);
INSERT INTO `sys_role_permission` VALUES (2655, 4, 126);
INSERT INTO `sys_role_permission` VALUES (2656, 4, 127);
INSERT INTO `sys_role_permission` VALUES (2657, 4, 128);
INSERT INTO `sys_role_permission` VALUES (2658, 4, 133);
INSERT INTO `sys_role_permission` VALUES (2659, 4, 134);
INSERT INTO `sys_role_permission` VALUES (2660, 4, 135);
INSERT INTO `sys_role_permission` VALUES (2661, 4, 136);
INSERT INTO `sys_role_permission` VALUES (2662, 4, 137);
INSERT INTO `sys_role_permission` VALUES (2663, 4, 138);

-- ----------------------------
-- Table structure for sys_user_info
-- ----------------------------
DROP TABLE IF EXISTS `sys_user_info`;
CREATE TABLE `sys_user_info`  (
  `id` int(11) UNSIGNED NOT NULL AUTO_INCREMENT COMMENT 'ID',
  `account` varchar(32) CHARACTER SET utf8mb4 COLLATE utf8mb4_general_ci NULL DEFAULT NULL COMMENT '登录账号',
  `password` varchar(32) CHARACTER SET utf8mb4 COLLATE utf8mb4_general_ci NULL DEFAULT NULL COMMENT '登录密码',
  `name` varchar(32) CHARACTER SET utf8mb4 COLLATE utf8mb4_general_ci NULL DEFAULT NULL COMMENT '姓名',
  `phone` varchar(11) CHARACTER SET utf8mb4 COLLATE utf8mb4_general_ci NULL DEFAULT NULL COMMENT '电话',
  `avatar` varchar(255) CHARACTER SET utf8mb4 COLLATE utf8mb4_general_ci NULL DEFAULT NULL COMMENT '头像',
  `sex` tinyint(4) NULL DEFAULT 0 COMMENT '性别（0--未知1--男2--女）',
  `status` tinyint(4) NULL DEFAULT 0 COMMENT '状态（0--正常1--冻结）',
  `del_flag` tinyint(4) NULL DEFAULT 0 COMMENT '删除状态（0--未删除1--已删除）',
  `create_user` int(11) NULL DEFAULT 0 COMMENT '创建者',
  `create_time` datetime(0) NULL DEFAULT CURRENT_TIMESTAMP(0) COMMENT '创建时间',
  `update_user` int(11) NULL DEFAULT 0 COMMENT '更新人',
  `update_time` datetime(0) NULL DEFAULT CURRENT_TIMESTAMP(0) ON UPDATE CURRENT_TIMESTAMP(0) COMMENT '更新时间',
  PRIMARY KEY (`id`) USING BTREE
) ENGINE = InnoDB AUTO_INCREMENT = 10 CHARACTER SET = utf8mb4 COLLATE = utf8mb4_general_ci COMMENT = '用户信息表' ROW_FORMAT = Compact;

-- ----------------------------
-- Records of sys_user_info
-- ----------------------------
INSERT INTO `sys_user_info` VALUES (1, 'admin', '6a5ba91eb079ca05f46998744ed09e0b', '爱吃甜品的猫', '15286779044', 'http://47.107.233.154:9000/sbm/user_info/20200921/7e8d62a4-5b3b-4023-aa45-78699fe6cbda.png', 1, 0, 0, 0, '2020-09-06 19:40:49', 1, '2020-10-27 09:55:05');
INSERT INTO `sys_user_info` VALUES (6, '13888888888', '3d5b280149bc025b8458c0eee66d285d', '测试账号', '13888888886', 'http://47.107.233.154:9000/sbm/user_info/20201023/7b00e323-d915-401a-821b-7a05daa85b07.gif', 1, 0, 0, 1, '2020-09-30 09:35:28', 0, '2020-10-23 17:56:51');

-- ----------------------------
-- Table structure for sys_user_role
-- ----------------------------
DROP TABLE IF EXISTS `sys_user_role`;
CREATE TABLE `sys_user_role`  (
  `id` int(11) UNSIGNED NOT NULL AUTO_INCREMENT COMMENT '用户角色id',
  `user_id` int(11) NULL DEFAULT 0 COMMENT '用户id',
  `role_id` int(11) NULL DEFAULT 0 COMMENT '角色id',
  PRIMARY KEY (`id`) USING BTREE
) ENGINE = InnoDB AUTO_INCREMENT = 12 CHARACTER SET = utf8mb4 COLLATE = utf8mb4_general_ci COMMENT = '用户-角色关系表' ROW_FORMAT = Compact;

-- ----------------------------
-- Records of sys_user_role
-- ----------------------------
INSERT INTO `sys_user_role` VALUES (3, 1, 1);
INSERT INTO `sys_user_role` VALUES (4, 1, 2);
INSERT INTO `sys_user_role` VALUES (6, 3, 2);
INSERT INTO `sys_user_role` VALUES (7, 1, 3);
INSERT INTO `sys_user_role` VALUES (8, 2, 3);
INSERT INTO `sys_user_role` VALUES (9, 4, 4);
INSERT INTO `sys_user_role` VALUES (10, 5, 4);
INSERT INTO `sys_user_role` VALUES (11, 6, 4);

SET FOREIGN_KEY_CHECKS = 1;
